zone,direction,lat,lng,source_area,destination_area,road_name,road_type,highway_type,junction_type,road_width_estimate,speed_limit,traffic_signal_density,intersection_density,commercial_density,nightlife_density,hospital_density,police_station_distance,cctv_density_estimate,lighting_score,crime_score,activity_score,event_frequency,infrastructure_score,connectivity_score,isolated_area_score,road_risk_score,travel_time_estimate,congestion_score,flood_risk,weather_exposure_score,poi_density,time_risk,adjacency_count
EAST BANGALORE,Bi-directional,12.979162,77.64338,Indiranagar,Indiranagar,Sri Krishna Temple Road,tertiary,tertiary,none,7.5m,30.0,0.28,0.65,0.861,0.738,0.199,0.561,0.593,0.777,0.236,0.493,0.193,0.528,0.642,0.293,0.352,6.49,0.652,0.285,0.482,0.465,0.375,6
EAST BANGALORE,Bi-directional,12.967145,77.641492,Indiranagar,Indiranagar,100 Feet Road,primary,primary,none,7.5m,25.0,0.33,0.27,0.766,0.718,0.341,0.338,0.722,0.846,0.298,0.536,0.058,0.682,0.537,0.257,0.376,6.5,0.714,0.139,0.637,0.513,0.264,3
EAST BANGALORE,Bi-directional,12.966764,77.641805,Indiranagar,Indiranagar,15th Main Road,residential,residential,none,7.5m,30.0,0.28,0.5,0.77,0.526,0.374,0.847,0.527,0.673,0.405,0.463,0.134,0.409,0.445,0.324,0.417,6.02,0.571,0.172,0.361,0.426,0.527,5
EAST BANGALORE,Bi-directional,12.977232,77.643158,Indiranagar,Indiranagar,1st Main Road,residential,residential,none,7.5m,30.0,0.51,0.53,0.639,0.617,0.115,0.629,0.582,0.677,0.357,0.463,0.197,0.419,0.526,0.378,0.374,4.79,0.556,0.245,0.36,0.481,0.431,6
EAST BANGALORE,Bi-directional,12.973135,77.636377,Indiranagar,Indiranagar,6th Main Road,residential,residential,none,7.5m,30.0,0.48,0.57,0.749,0.547,0.245,0.693,0.503,0.596,0.399,0.437,0.176,0.389,0.513,0.301,0.436,9.33,0.551,0.23,0.377,0.44,0.491,6
EAST BANGALORE,Bi-directional,12.966673,77.636816,Indiranagar,Indiranagar,3rd Cross Road,tertiary,tertiary,none,7.5m,30.0,0.29,0.4,0.868,0.661,0.172,0.578,0.596,0.791,0.398,0.569,0.139,0.536,0.554,0.266,0.412,4.96,0.693,0.246,0.425,0.538,0.359,5
EAST BANGALORE,Bi-directional,12.978323,77.639294,Indiranagar,Indiranagar,,secondary_link,secondary_link,none,7.5m,35.0,0.34,0.5,0.76,0.726,0.461,0.857,0.56,0.74,0.366,0.44,0.127,0.53,0.628,0.307,0.383,0.85,0.691,0.236,0.291,0.446,0.446,6
EAST BANGALORE,Bi-directional,12.974613,77.637784,Indiranagar,Indiranagar,,living_street,living_street,none,7.5m,20.0,0.3,0.26,0.676,0.489,0.246,0.37,0.528,0.704,0.376,0.398,0.157,0.341,0.494,0.312,0.382,3.28,0.559,0.147,0.369,0.397,0.403,8
EAST BANGALORE,Bi-directional,12.973652,77.639618,Indiranagar,Indiranagar,,residential,residential,none,7.5m,30.0,0.16,0.56,0.638,0.579,0.137,0.393,0.599,0.577,0.408,0.378,0.099,0.419,0.507,0.359,0.404,2.41,0.497,0.27,0.35,0.405,0.413,6
EAST BANGALORE,Bi-directional,12.974645,77.633415,Indiranagar,Indiranagar,7th Cross Road,residential,residential,none,7.5m,30.0,0.54,0.44,0.754,0.551,0.082,0.797,0.599,0.643,0.301,0.399,0.112,0.499,0.517,0.372,0.391,2.76,0.515,0.151,0.403,0.443,0.464,6
EAST BANGALORE,Bi-directional,12.970454,77.636735,Indiranagar,Indiranagar,11th Main Road,residential,residential,none,7.5m,30.0,0.56,0.58,0.724,0.628,0.433,0.691,0.584,0.641,0.363,0.371,0.116,0.504,0.62,0.339,0.411,14.99,0.554,0.223,0.406,0.338,0.487,8
EAST BANGALORE,Bi-directional,12.97268,77.646471,Indiranagar,Indiranagar,9th Main Road,residential,residential,none,7.5m,30.0,0.6,0.27,0.747,0.679,0.427,0.35,0.578,0.695,0.414,0.418,0.145,0.476,0.47,0.401,0.458,9.15,0.626,0.228,0.404,0.457,0.418,6
EAST BANGALORE,Bi-directional,12.974307,77.646837,Indiranagar,Indiranagar,80 Feet Road,secondary,secondary,none,7.5m,40.0,0.37,0.2,0.866,0.674,0.077,0.491,0.608,0.795,0.368,0.477,0.152,0.647,0.544,0.255,0.362,5.4,0.676,0.248,0.458,0.5,0.402,6
EAST BANGALORE,Bi-directional,12.980142,77.645829,Indiranagar,Indiranagar,1st Main Road,residential,residential,none,7.5m,30.0,0.17,0.31,0.708,0.677,0.49,0.22,0.606,0.657,0.402,0.374,0.125,0.418,0.486,0.337,0.42,0.37,0.524,0.111,0.376,0.391,0.33,6
EAST BANGALORE,Bi-directional,12.97818,77.640825,Indiranagar,Indiranagar,100 Feet Road,primary,primary,none,7.5m,50.0,0.38,0.42,0.83,0.644,0.407,0.861,0.709,0.841,0.293,0.536,0.12,0.64,0.629,0.265,0.427,3.15,0.75,0.124,0.593,0.52,0.425,4
EAST BANGALORE,Bi-directional,12.976049,77.639656,Indiranagar,Indiranagar,10th Main Road,residential,residential,none,7.5m,30.0,0.3,0.28,0.635,0.69,0.005,0.658,0.568,0.582,0.384,0.332,0.089,0.462,0.528,0.305,0.374,4.33,0.478,0.266,0.267,0.32,0.468,8
EAST BANGALORE,Bi-directional,12.969995,77.63819,Indiranagar,Indiranagar,12th Main Road,tertiary,tertiary,none,7.5m,30.0,0.49,0.61,0.725,0.797,0.118,0.344,0.652,0.768,0.281,0.511,0.106,0.54,0.655,0.271,0.372,11.42,0.686,0.14,0.493,0.45,0.328,8
EAST BANGALORE,Bi-directional,12.973492,77.646184,Indiranagar,Indiranagar,7th Main Road,residential,residential,none,7.5m,30.0,0.54,0.27,0.673,0.556,0.401,0.615,0.529,0.594,0.48,0.411,0.125,0.5,0.46,0.324,0.429,13.59,0.517,0.277,0.378,0.459,0.483,6
EAST BANGALORE,Bi-directional,12.970218,77.641666,Indiranagar,Indiranagar,12th Main Road,tertiary,tertiary,none,7.5m,30.0,0.57,0.29,0.767,0.805,0.363,0.84,0.611,0.809,0.275,0.526,0.09,0.581,0.547,0.296,0.374,6.5,0.627,0.098,0.39,0.539,0.436,4
EAST BANGALORE,Bi-directional,12.972643,77.640806,Indiranagar,Indiranagar,Sai Baba Mandira Road,tertiary,tertiary,none,7.5m,30.0,0.51,0.34,0.833,0.655,0.107,0.433,0.588,0.771,0.359,0.546,0.132,0.551,0.577,0.298,0.439,5.79,0.711,0.232,0.511,0.533,0.395,6
EAST BANGALORE,Bi-directional,12.969711,77.644854,Indiranagar,Indiranagar,12th A Main Road,residential,residential,none,7.5m,30.0,0.44,0.31,0.664,0.613,0.499,0.368,0.534,0.665,0.4,0.433,0.187,0.409,0.55,0.335,0.447,14.35,0.603,0.283,0.394,0.438,0.363,8
EAST BANGALORE,Bi-directional,12.966657,77.640225,Indiranagar,Indiranagar,,residential,residential,none,7.5m,30.0,0.36,0.23,0.733,0.559,0.453,0.623,0.549,0.621,0.389,0.411,0.121,0.365,0.465,0.329,0.4,2.49,0.478,0.186,0.314,0.366,0.407,4
EAST BANGALORE,Bi-directional,12.969386,77.636812,Indiranagar,Indiranagar,12th A Main Road,residential,residential,none,7.5m,30.0,0.48,0.58,0.776,0.594,0.206,0.449,0.595,0.692,0.417,0.395,0.063,0.415,0.559,0.351,0.419,16.02,0.549,0.088,0.276,0.364,0.372,6
EAST BANGALORE,Bi-directional,12.978754,77.640901,Indiranagar,Indiranagar,100 Feet Road,primary,primary,none,7.5m,50.0,0.22,0.69,0.796,0.752,0.214,0.699,0.651,0.874,0.221,0.535,0.115,0.68,0.614,0.274,0.36,6.62,0.703,0.109,0.671,0.551,0.322,4
EAST BANGALORE,Bi-directional,12.978412,77.64051,Indiranagar,Indiranagar,Chinmaya Mission Hospital Road,secondary,secondary,none,7.5m,40.0,0.22,0.3,0.78,0.752,0.008,0.619,0.65,0.776,0.264,0.455,0.161,0.597,0.546,0.348,0.386,5.9,0.556,0.189,0.409,0.457,0.404,4
EAST BANGALORE,Bi-directional,12.979937,77.637065,Indiranagar,Indiranagar,Indiranagar Double Road,tertiary,tertiary,none,7.5m,30.0,0.56,0.54,0.919,0.733,0.038,0.272,0.637,0.73,0.267,0.512,0.139,0.492,0.577,0.268,0.399,3.87,0.685,0.111,0.416,0.547,0.295,6
EAST BANGALORE,Bi-directional,12.977222,77.64285,Indiranagar,Indiranagar,1st Main Road,residential,residential,none,7.5m,30.0,0.31,0.47,0.747,0.695,0.26,0.399,0.483,0.618,0.374,0.434,0.149,0.374,0.475,0.302,0.424,1.22,0.563,0.081,0.34,0.451,0.372,6
EAST BANGALORE,Bi-directional,12.967131,77.635796,Indiranagar,Indiranagar,,residential,residential,none,7.5m,30.0,0.43,0.33,0.754,0.589,0.078,0.208,0.542,0.598,0.494,0.439,0.169,0.453,0.522,0.324,0.404,4.57,0.529,0.113,0.383,0.45,0.437,6
EAST BANGALORE,Bi-directional,12.970555,77.641917,Indiranagar,Indiranagar,1st Cross Road,residential,residential,none,7.5m,30.0,0.37,0.37,0.652,0.555,0.162,0.481,0.543,0.591,0.416,0.376,0.132,0.388,0.462,0.35,0.419,5.43,0.523,0.099,0.382,0.404,0.48,6
EAST BANGALORE,Bi-directional,12.966996,77.636232,Indiranagar,Indiranagar,,residential,residential,none,7.5m,30.0,0.56,0.24,0.733,0.676,0.235,0.534,0.553,0.682,0.487,0.401,0.172,0.417,0.481,0.297,0.445,6.94,0.525,0.122,0.359,0.359,0.446,6
EAST BANGALORE,Bi-directional,12.979996,77.641287,Indiranagar,Indiranagar,5th Main Road,residential,residential,none,7.5m,30.0,0.5,0.67,0.629,0.525,0.005,0.599,0.512,0.672,0.415,0.427,0.064,0.394,0.588,0.394,0.409,2.28,0.66,0.246,0.397,0.447,0.452,6
EAST BANGALORE,Bi-directional,12.967469,77.640173,Indiranagar,Indiranagar,2nd Cross Road,residential,residential,none,7.5m,30.0,0.57,0.59,0.657,0.671,0.026,0.536,0.484,0.705,0.385,0.397,0.099,0.479,0.57,0.36,0.407,0.71,0.582,0.132,0.371,0.418,0.4,6
EAST BANGALORE,Bi-directional,12.96841,77.642727,Indiranagar,Indiranagar,1st Cross Road,residential,residential,none,7.5m,30.0,0.16,0.49,0.62,0.527,0.047,0.561,0.54,0.606,0.382,0.438,0.11,0.388,0.536,0.329,0.428,4.3,0.553,0.119,0.358,0.414,0.43,6
EAST BANGALORE,Bi-directional,12.977569,77.645774,Indiranagar,Indiranagar,1st Cross Road,residential,residential,none,7.5m,30.0,0.23,0.23,0.736,0.575,0.113,0.429,0.576,0.596,0.31,0.414,0.084,0.438,0.507,0.344,0.411,5.08,0.484,0.264,0.295,0.384,0.38,6
EAST BANGALORE,Bi-directional,12.969391,77.643552,Indiranagar,Indiranagar,4th Cross Road,residential,residential,none,7.5m,30.0,0.58,0.64,0.621,0.588,0.24,0.454,0.573,0.637,0.361,0.389,0.152,0.435,0.534,0.302,0.426,5.93,0.632,0.239,0.326,0.362,0.346,6
EAST BANGALORE,Bi-directional,12.969903,77.636935,Indiranagar,Indiranagar,12th Main Road,tertiary,tertiary,none,7.5m,30.0,0.49,0.56,0.813,0.682,0.215,0.19,0.601,0.721,0.357,0.563,0.067,0.485,0.622,0.267,0.349,11.84,0.617,0.222,0.447,0.522,0.336,6
EAST BANGALORE,Bi-directional,12.970222,77.641239,Indiranagar,Indiranagar,100 Feet Road,primary,primary,none,7.5m,50.0,0.32,0.27,0.775,0.606,0.36,0.272,0.719,0.785,0.228,0.504,0.176,0.708,0.589,0.239,0.347,0.44,0.597,0.214,0.542,0.507,0.274,4
EAST BANGALORE,Bi-directional,12.974034,77.639346,Indiranagar,Indiranagar,,living_street,living_street,none,7.5m,20.0,0.58,0.42,0.624,0.507,0.338,0.247,0.615,0.674,0.31,0.337,0.138,0.479,0.506,0.326,0.406,3.85,0.61,0.119,0.325,0.308,0.319,6
EAST BANGALORE,Bi-directional,12.972194,77.637121,Indiranagar,Indiranagar,Sai Baba Mandira Road,tertiary,tertiary,none,7.5m,30.0,0.2,0.45,0.797,0.614,0.204,0.371,0.579,0.681,0.293,0.553,0.136,0.458,0.552,0.295,0.359,3.15,0.647,0.28,0.421,0.574,0.355,6
EAST BANGALORE,Bi-directional,12.97599,77.636655,Indiranagar,Indiranagar,10th Main Road,residential,residential,none,7.5m,30.0,0.17,0.57,0.763,0.666,0.489,0.783,0.517,0.643,0.378,0.435,0.071,0.42,0.454,0.33,0.405,7.14,0.517,0.196,0.282,0.394,0.466,6
EAST BANGALORE,Bi-directional,12.972053,77.642561,Indiranagar,Indiranagar,9th Main Road,residential,residential,none,7.5m,30.0,0.36,0.69,0.769,0.607,0.281,0.689,0.501,0.632,0.467,0.406,0.178,0.447,0.552,0.324,0.444,4.16,0.567,0.264,0.345,0.36,0.463,8
EAST BANGALORE,Bi-directional,12.971981,77.646694,Indiranagar,Indiranagar,1st Main Road,residential,residential,none,7.5m,30.0,0.42,0.36,0.762,0.553,0.276,0.351,0.509,0.675,0.417,0.407,0.184,0.473,0.53,0.396,0.411,7.57,0.62,0.086,0.314,0.389,0.382,6
EAST BANGALORE,Bi-directional,12.967759,77.644875,Indiranagar,Indiranagar,2nd Cross Road,residential,residential,none,7.5m,30.0,0.15,0.4,0.743,0.538,0.407,0.667,0.578,0.631,0.402,0.325,0.085,0.369,0.439,0.346,0.398,3.92,0.466,0.179,0.299,0.301,0.425,6
EAST BANGALORE,Bi-directional,12.972601,77.639334,Indiranagar,Indiranagar,Sai Baba Mandira Road,tertiary,tertiary,none,7.5m,30.0,0.4,0.23,0.779,0.674,0.012,0.139,0.684,0.732,0.327,0.599,0.174,0.462,0.571,0.245,0.336,4.94,0.582,0.244,0.489,0.669,0.282,6
EAST BANGALORE,Bi-directional,12.976019,77.638098,Indiranagar,Indiranagar,10th Main Road,residential,residential,none,7.5m,30.0,0.28,0.7,0.63,0.588,0.307,0.13,0.543,0.655,0.327,0.34,0.128,0.354,0.622,0.376,0.421,3.26,0.562,0.234,0.391,0.324,0.329,8
EAST BANGALORE,Bi-directional,12.971125,77.633566,Indiranagar,Indiranagar,,residential,residential,none,7.5m,30.0,0.34,0.51,0.699,0.608,0.375,0.171,0.545,0.678,0.394,0.468,0.067,0.439,0.481,0.349,0.377,3.82,0.537,0.175,0.365,0.437,0.305,4
EAST BANGALORE,Bi-directional,12.978027,77.64158,Indiranagar,Indiranagar,1st Cross Road,residential,residential,none,7.5m,30.0,0.36,0.63,0.773,0.541,0.359,0.851,0.573,0.607,0.414,0.373,0.173,0.459,0.577,0.323,0.425,6.73,0.594,0.201,0.295,0.346,0.533,8
EAST BANGALORE,Bi-directional,12.973039,77.635519,Indiranagar,Indiranagar,6th Main Road,residential,residential,none,7.5m,30.0,0.36,0.28,0.655,0.704,0.218,0.732,0.509,0.601,0.335,0.363,0.174,0.406,0.514,0.362,0.428,6.62,0.565,0.127,0.364,0.352,0.498,8
EAST BANGALORE,Bi-directional,12.975692,77.642571,Indiranagar,Indiranagar,3rd Main Road,residential,residential,none,7.5m,30.0,0.55,0.49,0.652,0.572,0.401,0.892,0.499,0.672,0.402,0.326,0.117,0.407,0.574,0.372,0.402,5.92,0.589,0.125,0.377,0.334,0.514,6
EAST BANGALORE,Bi-directional,12.975389,77.64348,Indiranagar,Indiranagar,4th Cross Road,residential,residential,none,7.5m,30.0,0.33,0.38,0.748,0.604,0.402,0.243,0.506,0.594,0.314,0.447,0.056,0.361,0.559,0.365,0.4,6.65,0.564,0.155,0.308,0.477,0.392,8
EAST BANGALORE,Bi-directional,12.978966,77.642953,Indiranagar,Indiranagar,2nd Cross Road,residential,residential,none,7.5m,30.0,0.45,0.29,0.717,0.654,0.282,0.188,0.607,0.619,0.349,0.391,0.188,0.446,0.488,0.34,0.367,4.17,0.548,0.093,0.29,0.378,0.353,6
EAST BANGALORE,Bi-directional,12.96809,77.640746,Indiranagar,Indiranagar,1st Cross Road,residential,residential,none,7.5m,30.0,0.49,0.29,0.685,0.58,0.37,0.414,0.588,0.601,0.43,0.371,0.067,0.496,0.546,0.344,0.405,9.12,0.598,0.075,0.333,0.382,0.396,6
EAST BANGALORE,Bi-directional,12.974773,77.643506,Indiranagar,Indiranagar,4th Cross Road,residential,residential,none,7.5m,30.0,0.23,0.56,0.762,0.538,0.093,0.461,0.572,0.659,0.412,0.444,0.142,0.376,0.536,0.257,0.376,5.71,0.491,0.224,0.316,0.442,0.397,8
EAST BANGALORE,Bi-directional,12.967586,77.638521,Indiranagar,Indiranagar,8th Cross Road,residential,residential,none,7.5m,30.0,0.58,0.41,0.715,0.592,0.176,0.412,0.567,0.663,0.472,0.359,0.159,0.474,0.519,0.323,0.413,3.04,0.553,0.291,0.29,0.389,0.406,6
EAST BANGALORE,Bi-directional,12.974869,77.633497,Indiranagar,Indiranagar,7th Cross Road,residential,residential,none,7.5m,30.0,0.27,0.46,0.772,0.625,0.168,0.459,0.5,0.645,0.355,0.371,0.145,0.405,0.461,0.361,0.405,2.04,0.571,0.183,0.302,0.377,0.406,6
EAST BANGALORE,Bi-directional,12.972906,77.646923,Indiranagar,Indiranagar,80 Feet Road,secondary,secondary,none,7.5m,40.0,0.56,0.37,0.77,0.768,0.148,0.103,0.641,0.824,0.315,0.501,0.182,0.669,0.591,0.208,0.307,4.33,0.649,0.086,0.442,0.476,0.303,6
EAST BANGALORE,Bi-directional,12.968698,77.645242,Indiranagar,Indiranagar,13th Main Road,tertiary,tertiary,none,7.5m,25.0,0.17,0.7,0.812,0.693,0.121,0.892,0.673,0.718,0.319,0.58,0.17,0.496,0.528,0.289,0.382,7.77,0.595,0.086,0.462,0.608,0.429,4
EAST BANGALORE,Bi-directional,12.97191,77.636478,Indiranagar,Indiranagar,Sai Baba Mandira Road,tertiary,tertiary,none,7.5m,30.0,0.25,0.42,0.739,0.806,0.377,0.795,0.685,0.742,0.361,0.511,0.194,0.449,0.588,0.246,0.35,10.63,0.603,0.138,0.455,0.55,0.4,6
EAST BANGALORE,Bi-directional,12.976135,77.641037,Indiranagar,Indiranagar,100 Feet Road,primary,primary,none,7.5m,50.0,0.5,0.57,0.724,0.665,0.411,0.73,0.723,0.823,0.254,0.55,0.078,0.732,0.639,0.17,0.336,9.85,0.747,0.084,0.66,0.545,0.317,4
EAST BANGALORE,Bi-directional,12.980207,77.647356,Indiranagar,Indiranagar,,residential,residential,none,7.5m,30.0,0.12,0.26,0.647,0.655,0.408,0.249,0.494,0.557,0.452,0.354,0.054,0.413,0.424,0.387,0.402,5.78,0.449,0.08,0.285,0.395,0.457,4
EAST BANGALORE,Bi-directional,12.975139,77.633748,Indiranagar,Indiranagar,,residential,residential,none,7.5m,30.0,0.48,0.68,0.623,0.528,0.385,0.743,0.62,0.679,0.49,0.389,0.085,0.495,0.466,0.423,0.439,3.05,0.635,0.149,0.396,0.424,0.471,2
EAST BANGALORE,Bi-directional,12.966834,77.640953,Indiranagar,Indiranagar,,residential,residential,none,7.5m,30.0,0.27,0.27,0.66,0.688,0.287,0.566,0.528,0.61,0.475,0.356,0.075,0.406,0.403,0.4,0.466,2.71,0.562,0.107,0.331,0.33,0.525,2
EAST BANGALORE,Bi-directional,12.966844,77.636311,Indiranagar,Indiranagar,3 A Cross Road,residential,residential,none,7.5m,30.0,0.23,0.64,0.7,0.562,0.116,0.793,0.521,0.624,0.404,0.334,0.133,0.354,0.472,0.393,0.482,6.93,0.579,0.282,0.386,0.357,0.463,6
EAST BANGALORE,Bi-directional,12.974958,77.63396,Indiranagar,Indiranagar,1st Cross Road,residential,residential,none,7.5m,30.0,0.17,0.32,0.659,0.583,0.225,0.757,0.504,0.647,0.457,0.357,0.157,0.387,0.501,0.312,0.403,0.68,0.483,0.103,0.369,0.366,0.516,6
EAST BANGALORE,Bi-directional,12.973321,77.646967,Indiranagar,Indiranagar,80 Feet Road,secondary,secondary,none,7.5m,40.0,0.41,0.37,0.72,0.702,0.007,0.529,0.576,0.775,0.204,0.476,0.189,0.613,0.522,0.239,0.366,4.0,0.69,0.251,0.465,0.48,0.302,4
EAST BANGALORE,Bi-directional,12.969446,77.645603,Indiranagar,Indiranagar,8th Cross Road,residential,residential,none,7.5m,30.0,0.21,0.31,0.693,0.7,0.242,0.63,0.567,0.63,0.438,0.455,0.091,0.36,0.496,0.394,0.398,5.7,0.485,0.171,0.369,0.457,0.449,6
EAST BANGALORE,Bi-directional,12.9747,77.641717,Indiranagar,Indiranagar,1st Cross Road,residential,residential,none,7.5m,30.0,0.53,0.49,0.642,0.587,0.367,0.341,0.552,0.648,0.378,0.321,0.192,0.508,0.517,0.414,0.417,5.73,0.638,0.074,0.377,0.348,0.379,6
EAST BANGALORE,Bi-directional,12.971847,77.635005,Indiranagar,Indiranagar,13th Cross Road,residential,residential,none,7.5m,30.0,0.49,0.7,0.632,0.563,0.131,0.552,0.518,0.626,0.363,0.363,0.183,0.414,0.628,0.313,0.404,4.14,0.632,0.19,0.371,0.373,0.388,8
EAST BANGALORE,Bi-directional,12.966903,77.637089,Indiranagar,Indiranagar,12th Cross Road,tertiary,tertiary,none,7.5m,30.0,0.51,0.39,0.914,0.821,0.397,0.443,0.583,0.69,0.323,0.557,0.121,0.584,0.562,0.264,0.336,0.58,0.589,0.07,0.401,0.562,0.309,6
EAST BANGALORE,Bi-directional,12.978397,77.633134,Indiranagar,Indiranagar,17th F Cross,residential,residential,none,7.5m,30.0,0.35,0.23,0.697,0.672,0.46,0.243,0.55,0.622,0.327,0.439,0.054,0.405,0.411,0.435,0.431,4.08,0.574,0.137,0.339,0.391,0.34,3
EAST BANGALORE,Bi-directional,12.969656,77.64278,Indiranagar,Indiranagar,12th A Main,residential,residential,none,7.5m,30.0,0.6,0.44,0.752,0.645,0.02,0.218,0.539,0.626,0.406,0.414,0.172,0.41,0.493,0.354,0.401,14.84,0.589,0.072,0.392,0.409,0.384,6
EAST BANGALORE,Bi-directional,12.978255,77.636661,Indiranagar,Indiranagar,Indiranagar Double Road,tertiary,tertiary,none,7.5m,30.0,0.55,0.53,0.758,0.702,0.311,0.549,0.595,0.739,0.374,0.467,0.146,0.551,0.523,0.269,0.426,0.75,0.664,0.112,0.461,0.513,0.399,4
EAST BANGALORE,Bi-directional,12.970832,77.642148,Indiranagar,Indiranagar,11th Main Road,residential,residential,none,7.5m,30.0,0.24,0.39,0.695,0.6,0.391,0.365,0.518,0.665,0.483,0.392,0.064,0.407,0.5,0.304,0.417,4.84,0.525,0.259,0.284,0.412,0.39,6
EAST BANGALORE,Bi-directional,12.970143,77.635971,Indiranagar,Indiranagar,Indiranagar Double Road,tertiary,tertiary,none,7.5m,30.0,0.14,0.37,0.742,0.819,0.016,0.409,0.688,0.698,0.287,0.524,0.076,0.505,0.535,0.221,0.396,5.41,0.623,0.167,0.509,0.468,0.348,6
EAST BANGALORE,Bi-directional,12.973306,77.639486,Indiranagar,Indiranagar,3rd Cross Road,residential,residential,none,7.5m,30.0,0.16,0.5,0.686,0.535,0.491,0.353,0.592,0.545,0.354,0.321,0.132,0.379,0.402,0.459,0.439,1.39,0.564,0.221,0.431,0.351,0.459,2
EAST BANGALORE,Bi-directional,12.979662,77.646855,Indiranagar,Indiranagar,1st Main Road,residential,residential,none,7.5m,30.0,0.17,0.28,0.756,0.663,0.22,0.556,0.536,0.596,0.415,0.39,0.144,0.335,0.487,0.362,0.434,14.94,0.571,0.088,0.347,0.421,0.503,6
EAST BANGALORE,Bi-directional,12.970705,77.647375,Indiranagar,Indiranagar,80 Feet Road,secondary,secondary,none,7.5m,40.0,0.31,0.33,0.87,0.718,0.461,0.164,0.665,0.729,0.224,0.51,0.105,0.623,0.611,0.227,0.346,5.36,0.601,0.199,0.45,0.516,0.251,6
EAST BANGALORE,Bi-directional,12.974195,77.635389,Indiranagar,Indiranagar,13th Cross Road,residential,residential,none,7.5m,30.0,0.11,0.45,0.704,0.701,0.236,0.143,0.587,0.621,0.363,0.367,0.187,0.373,0.506,0.316,0.39,24.31,0.541,0.195,0.308,0.325,0.33,6
EAST BANGALORE,Bi-directional,12.972041,77.642092,Indiranagar,Indiranagar,9th Main Road,residential,residential,none,7.5m,30.0,0.14,0.3,0.665,0.626,0.136,0.683,0.493,0.621,0.492,0.412,0.091,0.348,0.553,0.274,0.447,5.02,0.539,0.064,0.332,0.418,0.523,8
EAST BANGALORE,Bi-directional,12.968401,77.636241,Indiranagar,Indiranagar,,residential,residential,none,7.5m,30.0,0.12,0.63,0.741,0.575,0.051,0.502,0.609,0.656,0.44,0.396,0.152,0.42,0.491,0.404,0.448,0.41,0.574,0.3,0.418,0.354,0.498,4
EAST BANGALORE,Bi-directional,12.979971,77.639914,Indiranagar,Indiranagar,5th Main Road,residential,residential,none,7.5m,30.0,0.27,0.21,0.725,0.667,0.294,0.762,0.555,0.646,0.401,0.391,0.11,0.35,0.428,0.395,0.453,4.57,0.521,0.171,0.317,0.374,0.536,6
EAST BANGALORE,Bi-directional,12.967677,77.637876,Indiranagar,Indiranagar,10th Cross Road,residential,residential,none,7.5m,30.0,0.12,0.23,0.696,0.705,0.356,0.567,0.566,0.607,0.328,0.453,0.176,0.32,0.465,0.344,0.415,5.21,0.49,0.28,0.315,0.467,0.431,6
EAST BANGALORE,Bi-directional,12.976605,77.637302,Indiranagar,Indiranagar,9th Cross Road,residential,residential,none,7.5m,30.0,0.22,0.23,0.697,0.69,0.191,0.101,0.569,0.666,0.484,0.474,0.178,0.387,0.492,0.368,0.423,12.06,0.557,0.095,0.402,0.521,0.381,6
EAST BANGALORE,Bi-directional,12.971136,77.641284,Indiranagar,Indiranagar,100 Feet Road,primary,primary,none,7.5m,50.0,0.48,0.44,0.747,0.616,0.484,0.182,0.679,0.818,0.107,0.539,0.129,0.727,0.609,0.208,0.339,17.72,0.669,0.154,0.586,0.521,0.253,4
EAST BANGALORE,Bi-directional,12.977393,77.635919,Indiranagar,Indiranagar,13th Cross Road,residential,residential,none,7.5m,30.0,0.39,0.25,0.674,0.587,0.332,0.698,0.576,0.576,0.306,0.39,0.161,0.429,0.407,0.395,0.444,16.55,0.497,0.148,0.417,0.424,0.459,4
EAST BANGALORE,Bi-directional,12.974673,77.647617,Indiranagar,Indiranagar,1st Cross Road,residential,residential,none,7.5m,30.0,0.17,0.6,0.704,0.662,0.373,0.441,0.572,0.562,0.324,0.36,0.185,0.432,0.428,0.379,0.384,6.93,0.554,0.23,0.327,0.396,0.388,4
EAST BANGALORE,Bi-directional,12.978338,77.640867,Indiranagar,Indiranagar,Chinmaya Mission Hospital Road,secondary,secondary,none,7.5m,40.0,0.46,0.3,0.71,0.718,0.392,0.149,0.603,0.806,0.317,0.47,0.198,0.575,0.561,0.231,0.31,0.98,0.619,0.061,0.377,0.416,0.326,4
EAST BANGALORE,Bi-directional,12.969514,77.638623,Indiranagar,Indiranagar,12th A Main Road,residential,residential,none,7.5m,30.0,0.44,0.54,0.713,0.525,0.418,0.627,0.561,0.637,0.5,0.434,0.148,0.488,0.513,0.344,0.463,3.6,0.514,0.058,0.405,0.407,0.514,6
EAST BANGALORE,Bi-directional,12.974037,77.638574,Indiranagar,Indiranagar,,living_street,living_street,none,7.5m,20.0,0.23,0.39,0.654,0.512,0.16,0.23,0.627,0.608,0.362,0.362,0.105,0.293,0.52,0.349,0.404,1.71,0.465,0.176,0.306,0.38,0.329,8
EAST BANGALORE,Bi-directional,12.975914,77.635255,Indiranagar,Indiranagar,14th Cross Road,residential,residential,none,7.5m,30.0,0.57,0.67,0.688,0.539,0.302,0.522,0.605,0.662,0.41,0.412,0.123,0.41,0.566,0.29,0.448,3.08,0.641,0.275,0.359,0.437,0.379,6
EAST BANGALORE,Bi-directional,12.977682,77.641298,Indiranagar,Indiranagar,Old Syndicate Bank Road,residential,residential,none,7.5m,30.0,0.31,0.37,0.672,0.556,0.474,0.784,0.577,0.593,0.363,0.422,0.14,0.364,0.565,0.309,0.437,5.81,0.613,0.2,0.272,0.411,0.509,8
EAST BANGALORE,Bi-directional,12.973189,77.636905,Indiranagar,Indiranagar,6th Main Road,residential,residential,none,7.5m,30.0,0.5,0.52,0.722,0.579,0.156,0.867,0.52,0.673,0.357,0.373,0.064,0.39,0.506,0.395,0.406,1.03,0.58,0.19,0.386,0.387,0.479,6
EAST BANGALORE,Bi-directional,12.969572,77.639492,Indiranagar,Indiranagar,12th A Main Road,residential,residential,none,7.5m,30.0,0.32,0.41,0.699,0.701,0.288,0.608,0.535,0.628,0.423,0.356,0.186,0.404,0.526,0.388,0.392,4.49,0.5,0.075,0.311,0.366,0.493,6
EAST BANGALORE,Bi-directional,12.968363,77.638304,Indiranagar,Indiranagar,13th Main Road,tertiary,tertiary,none,7.5m,30.0,0.54,0.47,0.744,0.76,0.268,0.159,0.597,0.754,0.217,0.527,0.117,0.59,0.676,0.238,0.344,4.13,0.714,0.068,0.49,0.557,0.215,8
EAST BANGALORE,Bi-directional,12.971253,77.643254,Indiranagar,Indiranagar,4th Cross Road,residential,residential,none,7.5m,30.0,0.22,0.52,0.68,0.533,0.465,0.111,0.594,0.599,0.468,0.464,0.185,0.425,0.521,0.272,0.41,7.88,0.516,0.253,0.394,0.488,0.319,8
EAST BANGALORE,Bi-directional,12.973373,77.64249,Indiranagar,Indiranagar,7th Main Road,residential,residential,none,7.5m,30.0,0.41,0.34,0.63,0.635,0.216,0.405,0.579,0.65,0.422,0.404,0.166,0.455,0.47,0.394,0.472,4.1,0.621,0.156,0.287,0.364,0.45,6
EAST BANGALORE,Bi-directional,12.973487,77.634434,Indiranagar,Indiranagar,15th Cross Road,residential,residential,none,7.5m,30.0,0.14,0.21,0.681,0.603,0.308,0.54,0.605,0.599,0.376,0.398,0.079,0.312,0.437,0.306,0.435,12.69,0.514,0.13,0.317,0.365,0.474,6
EAST BANGALORE,Bi-directional,12.972823,77.637638,Indiranagar,Indiranagar,4th Cross Road,living_street,living_street,none,7.5m,20.0,0.51,0.27,0.66,0.618,0.191,0.175,0.512,0.62,0.388,0.329,0.072,0.45,0.561,0.288,0.424,8.64,0.512,0.261,0.362,0.3,0.356,8
EAST BANGALORE,Bi-directional,12.996291,77.692752,Mahadevapura,Mahadevapura,,tertiary,tertiary,none,7.5m,30.0,0.55,0.53,0.603,0.29,0.153,0.827,0.506,0.657,0.382,0.427,0.093,0.551,0.654,0.37,0.478,2.28,0.683,0.272,0.512,0.433,0.452,6
EAST BANGALORE,Bi-directional,12.999138,77.685942,Mahadevapura,Mahadevapura,5th Cross Road,residential,residential,none,7.5m,30.0,0.53,0.45,0.462,0.219,0.419,0.581,0.503,0.528,0.339,0.366,0.144,0.442,0.575,0.445,0.468,2.44,0.577,0.264,0.42,0.328,0.481,8
EAST BANGALORE,Bi-directional,12.991208,77.688997,Mahadevapura,Mahadevapura,,residential,residential,none,7.5m,30.0,0.28,0.63,0.463,0.209,0.447,0.569,0.412,0.526,0.469,0.298,0.079,0.349,0.569,0.393,0.427,3.58,0.465,0.27,0.286,0.274,0.463,8
EAST BANGALORE,Bi-directional,12.989982,77.698035,Mahadevapura,Mahadevapura,Goshala Road,tertiary,tertiary,none,7.5m,30.0,0.14,0.48,0.614,0.291,0.032,0.279,0.525,0.649,0.278,0.383,0.12,0.471,0.542,0.325,0.418,1.72,0.599,0.289,0.483,0.394,0.361,6
EAST BANGALORE,Bi-directional,12.997494,77.690408,Mahadevapura,Mahadevapura,Whitefield Road,primary,primary,none,7.5m,50.0,0.33,0.66,0.509,0.212,0.434,0.841,0.627,0.785,0.228,0.507,0.191,0.688,0.712,0.347,0.377,23.1,0.699,0.168,0.659,0.483,0.473,6
EAST BANGALORE,Bi-directional,12.993447,77.696675,Mahadevapura,Mahadevapura,,residential,residential,none,7.5m,30.0,0.37,0.37,0.54,0.257,0.252,0.296,0.396,0.496,0.43,0.269,0.169,0.467,0.464,0.508,0.504,5.19,0.516,0.289,0.416,0.251,0.487,6
EAST BANGALORE,Bi-directional,12.996166,77.693205,Mahadevapura,Mahadevapura,,tertiary,tertiary,none,7.5m,30.0,0.53,0.45,0.604,0.3,0.256,0.76,0.555,0.628,0.284,0.452,0.112,0.539,0.63,0.388,0.403,2.74,0.626,0.255,0.422,0.423,0.427,6
EAST BANGALORE,Bi-directional,12.994392,77.692315,Mahadevapura,Mahadevapura,,residential,residential,none,7.5m,30.0,0.35,0.41,0.515,0.232,0.283,0.405,0.451,0.499,0.348,0.383,0.138,0.37,0.501,0.46,0.471,5.95,0.445,0.201,0.42,0.357,0.409,6
EAST BANGALORE,Bi-directional,12.993458,77.693438,Mahadevapura,Mahadevapura,,residential,residential,none,7.5m,30.0,0.43,0.64,0.481,0.239,0.02,0.651,0.448,0.541,0.401,0.36,0.165,0.396,0.6,0.463,0.496,2.67,0.482,0.233,0.432,0.371,0.492,8
EAST BANGALORE,Bi-directional,12.997151,77.686777,Mahadevapura,Mahadevapura,3rd Cross Road,residential,residential,none,7.5m,30.0,0.17,0.67,0.543,0.194,0.036,0.212,0.474,0.547,0.472,0.396,0.108,0.34,0.605,0.419,0.443,13.13,0.548,0.293,0.38,0.364,0.391,8
EAST BANGALORE,Bi-directional,12.995013,77.6968,Mahadevapura,Mahadevapura,,residential,residential,none,7.5m,30.0,0.19,0.34,0.548,0.221,0.274,0.785,0.405,0.476,0.362,0.32,0.195,0.43,0.39,0.512,0.472,3.75,0.422,0.067,0.362,0.309,0.554,4
EAST BANGALORE,Bi-directional,12.996945,77.6864,Mahadevapura,Mahadevapura,4th Cross Road,residential,residential,none,7.5m,30.0,0.24,0.21,0.466,0.251,0.469,0.888,0.418,0.504,0.304,0.37,0.145,0.43,0.435,0.435,0.418,9.72,0.435,0.245,0.377,0.387,0.551,6
EAST BANGALORE,Bi-directional,12.99448,77.698474,Mahadevapura,Mahadevapura,,residential,residential,none,7.5m,30.0,0.23,0.52,0.497,0.192,0.163,0.552,0.423,0.578,0.332,0.306,0.162,0.429,0.439,0.439,0.452,6.48,0.506,0.292,0.297,0.307,0.477,4
EAST BANGALORE,Bi-directional,12.990134,77.68701,Mahadevapura,Mahadevapura,Kaggadasapura To outer Ring Road,tertiary,tertiary,none,7.5m,30.0,0.54,0.52,0.638,0.247,0.063,0.674,0.589,0.602,0.364,0.393,0.186,0.581,0.638,0.412,0.443,0.76,0.58,0.247,0.518,0.402,0.491,6
EAST BANGALORE,Bi-directional,12.990486,77.6882,Mahadevapura,Mahadevapura,ORR Service Road,tertiary,tertiary,none,7.5m,30.0,0.18,0.66,0.525,0.252,0.401,0.405,0.577,0.627,0.305,0.485,0.131,0.423,0.49,0.41,0.469,3.13,0.639,0.149,0.422,0.456,0.39,4
EAST BANGALORE,Bi-directional,12.993113,77.693948,Mahadevapura,Mahadevapura,,residential,residential,none,7.5m,30.0,0.51,0.28,0.471,0.237,0.438,0.709,0.451,0.568,0.467,0.261,0.133,0.47,0.588,0.398,0.483,2.02,0.555,0.27,0.327,0.288,0.494,8
EAST BANGALORE,Bi-directional,12.991587,77.69215,Mahadevapura,Mahadevapura,,residential,residential,none,7.5m,30.0,0.42,0.6,0.549,0.239,0.075,0.897,0.485,0.505,0.414,0.401,0.11,0.449,0.532,0.445,0.458,2.32,0.59,0.081,0.31,0.393,0.572,6
EAST BANGALORE,Bi-directional,12.989797,77.698358,Mahadevapura,Mahadevapura,,residential,residential,none,7.5m,30.0,0.36,0.41,0.493,0.196,0.175,0.776,0.453,0.46,0.418,0.312,0.11,0.38,0.397,0.552,0.47,4.14,0.44,0.292,0.411,0.296,0.565,2
EAST BANGALORE,Bi-directional,12.993684,77.688797,Mahadevapura,Mahadevapura,,residential,residential,none,7.5m,30.0,0.32,0.52,0.549,0.206,0.006,0.102,0.415,0.48,0.461,0.361,0.149,0.412,0.407,0.478,0.487,4.95,0.502,0.12,0.379,0.396,0.407,2
EAST BANGALORE,Bi-directional,12.990903,77.689807,Mahadevapura,Mahadevapura,,residential,residential,none,7.5m,30.0,0.18,0.66,0.481,0.247,0.462,0.438,0.406,0.562,0.483,0.31,0.164,0.394,0.471,0.477,0.475,3.61,0.562,0.295,0.394,0.322,0.51,6
EAST BANGALORE,Bi-directional,12.993242,77.688095,Mahadevapura,Mahadevapura,,residential,residential,none,7.5m,30.0,0.19,0.67,0.498,0.204,0.018,0.763,0.445,0.447,0.427,0.294,0.065,0.434,0.492,0.403,0.441,1.85,0.491,0.058,0.292,0.302,0.528,6
EAST BANGALORE,Bi-directional,12.994683,77.6907,Mahadevapura,Mahadevapura,,residential,residential,none,7.5m,30.0,0.32,0.36,0.49,0.211,0.015,0.434,0.418,0.488,0.365,0.342,0.057,0.365,0.519,0.461,0.456,1.92,0.523,0.079,0.345,0.374,0.428,6
EAST BANGALORE,Bi-directional,12.993063,77.696714,Mahadevapura,Mahadevapura,,residential,residential,none,7.5m,30.0,0.24,0.28,0.49,0.202,0.067,0.539,0.493,0.464,0.462,0.286,0.071,0.444,0.523,0.48,0.485,3.36,0.489,0.282,0.353,0.256,0.524,8
EAST BANGALORE,Bi-directional,12.994038,77.694774,Mahadevapura,Mahadevapura,,residential,residential,none,7.5m,30.0,0.14,0.65,0.545,0.242,0.063,0.542,0.428,0.467,0.484,0.347,0.161,0.419,0.572,0.452,0.482,9.7,0.487,0.119,0.376,0.375,0.499,8
EAST BANGALORE,Bi-directional,12.991902,77.696065,Mahadevapura,Mahadevapura,,residential,residential,none,7.5m,30.0,0.53,0.42,0.518,0.193,0.055,0.413,0.449,0.55,0.412,0.32,0.09,0.497,0.454,0.556,0.454,1.7,0.497,0.191,0.324,0.334,0.51,2
EAST BANGALORE,Bi-directional,12.994084,77.690451,Mahadevapura,Mahadevapura,4th Cross Road,residential,residential,none,7.5m,30.0,0.21,0.4,0.548,0.212,0.102,0.602,0.43,0.479,0.368,0.357,0.176,0.332,0.442,0.469,0.438,7.22,0.505,0.067,0.385,0.345,0.451,6
EAST BANGALORE,Bi-directional,12.992422,77.696165,Mahadevapura,Mahadevapura,,residential,residential,none,7.5m,30.0,0.38,0.61,0.475,0.227,0.41,0.566,0.493,0.556,0.368,0.38,0.192,0.391,0.524,0.429,0.414,1.24,0.486,0.29,0.342,0.358,0.504,6
EAST BANGALORE,Bi-directional,12.991293,77.692052,Mahadevapura,Mahadevapura,,residential,residential,none,7.5m,30.0,0.17,0.6,0.554,0.192,0.47,0.708,0.504,0.522,0.333,0.275,0.093,0.402,0.493,0.472,0.482,3.87,0.554,0.264,0.422,0.249,0.507,6
EAST BANGALORE,Bi-directional,12.992347,77.691422,Mahadevapura,Mahadevapura,,residential,residential,none,7.5m,30.0,0.23,0.21,0.52,0.256,0.466,0.856,0.455,0.574,0.448,0.351,0.138,0.37,0.483,0.384,0.443,2.81,0.484,0.078,0.342,0.388,0.491,8
EAST BANGALORE,Bi-directional,12.998303,77.685781,Mahadevapura,Mahadevapura,5th Cross Road,residential,residential,none,7.5m,30.0,0.54,0.28,0.451,0.25,0.038,0.545,0.41,0.499,0.416,0.362,0.064,0.396,0.551,0.441,0.443,1.18,0.468,0.119,0.304,0.331,0.456,6
EAST BANGALORE,Bi-directional,12.994895,77.697656,Mahadevapura,Mahadevapura,,residential,residential,none,7.5m,30.0,0.42,0.54,0.485,0.235,0.264,0.222,0.485,0.596,0.428,0.312,0.138,0.464,0.515,0.474,0.493,3.8,0.564,0.116,0.31,0.294,0.475,4
EAST BANGALORE,Bi-directional,12.992708,77.69489,Mahadevapura,Mahadevapura,1st Main Road,residential,residential,none,7.5m,30.0,0.12,0.24,0.465,0.221,0.06,0.172,0.412,0.524,0.484,0.326,0.151,0.309,0.44,0.448,0.498,1.73,0.45,0.229,0.326,0.341,0.442,6
EAST BANGALORE,Bi-directional,12.992996,77.696878,Mahadevapura,Mahadevapura,R.H.B. Colony 1st Main Road,residential,residential,none,7.5m,30.0,0.42,0.27,0.464,0.202,0.203,0.738,0.416,0.511,0.313,0.323,0.124,0.426,0.537,0.429,0.395,0.61,0.463,0.261,0.321,0.339,0.526,6
EAST BANGALORE,Bi-directional,12.99175,77.689342,Mahadevapura,Mahadevapura,Maheshwari Temple Road,tertiary,tertiary,none,7.5m,30.0,0.27,0.54,0.641,0.268,0.209,0.515,0.543,0.654,0.348,0.372,0.185,0.543,0.538,0.362,0.461,2.66,0.655,0.276,0.514,0.342,0.461,6
EAST BANGALORE,Bi-directional,12.993743,77.691053,Mahadevapura,Mahadevapura,,residential,residential,none,7.5m,30.0,0.46,0.69,0.55,0.207,0.339,0.42,0.411,0.59,0.334,0.341,0.143,0.429,0.651,0.389,0.398,2.87,0.585,0.087,0.381,0.367,0.399,8
EAST BANGALORE,Bi-directional,12.990187,77.69923,Mahadevapura,Mahadevapura,Goshala Road,tertiary,tertiary,none,7.5m,30.0,0.4,0.37,0.513,0.275,0.333,0.131,0.478,0.61,0.341,0.377,0.056,0.571,0.611,0.346,0.421,2.24,0.601,0.27,0.41,0.378,0.351,6
EAST BANGALORE,Bi-directional,12.990121,77.699503,Mahadevapura,Mahadevapura,Goshala Road,tertiary,tertiary,none,7.5m,30.0,0.13,0.25,0.53,0.236,0.097,0.708,0.51,0.653,0.357,0.415,0.111,0.451,0.507,0.371,0.414,3.26,0.587,0.115,0.523,0.45,0.477,6
EAST BANGALORE,Bi-directional,12.996086,77.692345,Mahadevapura,Mahadevapura,,residential,residential,none,7.5m,30.0,0.42,0.64,0.469,0.24,0.473,0.106,0.447,0.532,0.397,0.288,0.15,0.408,0.435,0.462,0.428,6.44,0.548,0.162,0.307,0.259,0.439,2
EAST BANGALORE,Bi-directional,12.996478,77.692668,Mahadevapura,Mahadevapura,Whitefield Road,primary,primary,none,7.5m,50.0,0.39,0.61,0.572,0.227,0.238,0.595,0.655,0.748,0.212,0.492,0.082,0.64,0.679,0.378,0.428,15.02,0.651,0.222,0.684,0.438,0.374,4
EAST BANGALORE,Bi-directional,12.993856,77.689032,Mahadevapura,Mahadevapura,1st Main Road,residential,residential,none,7.5m,30.0,0.17,0.21,0.508,0.225,0.431,0.229,0.421,0.565,0.393,0.279,0.104,0.359,0.498,0.37,0.417,3.25,0.416,0.173,0.292,0.288,0.446,8
EAST BANGALORE,Bi-directional,12.98982,77.690632,Mahadevapura,Mahadevapura,,residential,residential,none,7.5m,30.0,0.44,0.51,0.503,0.202,0.195,0.528,0.441,0.527,0.446,0.375,0.196,0.416,0.509,0.48,0.457,5.28,0.482,0.124,0.349,0.344,0.511,6
EAST BANGALORE,Bi-directional,12.990606,77.687677,Mahadevapura,Mahadevapura,Service Road,tertiary,tertiary,none,7.5m,30.0,0.58,0.6,0.594,0.245,0.447,0.806,0.574,0.715,0.252,0.42,0.188,0.595,0.58,0.361,0.435,10.58,0.637,0.235,0.507,0.423,0.48,4
EAST BANGALORE,Bi-directional,12.998173,77.688909,Mahadevapura,Mahadevapura,Whitefield Road,primary,primary,none,7.5m,50.0,0.57,0.66,0.585,0.236,0.391,0.818,0.638,0.728,0.195,0.454,0.099,0.776,0.638,0.379,0.369,10.4,0.678,0.233,0.61,0.401,0.385,4
EAST BANGALORE,Bi-directional,12.99911,77.685582,Mahadevapura,Mahadevapura,,residential,residential,none,7.5m,30.0,0.24,0.22,0.468,0.222,0.39,0.327,0.445,0.562,0.408,0.327,0.072,0.331,0.486,0.435,0.409,2.71,0.508,0.237,0.304,0.349,0.435,8
EAST BANGALORE,Bi-directional,12.992883,77.692122,Mahadevapura,Mahadevapura,,residential,residential,none,7.5m,30.0,0.2,0.4,0.45,0.259,0.018,0.346,0.461,0.521,0.479,0.278,0.107,0.335,0.461,0.503,0.477,10.83,0.476,0.234,0.411,0.305,0.457,6
EAST BANGALORE,Bi-directional,12.990457,77.68647,Mahadevapura,Mahadevapura,,residential,residential,none,7.5m,30.0,0.43,0.38,0.508,0.214,0.497,0.6,0.465,0.501,0.344,0.318,0.093,0.445,0.531,0.491,0.483,3.17,0.527,0.265,0.395,0.344,0.537,6
EAST BANGALORE,Bi-directional,12.998049,77.687237,Mahadevapura,Mahadevapura,B Narayanapura Road,residential,residential,none,7.5m,30.0,0.12,0.24,0.551,0.197,0.226,0.515,0.416,0.489,0.366,0.34,0.148,0.369,0.445,0.473,0.479,2.91,0.501,0.217,0.42,0.377,0.453,6
EAST BANGALORE,Bi-directional,12.990817,77.690286,Mahadevapura,Mahadevapura,,residential,residential,none,7.5m,30.0,0.37,0.67,0.52,0.227,0.421,0.293,0.404,0.511,0.407,0.37,0.131,0.397,0.536,0.4,0.459,6.98,0.606,0.087,0.372,0.406,0.445,6
EAST BANGALORE,Bi-directional,12.993824,77.697364,Mahadevapura,Mahadevapura,R.H.B. Colony 4th Cross Road,residential,residential,none,7.5m,30.0,0.47,0.58,0.542,0.213,0.443,0.432,0.478,0.5,0.307,0.31,0.097,0.415,0.56,0.42,0.418,7.08,0.518,0.129,0.296,0.306,0.392,8
EAST BANGALORE,Bi-directional,12.997758,77.692717,Mahadevapura,Mahadevapura,1st Main Road,residential,residential,none,7.5m,30.0,0.51,0.61,0.542,0.25,0.398,0.316,0.429,0.495,0.452,0.293,0.145,0.414,0.512,0.426,0.479,0.55,0.608,0.133,0.376,0.286,0.43,6
EAST BANGALORE,Bi-directional,12.991922,77.695753,Mahadevapura,Mahadevapura,,residential,residential,none,7.5m,30.0,0.55,0.61,0.462,0.205,0.453,0.578,0.423,0.53,0.419,0.337,0.125,0.462,0.449,0.553,0.491,6.11,0.596,0.064,0.425,0.369,0.505,2
EAST BANGALORE,Bi-directional,12.993662,77.694217,Mahadevapura,Mahadevapura,,residential,residential,none,7.5m,30.0,0.14,0.4,0.517,0.249,0.122,0.598,0.448,0.437,0.396,0.309,0.117,0.309,0.441,0.497,0.441,2.65,0.414,0.23,0.311,0.341,0.55,6
EAST BANGALORE,Bi-directional,12.991426,77.688923,Mahadevapura,Mahadevapura,,residential,residential,none,7.5m,30.0,0.54,0.64,0.538,0.236,0.134,0.366,0.402,0.5,0.355,0.27,0.083,0.479,0.622,0.402,0.395,2.8,0.531,0.271,0.301,0.301,0.409,8
EAST BANGALORE,Bi-directional,12.990874,77.69854,Mahadevapura,Mahadevapura,,residential,residential,none,7.5m,30.0,0.31,0.43,0.448,0.204,0.384,0.614,0.417,0.554,0.324,0.349,0.055,0.386,0.491,0.465,0.459,2.87,0.463,0.087,0.389,0.371,0.507,6
EAST BANGALORE,Bi-directional,12.997574,77.694596,Mahadevapura,Mahadevapura,,residential,residential,none,7.5m,30.0,0.33,0.26,0.513,0.219,0.349,0.874,0.439,0.549,0.335,0.313,0.083,0.403,0.499,0.43,0.474,9.2,0.509,0.285,0.398,0.291,0.554,6
EAST BANGALORE,Bi-directional,12.997533,77.687092,Mahadevapura,Mahadevapura,2nd Cross Road,residential,residential,none,7.5m,30.0,0.2,0.37,0.468,0.224,0.426,0.201,0.49,0.534,0.375,0.329,0.074,0.382,0.471,0.469,0.441,10.59,0.488,0.217,0.344,0.364,0.463,6
EAST BANGALORE,Bi-directional,12.992834,77.695207,Mahadevapura,Mahadevapura,,residential,residential,none,7.5m,30.0,0.49,0.65,0.533,0.226,0.058,0.288,0.489,0.523,0.468,0.318,0.196,0.404,0.468,0.517,0.484,5.74,0.553,0.149,0.406,0.352,0.493,2
EAST BANGALORE,Bi-directional,12.98976,77.699446,Mahadevapura,Mahadevapura,,residential,residential,none,7.5m,30.0,0.21,0.31,0.462,0.218,0.086,0.651,0.436,0.569,0.383,0.33,0.06,0.433,0.32,0.503,0.476,1.9,0.516,0.237,0.324,0.343,0.525,2
EAST BANGALORE,Bi-directional,12.991668,77.686327,Mahadevapura,Mahadevapura,,residential,residential,none,7.5m,30.0,0.11,0.39,0.48,0.231,0.233,0.12,0.442,0.533,0.5,0.317,0.103,0.392,0.515,0.484,0.432,4.5,0.454,0.101,0.359,0.344,0.453,6
EAST BANGALORE,Bi-directional,12.989984,77.697846,Mahadevapura,Mahadevapura,Goshala Road,tertiary,tertiary,none,7.5m,30.0,0.54,0.68,0.605,0.281,0.489,0.359,0.576,0.596,0.332,0.435,0.189,0.584,0.605,0.346,0.421,1.96,0.623,0.17,0.504,0.441,0.346,6
EAST BANGALORE,Bi-directional,12.994968,77.697164,Mahadevapura,Mahadevapura,R.H.B. Colony 1st Main Road,residential,residential,none,7.5m,30.0,0.17,0.54,0.502,0.225,0.035,0.526,0.48,0.476,0.426,0.304,0.105,0.372,0.51,0.448,0.473,3.87,0.552,0.211,0.318,0.336,0.503,8
EAST BANGALORE,Bi-directional,12.99321,77.686189,Mahadevapura,Mahadevapura,,tertiary,tertiary,none,7.5m,30.0,0.5,0.56,0.528,0.272,0.27,0.657,0.57,0.69,0.232,0.507,0.16,0.528,0.56,0.407,0.411,2.5,0.697,0.171,0.46,0.458,0.448,4
EAST BANGALORE,Bi-directional,12.995136,77.691313,Mahadevapura,Mahadevapura,,living_street,living_street,none,7.5m,20.0,0.27,0.56,0.432,0.233,0.336,0.469,0.424,0.512,0.2,0.375,0.06,0.324,0.445,0.396,0.367,2.47,0.545,0.265,0.369,0.408,0.35,6
EAST BANGALORE,Bi-directional,12.998152,77.686632,Mahadevapura,Mahadevapura,,residential,residential,none,7.5m,30.0,0.25,0.37,0.541,0.225,0.147,0.31,0.399,0.521,0.494,0.342,0.108,0.405,0.483,0.437,0.492,0.81,0.448,0.174,0.337,0.306,0.426,6
EAST BANGALORE,Bi-directional,12.996443,77.686262,Mahadevapura,Mahadevapura,1st Main Road,residential,residential,none,7.5m,30.0,0.51,0.33,0.553,0.219,0.398,0.16,0.44,0.621,0.33,0.295,0.177,0.462,0.539,0.389,0.372,3.22,0.469,0.188,0.402,0.284,0.375,6
EAST BANGALORE,Bi-directional,12.99553,77.689938,Mahadevapura,Mahadevapura,Mahadevapura Main Road,tertiary,tertiary,none,7.5m,30.0,0.41,0.57,0.608,0.244,0.056,0.353,0.575,0.584,0.319,0.416,0.15,0.506,0.576,0.412,0.409,37.88,0.575,0.235,0.546,0.38,0.437,4
EAST BANGALORE,Bi-directional,12.993583,77.687558,Mahadevapura,Mahadevapura,,residential,residential,none,7.5m,30.0,0.46,0.7,0.437,0.2,0.067,0.275,0.488,0.475,0.391,0.293,0.058,0.397,0.558,0.501,0.462,3.45,0.538,0.187,0.39,0.292,0.433,6
EAST BANGALORE,Bi-directional,12.99955,77.690758,Mahadevapura,Mahadevapura,IOC Main Road,residential,residential,none,7.5m,30.0,0.3,0.61,0.524,0.211,0.397,0.858,0.404,0.577,0.413,0.314,0.094,0.379,0.569,0.405,0.474,49.22,0.482,0.206,0.392,0.294,0.572,6
EAST BANGALORE,Bi-directional,12.990766,77.686011,Mahadevapura,Mahadevapura,,residential,residential,none,7.5m,30.0,0.6,0.34,0.512,0.219,0.251,0.261,0.486,0.574,0.362,0.392,0.109,0.407,0.515,0.39,0.456,6.53,0.591,0.271,0.407,0.435,0.375,6
EAST BANGALORE,Bi-directional,12.991201,77.690919,Mahadevapura,Mahadevapura,3rd Cross Road,residential,residential,none,7.5m,30.0,0.2,0.64,0.485,0.243,0.251,0.23,0.488,0.461,0.434,0.292,0.183,0.359,0.469,0.449,0.48,6.61,0.534,0.247,0.389,0.296,0.443,6
EAST BANGALORE,Bi-directional,12.990408,77.686075,Mahadevapura,Mahadevapura,,residential,residential,none,7.5m,30.0,0.31,0.62,0.463,0.206,0.433,0.786,0.486,0.562,0.479,0.346,0.131,0.412,0.555,0.422,0.48,1.83,0.51,0.264,0.394,0.379,0.589,6
EAST BANGALORE,Bi-directional,12.999268,77.685962,Mahadevapura,Mahadevapura,,residential,residential,none,7.5m,30.0,0.34,0.29,0.455,0.239,0.286,0.244,0.454,0.583,0.442,0.299,0.188,0.469,0.459,0.417,0.425,0.28,0.463,0.182,0.296,0.283,0.419,6
EAST BANGALORE,Bi-directional,12.994941,77.691578,Mahadevapura,Mahadevapura,,residential,residential,none,7.5m,30.0,0.46,0.41,0.446,0.197,0.162,0.372,0.422,0.541,0.428,0.307,0.108,0.393,0.481,0.464,0.43,3.13,0.504,0.159,0.409,0.272,0.474,6
EAST BANGALORE,Bi-directional,12.991409,77.689688,Mahadevapura,Mahadevapura,,residential,residential,none,7.5m,30.0,0.56,0.43,0.512,0.202,0.287,0.652,0.52,0.578,0.424,0.299,0.148,0.403,0.539,0.4,0.433,5.03,0.538,0.102,0.32,0.319,0.544,8
EAST BANGALORE,Bi-directional,12.991216,77.689924,Mahadevapura,Mahadevapura,,residential,residential,none,7.5m,30.0,0.56,0.54,0.476,0.213,0.49,0.114,0.424,0.522,0.406,0.351,0.066,0.431,0.522,0.484,0.447,3.06,0.579,0.06,0.307,0.368,0.386,6
EAST BANGALORE,Bi-directional,12.999189,77.685727,Mahadevapura,Mahadevapura,,residential,residential,none,7.5m,30.0,0.42,0.7,0.497,0.223,0.389,0.166,0.415,0.477,0.447,0.267,0.107,0.387,0.583,0.416,0.455,2.47,0.488,0.14,0.367,0.27,0.389,8
EAST BANGALORE,Bi-directional,12.99047,77.688533,Mahadevapura,Mahadevapura,,residential,residential,none,7.5m,30.0,0.43,0.31,0.498,0.203,0.48,0.335,0.407,0.54,0.435,0.276,0.138,0.451,0.366,0.528,0.502,2.87,0.552,0.205,0.337,0.297,0.523,2
EAST BANGALORE,Bi-directional,12.99264,77.696249,Mahadevapura,Mahadevapura,,residential,residential,none,7.5m,30.0,0.26,0.61,0.508,0.199,0.267,0.621,0.458,0.499,0.353,0.363,0.109,0.337,0.527,0.427,0.477,1.2,0.466,0.207,0.298,0.393,0.489,6
EAST BANGALORE,Bi-directional,12.991188,77.694189,Mahadevapura,Mahadevapura,,residential,residential,none,7.5m,30.0,0.13,0.36,0.506,0.229,0.44,0.562,0.405,0.526,0.447,0.331,0.131,0.425,0.387,0.474,0.477,9.26,0.439,0.189,0.381,0.338,0.557,2
EAST BANGALORE,Bi-directional,12.992048,77.688448,Mahadevapura,Mahadevapura,Mahadevapura Main Road,tertiary,tertiary,none,7.5m,30.0,0.19,0.3,0.583,0.257,0.288,0.269,0.543,0.668,0.336,0.385,0.169,0.521,0.536,0.399,0.436,0.96,0.626,0.254,0.424,0.428,0.415,4
EAST BANGALORE,Bi-directional,12.990893,77.693435,Mahadevapura,Mahadevapura,,residential,residential,none,7.5m,30.0,0.32,0.5,0.454,0.219,0.052,0.125,0.498,0.46,0.452,0.25,0.084,0.403,0.357,0.542,0.537,8.52,0.467,0.102,0.432,0.263,0.468,2
EAST BANGALORE,Bi-directional,12.993463,77.69182,Mahadevapura,Mahadevapura,1st Main Road,residential,residential,none,7.5m,30.0,0.36,0.3,0.439,0.212,0.188,0.447,0.445,0.534,0.367,0.31,0.097,0.464,0.455,0.504,0.436,2.52,0.438,0.255,0.436,0.323,0.468,6
EAST BANGALORE,Bi-directional,12.992326,77.696249,Mahadevapura,Mahadevapura,,residential,residential,none,7.5m,30.0,0.46,0.58,0.504,0.216,0.455,0.342,0.497,0.5,0.407,0.279,0.094,0.451,0.431,0.46,0.469,2.23,0.556,0.267,0.396,0.27,0.457,2
EAST BANGALORE,Bi-directional,12.993501,77.693891,Mahadevapura,Mahadevapura,,residential,residential,none,7.5m,30.0,0.16,0.56,0.486,0.204,0.449,0.437,0.509,0.563,0.364,0.304,0.138,0.435,0.517,0.416,0.438,2.83,0.486,0.286,0.325,0.268,0.411,8
EAST BANGALORE,Bi-directional,12.992587,77.697469,Mahadevapura,Mahadevapura,,residential,residential,none,7.5m,30.0,0.26,0.57,0.484,0.21,0.369,0.415,0.497,0.5,0.426,0.36,0.099,0.368,0.499,0.453,0.465,4.58,0.459,0.24,0.37,0.338,0.467,6
EAST BANGALORE,Bi-directional,12.994321,77.690146,Mahadevapura,Mahadevapura,,living_street,living_street,none,7.5m,20.0,0.13,0.39,0.454,0.213,0.191,0.275,0.501,0.561,0.215,0.329,0.073,0.388,0.45,0.371,0.4,2.58,0.402,0.144,0.281,0.35,0.389,6
EAST BANGALORE,Bi-directional,12.98999,77.698264,Mahadevapura,Mahadevapura,Goshala Road,tertiary,tertiary,none,7.5m,30.0,0.45,0.37,0.527,0.266,0.133,0.23,0.593,0.667,0.35,0.484,0.097,0.487,0.61,0.396,0.423,2.77,0.544,0.07,0.496,0.508,0.415,6
EAST BANGALORE,Bi-directional,12.994692,77.686963,Mahadevapura,Mahadevapura,,residential,residential,none,7.5m,30.0,0.55,0.49,0.457,0.252,0.465,0.133,0.47,0.549,0.444,0.335,0.058,0.437,0.504,0.411,0.486,2.29,0.549,0.18,0.321,0.321,0.452,6
EAST BANGALORE,Bi-directional,12.996359,77.692545,Mahadevapura,Mahadevapura,,tertiary,tertiary,none,7.5m,30.0,0.16,0.39,0.603,0.29,0.345,0.255,0.513,0.654,0.207,0.436,0.143,0.52,0.573,0.406,0.356,1.97,0.529,0.111,0.475,0.449,0.383,6
EAST BANGALORE,Bi-directional,12.999194,77.693934,Mahadevapura,Mahadevapura,,residential,residential,none,7.5m,30.0,0.35,0.5,0.497,0.192,0.431,0.428,0.513,0.572,0.352,0.303,0.075,0.405,0.528,0.448,0.456,4.45,0.559,0.181,0.316,0.281,0.398,6
EAST BANGALORE,Bi-directional,12.995033,77.696644,Mahadevapura,Mahadevapura,,residential,residential,none,7.5m,30.0,0.44,0.33,0.508,0.207,0.333,0.249,0.446,0.539,0.476,0.28,0.179,0.393,0.538,0.411,0.448,3.72,0.558,0.215,0.422,0.264,0.445,6
EAST BANGALORE,Bi-directional,12.998108,77.693921,Mahadevapura,Mahadevapura,,residential,residential,none,7.5m,30.0,0.25,0.41,0.451,0.251,0.414,0.191,0.494,0.546,0.397,0.254,0.155,0.341,0.474,0.484,0.404,6.56,0.442,0.25,0.326,0.281,0.397,6
EAST BANGALORE,Bi-directional,12.994866,77.697821,Mahadevapura,Mahadevapura,,residential,residential,none,7.5m,30.0,0.17,0.22,0.532,0.212,0.368,0.504,0.434,0.564,0.315,0.292,0.165,0.334,0.43,0.439,0.394,3.68,0.438,0.099,0.347,0.286,0.459,4
EAST BANGALORE,Bi-directional,12.998545,77.685633,Mahadevapura,Mahadevapura,,residential,residential,none,7.5m,30.0,0.12,0.38,0.48,0.223,0.418,0.641,0.441,0.502,0.414,0.391,0.124,0.347,0.501,0.46,0.468,5.24,0.427,0.114,0.328,0.367,0.556,6
EAST BANGALORE,Bi-directional,12.993494,77.692764,Mahadevapura,Mahadevapura,,residential,residential,none,7.5m,30.0,0.26,0.52,0.508,0.237,0.083,0.894,0.496,0.536,0.392,0.391,0.117,0.389,0.48,0.469,0.452,4.14,0.481,0.067,0.37,0.39,0.591,6
SOUTHEAST / IT CORRIDOR,Bi-directional,12.93448,77.629672,Koramangala,Koramangala,80 Feet Road,secondary,secondary,none,7.5m,40.0,0.2,0.46,0.858,0.774,0.03,0.136,0.678,0.832,0.295,0.593,0.147,0.499,0.563,0.254,0.378,0.55,0.712,0.251,0.404,0.641,0.253,4
SOUTHEAST / IT CORRIDOR,Bi-directional,12.939229,77.62092,Koramangala,Koramangala,4th Cross Road,residential,residential,none,7.5m,30.0,0.58,0.36,0.726,0.654,0.308,0.291,0.595,0.693,0.371,0.444,0.111,0.408,0.526,0.368,0.415,4.12,0.649,0.175,0.349,0.451,0.401,6
SOUTHEAST / IT CORRIDOR,Bi-directional,12.932273,77.624657,Koramangala,Koramangala,,residential,residential,none,7.5m,30.0,0.35,0.38,0.74,0.589,0.154,0.44,0.602,0.723,0.301,0.465,0.109,0.403,0.545,0.319,0.401,5.59,0.546,0.276,0.302,0.481,0.369,6
SOUTHEAST / IT CORRIDOR,Bi-directional,12.934834,77.620171,Koramangala,Koramangala,17th C Main Road,residential,residential,none,7.5m,30.0,0.43,0.36,0.826,0.666,0.277,0.457,0.604,0.703,0.402,0.45,0.189,0.456,0.501,0.283,0.377,4.99,0.581,0.196,0.339,0.415,0.404,6
SOUTHEAST / IT CORRIDOR,Bi-directional,12.933949,77.62897,Koramangala,Koramangala,12th Main Road,residential,residential,none,7.5m,30.0,0.29,0.33,0.712,0.64,0.491,0.805,0.656,0.63,0.376,0.502,0.074,0.423,0.579,0.242,0.37,3.02,0.589,0.204,0.281,0.446,0.419,8
SOUTHEAST / IT CORRIDOR,Bi-directional,12.937082,77.630982,Koramangala,Koramangala,,residential,residential,none,7.5m,30.0,0.36,0.6,0.793,0.689,0.472,0.668,0.623,0.75,0.386,0.467,0.081,0.402,0.429,0.334,0.382,2.13,0.653,0.061,0.3,0.5,0.422,2
SOUTHEAST / IT CORRIDOR,Bi-directional,12.941763,77.629186,Koramangala,Koramangala,Pipeline Road,residential,residential,none,7.5m,30.0,0.5,0.5,0.762,0.579,0.009,0.18,0.657,0.728,0.305,0.442,0.119,0.422,0.486,0.376,0.385,2.81,0.64,0.228,0.284,0.407,0.342,6
SOUTHEAST / IT CORRIDOR,Bi-directional,12.936084,77.628874,Koramangala,Koramangala,"1st Cross, Green Leaf Extension",residential,residential,none,7.5m,30.0,0.56,0.44,0.732,0.726,0.137,0.488,0.635,0.744,0.498,0.501,0.055,0.49,0.558,0.348,0.439,10.89,0.679,0.274,0.411,0.452,0.388,6
SOUTHEAST / IT CORRIDOR,Bi-directional,12.932616,77.623324,Koramangala,Koramangala,7th C Cross Road,residential,residential,none,7.5m,30.0,0.5,0.64,0.727,0.752,0.484,0.721,0.664,0.652,0.306,0.445,0.179,0.394,0.553,0.359,0.374,4.75,0.622,0.067,0.29,0.492,0.415,6
SOUTHEAST / IT CORRIDOR,Bi-directional,12.941999,77.629753,Koramangala,Koramangala,,residential,residential,none,7.5m,30.0,0.25,0.22,0.749,0.602,0.018,0.833,0.612,0.662,0.381,0.515,0.16,0.402,0.485,0.353,0.396,2.66,0.605,0.192,0.332,0.572,0.47,6
SOUTHEAST / IT CORRIDOR,Bi-directional,12.937276,77.630783,Koramangala,Koramangala,,living_street,living_street,none,7.5m,20.0,0.22,0.32,0.743,0.641,0.365,0.695,0.654,0.687,0.36,0.552,0.056,0.347,0.294,0.302,0.412,6.56,0.624,0.242,0.323,0.567,0.447,2
SOUTHEAST / IT CORRIDOR,Bi-directional,12.938025,77.622561,Koramangala,Koramangala,,residential,residential,none,7.5m,30.0,0.47,0.56,0.675,0.72,0.286,0.275,0.646,0.753,0.46,0.507,0.151,0.41,0.526,0.332,0.4,10.0,0.684,0.065,0.312,0.492,0.378,6
SOUTHEAST / IT CORRIDOR,Bi-directional,12.93239,77.627715,Koramangala,Koramangala,12th Main Road,residential,residential,none,7.5m,30.0,0.37,0.49,0.816,0.671,0.146,0.226,0.617,0.681,0.404,0.498,0.198,0.423,0.608,0.319,0.421,5.99,0.653,0.142,0.379,0.538,0.376,8
SOUTHEAST / IT CORRIDOR,Bi-directional,12.92988,77.621991,Koramangala,Koramangala,Mahayogi Vemana Road,primary,primary,none,7.5m,50.0,0.2,0.24,0.844,0.796,0.238,0.493,0.69,0.897,0.26,0.567,0.146,0.622,0.557,0.182,0.351,7.76,0.745,0.109,0.573,0.527,0.323,4
SOUTHEAST / IT CORRIDOR,Bi-directional,12.930361,77.627531,Koramangala,Koramangala,7th Cross Road,tertiary,tertiary,none,7.5m,30.0,0.28,0.29,0.84,0.777,0.382,0.243,0.631,0.771,0.25,0.548,0.131,0.511,0.506,0.249,0.317,1.57,0.609,0.271,0.467,0.539,0.234,6
SOUTHEAST / IT CORRIDOR,Bi-directional,12.938896,77.626569,Koramangala,Koramangala,,residential,residential,none,7.5m,30.0,0.36,0.55,0.655,0.615,0.293,0.417,0.561,0.639,0.435,0.491,0.122,0.38,0.552,0.311,0.397,2.83,0.651,0.064,0.342,0.474,0.448,8
SOUTHEAST / IT CORRIDOR,Bi-directional,12.939325,77.628243,Koramangala,Koramangala,"['1st Cross Road', '1st Main Ashwini Layout']",residential,residential,none,7.5m,30.0,0.51,0.38,0.672,0.654,0.202,0.482,0.563,0.695,0.344,0.49,0.07,0.446,0.513,0.371,0.44,3.81,0.689,0.086,0.398,0.539,0.432,6
SOUTHEAST / IT CORRIDOR,Bi-directional,12.939448,77.628042,Koramangala,Koramangala,,residential,residential,none,7.5m,30.0,0.52,0.32,0.679,0.658,0.274,0.647,0.651,0.641,0.387,0.526,0.148,0.451,0.429,0.326,0.451,2.86,0.632,0.23,0.383,0.579,0.417,2
SOUTHEAST / IT CORRIDOR,Bi-directional,12.938437,77.630354,Koramangala,Koramangala,Inner Ring Road,primary,primary,none,7.5m,50.0,0.29,0.32,0.717,0.652,0.225,0.472,0.8,0.934,0.137,0.618,0.161,0.623,0.619,0.244,0.309,4.81,0.679,0.253,0.572,0.64,0.266,4
SOUTHEAST / IT CORRIDOR,Bi-directional,12.941736,77.627177,Koramangala,Koramangala,20 I Cross Road,residential,residential,none,7.5m,30.0,0.54,0.55,0.672,0.717,0.433,0.331,0.557,0.712,0.48,0.512,0.134,0.472,0.636,0.337,0.441,14.99,0.719,0.238,0.376,0.464,0.379,8
SOUTHEAST / IT CORRIDOR,Bi-directional,12.929327,77.629556,Koramangala,Koramangala,8th B Main Road,residential,residential,none,7.5m,30.0,0.4,0.21,0.824,0.683,0.165,0.33,0.594,0.717,0.458,0.47,0.12,0.462,0.479,0.37,0.465,3.26,0.549,0.137,0.388,0.468,0.444,6
SOUTHEAST / IT CORRIDOR,Bi-directional,12.932547,77.624578,Koramangala,Koramangala,,residential,residential,none,7.5m,30.0,0.19,0.29,0.771,0.634,0.191,0.591,0.568,0.645,0.438,0.452,0.05,0.446,0.461,0.263,0.436,3.34,0.551,0.197,0.386,0.424,0.423,6
SOUTHEAST / IT CORRIDOR,Bi-directional,12.937528,77.626418,Koramangala,Koramangala,17th A Main Road,residential,residential,none,7.5m,30.0,0.13,0.67,0.8,0.644,0.14,0.239,0.653,0.718,0.435,0.467,0.119,0.335,0.485,0.28,0.392,3.95,0.567,0.196,0.395,0.51,0.347,6
SOUTHEAST / IT CORRIDOR,Bi-directional,12.936038,77.617212,Koramangala,Koramangala,17th Main Road,residential,residential,none,7.5m,30.0,0.2,0.55,0.754,0.635,0.485,0.757,0.662,0.719,0.319,0.564,0.114,0.354,0.476,0.328,0.435,5.16,0.603,0.206,0.372,0.515,0.469,6
SOUTHEAST / IT CORRIDOR,Bi-directional,12.936519,77.622595,Koramangala,Koramangala,17th E Main Road,residential,residential,none,7.5m,30.0,0.55,0.58,0.764,0.65,0.298,0.434,0.566,0.735,0.34,0.441,0.157,0.435,0.566,0.298,0.391,10.56,0.645,0.298,0.327,0.394,0.382,6
SOUTHEAST / IT CORRIDOR,Bi-directional,12.936947,77.624325,Koramangala,Koramangala,17th B Main Road,residential,residential,none,7.5m,30.0,0.17,0.3,0.81,0.666,0.149,0.411,0.603,0.631,0.438,0.546,0.192,0.428,0.429,0.253,0.406,6.19,0.576,0.292,0.297,0.573,0.355,6
SOUTHEAST / IT CORRIDOR,Bi-directional,12.938965,77.621267,Koramangala,Koramangala,4th Cross Road,residential,residential,none,7.5m,30.0,0.52,0.59,0.7,0.627,0.068,0.481,0.642,0.682,0.306,0.469,0.131,0.447,0.515,0.358,0.434,4.48,0.707,0.298,0.395,0.464,0.401,6
SOUTHEAST / IT CORRIDOR,Bi-directional,12.936346,77.624496,Koramangala,Koramangala,,residential,residential,none,7.5m,30.0,0.42,0.51,0.777,0.723,0.416,0.244,0.615,0.629,0.352,0.5,0.094,0.415,0.56,0.262,0.395,3.99,0.625,0.156,0.385,0.541,0.366,6
SOUTHEAST / IT CORRIDOR,Bi-directional,12.932286,77.629589,Koramangala,Koramangala,4th Cross Road,residential,residential,none,7.5m,30.0,0.35,0.45,0.814,0.745,0.126,0.107,0.632,0.622,0.416,0.479,0.118,0.445,0.515,0.319,0.439,13.51,0.611,0.062,0.281,0.43,0.328,6
SOUTHEAST / IT CORRIDOR,Bi-directional,12.937178,77.623695,Koramangala,Koramangala,17 D Main Road,residential,residential,none,7.5m,30.0,0.25,0.55,0.82,0.665,0.375,0.401,0.573,0.678,0.366,0.501,0.185,0.342,0.464,0.376,0.404,12.53,0.662,0.167,0.355,0.537,0.395,6
SOUTHEAST / IT CORRIDOR,Bi-directional,12.933954,77.625529,Koramangala,Koramangala,16th B Main Road,residential,residential,none,7.5m,30.0,0.53,0.33,0.733,0.702,0.016,0.889,0.571,0.732,0.377,0.454,0.194,0.465,0.531,0.312,0.403,3.91,0.67,0.151,0.284,0.404,0.489,6
SOUTHEAST / IT CORRIDOR,Bi-directional,12.939319,77.618029,Koramangala,Koramangala,1st B Main Road,residential,residential,none,7.5m,30.0,0.55,0.31,0.806,0.745,0.435,0.266,0.639,0.765,0.376,0.454,0.131,0.451,0.511,0.363,0.356,2.77,0.593,0.115,0.311,0.403,0.362,6
SOUTHEAST / IT CORRIDOR,Bi-directional,12.93493,77.626816,Koramangala,Koramangala,16th Main Road,residential,residential,none,7.5m,30.0,0.29,0.2,0.743,0.599,0.349,0.49,0.553,0.645,0.387,0.483,0.117,0.421,0.506,0.31,0.42,3.27,0.508,0.153,0.319,0.479,0.458,6
SOUTHEAST / IT CORRIDOR,Bi-directional,12.933748,77.629456,Koramangala,Koramangala,5th Cross Road,residential,residential,none,7.5m,30.0,0.29,0.62,0.699,0.599,0.441,0.358,0.649,0.666,0.482,0.48,0.152,0.439,0.54,0.296,0.409,3.08,0.645,0.171,0.307,0.448,0.406,6
SOUTHEAST / IT CORRIDOR,Bi-directional,12.942535,77.628119,Koramangala,Koramangala,Sri Rama Temple Road,residential,residential,none,7.5m,30.0,0.29,0.53,0.698,0.575,0.287,0.173,0.642,0.675,0.437,0.459,0.065,0.384,0.461,0.268,0.415,1.28,0.666,0.229,0.358,0.469,0.363,6
SOUTHEAST / IT CORRIDOR,Bi-directional,12.942555,77.617835,Koramangala,Koramangala,,residential,residential,none,7.5m,30.0,0.29,0.58,0.734,0.649,0.124,0.606,0.58,0.632,0.383,0.449,0.143,0.419,0.487,0.303,0.449,2.74,0.628,0.21,0.276,0.398,0.464,6
SOUTHEAST / IT CORRIDOR,Bi-directional,12.939057,77.630706,Koramangala,Koramangala,Pipeline Road,residential,residential,none,7.5m,30.0,0.21,0.21,0.699,0.627,0.225,0.606,0.597,0.616,0.405,0.454,0.119,0.394,0.44,0.303,0.389,1.85,0.527,0.183,0.35,0.403,0.406,6
SOUTHEAST / IT CORRIDOR,Bi-directional,12.940539,77.624162,Koramangala,Koramangala,6th D Cross Road,residential,residential,none,7.5m,30.0,0.42,0.36,0.659,0.672,0.265,0.427,0.647,0.694,0.321,0.452,0.181,0.394,0.523,0.358,0.363,2.32,0.65,0.076,0.356,0.477,0.34,6
SOUTHEAST / IT CORRIDOR,Bi-directional,12.936362,77.620165,Koramangala,Koramangala,4th A Cross Road,residential,residential,none,7.5m,30.0,0.33,0.5,0.672,0.65,0.143,0.845,0.66,0.646,0.338,0.443,0.066,0.458,0.568,0.339,0.434,6.16,0.642,0.051,0.381,0.412,0.524,8
SOUTHEAST / IT CORRIDOR,Bi-directional,12.936387,77.619802,Koramangala,Koramangala,17th E Main Road,residential,residential,none,7.5m,30.0,0.25,0.44,0.805,0.599,0.217,0.14,0.569,0.68,0.43,0.501,0.114,0.436,0.577,0.236,0.38,3.21,0.604,0.296,0.266,0.52,0.347,8
SOUTHEAST / IT CORRIDOR,Bi-directional,12.941179,77.630605,Koramangala,Koramangala,,residential,residential,none,7.5m,30.0,0.16,0.33,0.811,0.638,0.354,0.336,0.633,0.65,0.492,0.454,0.084,0.434,0.475,0.274,0.39,2.19,0.625,0.173,0.306,0.481,0.391,6
SOUTHEAST / IT CORRIDOR,Bi-directional,12.941276,77.629817,Koramangala,Koramangala,,residential,residential,none,7.5m,30.0,0.12,0.51,0.809,0.567,0.086,0.21,0.568,0.699,0.475,0.548,0.121,0.401,0.474,0.327,0.409,1.47,0.631,0.24,0.366,0.49,0.321,6
SOUTHEAST / IT CORRIDOR,Bi-directional,12.939546,77.622928,Koramangala,Koramangala,6th C Cross Road,residential,residential,none,7.5m,30.0,0.5,0.58,0.752,0.667,0.462,0.897,0.648,0.716,0.368,0.534,0.095,0.42,0.498,0.312,0.395,2.04,0.671,0.241,0.366,0.569,0.435,6
SOUTHEAST / IT CORRIDOR,Bi-directional,12.934989,77.629186,Koramangala,Koramangala,80 Feet Road,secondary,secondary,none,7.5m,40.0,0.33,0.29,0.929,0.697,0.126,0.235,0.734,0.797,0.328,0.59,0.054,0.576,0.51,0.216,0.341,3.87,0.715,0.211,0.436,0.557,0.24,4
SOUTHEAST / IT CORRIDOR,Bi-directional,12.939825,77.629832,Koramangala,Koramangala,Pipeline Road,residential,residential,none,7.5m,30.0,0.42,0.35,0.742,0.583,0.213,0.887,0.567,0.732,0.332,0.523,0.1,0.422,0.492,0.282,0.415,0.93,0.637,0.169,0.325,0.509,0.438,6
SOUTHEAST / IT CORRIDOR,Bi-directional,12.930037,77.630469,Koramangala,Koramangala,8th A Main Road,residential,residential,none,7.5m,30.0,0.17,0.4,0.736,0.574,0.372,0.113,0.617,0.689,0.302,0.467,0.102,0.333,0.488,0.293,0.367,6.04,0.584,0.15,0.398,0.421,0.302,6
SOUTHEAST / IT CORRIDOR,Bi-directional,12.934405,77.618923,Koramangala,Koramangala,,residential,residential,none,7.5m,30.0,0.44,0.35,0.738,0.702,0.489,0.869,0.642,0.684,0.316,0.534,0.139,0.426,0.436,0.369,0.41,2.99,0.614,0.073,0.322,0.577,0.435,2
SOUTHEAST / IT CORRIDOR,Bi-directional,12.941776,77.630798,Koramangala,Koramangala,24th A Cross Road,residential,residential,none,7.5m,30.0,0.56,0.3,0.699,0.61,0.081,0.787,0.629,0.672,0.475,0.432,0.062,0.442,0.484,0.266,0.413,12.88,0.654,0.247,0.279,0.438,0.498,6
SOUTHEAST / IT CORRIDOR,Bi-directional,12.939887,77.630679,Koramangala,Koramangala,3rd Cross Road,residential,residential,none,7.5m,30.0,0.25,0.49,0.763,0.691,0.167,0.751,0.578,0.685,0.411,0.434,0.055,0.339,0.518,0.354,0.482,4.16,0.618,0.263,0.407,0.434,0.522,6
SOUTHEAST / IT CORRIDOR,Bi-directional,12.94128,77.618677,Koramangala,Koramangala,Adugodi Main Rd,tertiary,tertiary,none,7.5m,30.0,0.22,0.23,0.861,0.848,0.342,0.199,0.699,0.716,0.321,0.54,0.078,0.523,0.508,0.229,0.406,0.81,0.649,0.128,0.489,0.601,0.346,6
SOUTHEAST / IT CORRIDOR,Bi-directional,12.941964,77.630391,Koramangala,Koramangala,,residential,residential,none,7.5m,30.0,0.41,0.34,0.827,0.66,0.218,0.588,0.652,0.654,0.479,0.518,0.103,0.385,0.521,0.3,0.422,14.49,0.561,0.282,0.297,0.497,0.483,6
SOUTHEAST / IT CORRIDOR,Bi-directional,12.940472,77.622509,Koramangala,Koramangala,6th Cross Road,residential,residential,none,7.5m,30.0,0.2,0.28,0.684,0.587,0.296,0.799,0.577,0.596,0.345,0.527,0.103,0.388,0.423,0.32,0.449,1.54,0.601,0.204,0.388,0.576,0.457,6
SOUTHEAST / IT CORRIDOR,Bi-directional,12.941386,77.618766,Koramangala,Koramangala,Basavanna Temple Road,residential,residential,none,7.5m,30.0,0.25,0.52,0.667,0.683,0.334,0.601,0.574,0.706,0.337,0.52,0.098,0.43,0.521,0.276,0.371,1.93,0.631,0.18,0.295,0.547,0.4,6
SOUTHEAST / IT CORRIDOR,Bi-directional,12.94226,77.619523,Koramangala,Koramangala,2nd C Main Road,residential,residential,none,7.5m,30.0,0.52,0.24,0.716,0.575,0.361,0.108,0.635,0.702,0.459,0.48,0.107,0.464,0.465,0.371,0.394,3.36,0.587,0.201,0.393,0.529,0.359,6
SOUTHEAST / IT CORRIDOR,Bi-directional,12.934357,77.616921,Koramangala,Koramangala,17th Main Road,residential,residential,none,7.5m,30.0,0.22,0.57,0.692,0.723,0.318,0.604,0.619,0.697,0.338,0.548,0.078,0.359,0.392,0.377,0.409,7.04,0.591,0.177,0.366,0.602,0.385,3
SOUTHEAST / IT CORRIDOR,Bi-directional,12.930864,77.629408,Koramangala,Koramangala,10th Main Road,residential,residential,none,7.5m,30.0,0.59,0.35,0.83,0.712,0.09,0.275,0.613,0.746,0.425,0.538,0.085,0.478,0.525,0.349,0.414,5.2,0.604,0.127,0.34,0.601,0.404,6
SOUTHEAST / IT CORRIDOR,Bi-directional,12.930485,77.630708,Koramangala,Koramangala,8th A Main Road,residential,residential,none,7.5m,30.0,0.34,0.66,0.753,0.641,0.233,0.563,0.654,0.683,0.478,0.442,0.172,0.455,0.575,0.286,0.431,4.09,0.702,0.129,0.391,0.403,0.461,8
SOUTHEAST / IT CORRIDOR,Bi-directional,12.935325,77.62653,Koramangala,Koramangala,4th Cross Road,residential,residential,none,7.5m,30.0,0.28,0.27,0.718,0.614,0.257,0.28,0.553,0.678,0.349,0.515,0.166,0.453,0.476,0.309,0.395,3.15,0.633,0.268,0.379,0.552,0.36,6
SOUTHEAST / IT CORRIDOR,Bi-directional,12.929026,77.630147,Koramangala,Koramangala,4th Cross Road,residential,residential,none,7.5m,30.0,0.2,0.22,0.768,0.701,0.195,0.522,0.625,0.611,0.313,0.437,0.077,0.372,0.445,0.298,0.409,12.07,0.572,0.169,0.282,0.469,0.369,6
SOUTHEAST / IT CORRIDOR,Bi-directional,12.935768,77.617392,Koramangala,Koramangala,2nd Cross Road,residential,residential,none,7.5m,30.0,0.53,0.24,0.734,0.673,0.402,0.209,0.602,0.648,0.346,0.427,0.176,0.395,0.601,0.298,0.421,4.1,0.601,0.085,0.362,0.442,0.308,8
SOUTHEAST / IT CORRIDOR,Bi-directional,12.936877,77.627609,Koramangala,Koramangala,,residential,residential,none,7.5m,30.0,0.48,0.26,0.691,0.59,0.476,0.488,0.559,0.726,0.402,0.51,0.134,0.464,0.476,0.32,0.451,4.11,0.647,0.139,0.378,0.483,0.439,6
SOUTHEAST / IT CORRIDOR,Bi-directional,12.941948,77.620206,Koramangala,Koramangala,2nd Cross Road,residential,residential,none,7.5m,30.0,0.36,0.29,0.724,0.711,0.497,0.849,0.671,0.684,0.448,0.562,0.183,0.385,0.493,0.294,0.431,11.8,0.605,0.149,0.339,0.625,0.451,6
SOUTHEAST / IT CORRIDOR,Bi-directional,12.932114,77.630557,Koramangala,Koramangala,9th A Main,residential,residential,none,7.5m,30.0,0.43,0.33,0.704,0.627,0.108,0.71,0.625,0.686,0.444,0.432,0.187,0.471,0.536,0.286,0.429,9.48,0.674,0.214,0.3,0.401,0.418,6
SOUTHEAST / IT CORRIDOR,Bi-directional,12.934068,77.624733,Koramangala,Koramangala,,residential,residential,none,7.5m,30.0,0.57,0.65,0.767,0.738,0.446,0.766,0.556,0.719,0.383,0.458,0.107,0.481,0.569,0.299,0.398,6.59,0.599,0.233,0.297,0.458,0.462,6
SOUTHEAST / IT CORRIDOR,Bi-directional,12.932356,77.623884,Koramangala,Koramangala,7th C Cross Road,residential,residential,none,7.5m,30.0,0.42,0.5,0.799,0.725,0.46,0.832,0.642,0.688,0.428,0.421,0.056,0.461,0.502,0.271,0.406,4.41,0.56,0.053,0.395,0.423,0.498,6
SOUTHEAST / IT CORRIDOR,Bi-directional,12.935514,77.61757,Koramangala,Koramangala,,residential,residential,none,7.5m,30.0,0.32,0.6,0.7,0.616,0.195,0.222,0.663,0.689,0.385,0.448,0.175,0.469,0.527,0.295,0.412,4.84,0.639,0.253,0.324,0.412,0.311,6
SOUTHEAST / IT CORRIDOR,Bi-directional,12.932544,77.630288,Koramangala,Koramangala,4th B Cross Road,residential,residential,none,7.5m,30.0,0.58,0.51,0.764,0.612,0.416,0.794,0.646,0.721,0.317,0.45,0.082,0.482,0.495,0.327,0.36,3.21,0.612,0.161,0.341,0.474,0.416,6
SOUTHEAST / IT CORRIDOR,Bi-directional,12.939122,77.630938,Koramangala,Koramangala,,residential,residential,none,7.5m,30.0,0.17,0.66,0.78,0.64,0.143,0.472,0.563,0.64,0.452,0.523,0.126,0.43,0.519,0.366,0.481,2.88,0.63,0.168,0.36,0.471,0.465,6
SOUTHEAST / IT CORRIDOR,Bi-directional,12.941661,77.629831,Koramangala,Koramangala,,residential,residential,none,7.5m,30.0,0.32,0.21,0.719,0.72,0.457,0.628,0.562,0.614,0.434,0.523,0.079,0.426,0.468,0.276,0.411,2.54,0.622,0.066,0.274,0.547,0.485,6
SOUTHEAST / IT CORRIDOR,Bi-directional,12.933101,77.62543,Koramangala,Koramangala,"16th B Road, 4th Block",residential,residential,none,7.5m,30.0,0.36,0.21,0.74,0.587,0.422,0.579,0.622,0.664,0.474,0.419,0.176,0.385,0.505,0.276,0.389,2.72,0.535,0.152,0.271,0.454,0.444,6
SOUTHEAST / IT CORRIDOR,Bi-directional,12.932585,77.630507,Koramangala,Koramangala,10th Main Road,residential,residential,none,7.5m,30.0,0.1,0.63,0.717,0.624,0.37,0.784,0.652,0.618,0.3,0.458,0.102,0.403,0.538,0.296,0.38,3.7,0.592,0.116,0.291,0.441,0.474,6
SOUTHEAST / IT CORRIDOR,Bi-directional,12.937185,77.625123,Koramangala,Koramangala,6th E Cross Road,residential,residential,none,7.5m,30.0,0.19,0.42,0.72,0.692,0.487,0.762,0.561,0.646,0.327,0.433,0.079,0.411,0.457,0.285,0.421,3.0,0.614,0.154,0.27,0.455,0.425,6
SOUTHEAST / IT CORRIDOR,Bi-directional,12.933108,77.630975,Koramangala,Koramangala,10th Main Road,secondary_link,secondary_link,none,7.5m,35.0,0.18,0.32,0.762,0.59,0.02,0.47,0.645,0.777,0.307,0.446,0.12,0.556,0.424,0.329,0.377,0.87,0.697,0.241,0.395,0.409,0.39,3
SOUTHEAST / IT CORRIDOR,Bi-directional,12.930867,77.622379,Koramangala,Koramangala,Mahayogi Vemana Road,primary,primary,none,7.5m,50.0,0.46,0.28,0.753,0.61,0.182,0.127,0.722,0.867,0.249,0.656,0.148,0.678,0.662,0.109,0.319,13.41,0.732,0.128,0.528,0.71,0.209,6
SOUTHEAST / IT CORRIDOR,Bi-directional,12.938437,77.630742,Koramangala,Koramangala,Inner Ring Road,primary,primary,none,7.5m,50.0,0.46,0.66,0.79,0.759,0.239,0.812,0.775,0.862,0.161,0.705,0.122,0.693,0.666,0.244,0.329,2.77,0.735,0.294,0.573,0.781,0.38,4
SOUTHEAST / IT CORRIDOR,Bi-directional,12.93627,77.627061,Koramangala,Koramangala,5th Cross Road,residential,residential,none,7.5m,30.0,0.16,0.26,0.787,0.664,0.317,0.482,0.611,0.628,0.466,0.483,0.151,0.423,0.453,0.365,0.462,4.55,0.577,0.118,0.351,0.443,0.473,6
SOUTHEAST / IT CORRIDOR,Bi-directional,12.940465,77.625779,Koramangala,Koramangala,,residential,residential,none,7.5m,30.0,0.17,0.34,0.724,0.671,0.183,0.402,0.546,0.635,0.44,0.474,0.066,0.328,0.489,0.317,0.438,3.22,0.572,0.28,0.393,0.496,0.39,6
SOUTHEAST / IT CORRIDOR,Bi-directional,12.935202,77.628475,Koramangala,Koramangala,15th Main Road,residential,residential,none,7.5m,30.0,0.55,0.25,0.822,0.61,0.072,0.45,0.62,0.719,0.484,0.491,0.081,0.477,0.504,0.367,0.47,5.6,0.656,0.073,0.283,0.492,0.397,6
SOUTHEAST / IT CORRIDOR,Bi-directional,12.933823,77.622823,Koramangala,Koramangala,17th A Main Road,residential,residential,none,7.5m,30.0,0.44,0.41,0.692,0.666,0.213,0.559,0.634,0.707,0.325,0.468,0.119,0.441,0.499,0.357,0.39,6.12,0.634,0.075,0.304,0.472,0.441,4
SOUTHEAST / IT CORRIDOR,Bi-directional,12.93993,77.628107,Koramangala,Koramangala,1st Main Ashwini Layout,residential,residential,none,7.5m,30.0,0.59,0.53,0.734,0.669,0.287,0.672,0.585,0.731,0.372,0.417,0.105,0.434,0.532,0.39,0.404,2.86,0.619,0.277,0.381,0.438,0.406,6
SOUTHEAST / IT CORRIDOR,Bi-directional,12.933808,77.618595,Koramangala,Koramangala,2nd Main Road,residential,residential,none,7.5m,30.0,0.2,0.41,0.761,0.643,0.056,0.798,0.649,0.684,0.346,0.535,0.124,0.35,0.445,0.286,0.386,4.08,0.625,0.24,0.334,0.534,0.459,6
SOUTHEAST / IT CORRIDOR,Bi-directional,12.941604,77.629241,Koramangala,Koramangala,Pipeline Road,residential,residential,none,7.5m,30.0,0.49,0.31,0.75,0.752,0.383,0.829,0.568,0.692,0.444,0.536,0.061,0.487,0.484,0.367,0.438,0.54,0.623,0.101,0.359,0.549,0.494,6
SOUTHEAST / IT CORRIDOR,Bi-directional,12.931691,77.631027,Koramangala,Koramangala,8th B Main Road,residential,residential,none,7.5m,30.0,0.34,0.44,0.822,0.571,0.388,0.164,0.534,0.705,0.403,0.505,0.198,0.362,0.571,0.254,0.394,8.57,0.562,0.086,0.258,0.472,0.278,8
SOUTHEAST / IT CORRIDOR,Bi-directional,12.93449,77.628319,Koramangala,Koramangala,5th Cross Road,residential,residential,none,7.5m,30.0,0.29,0.43,0.711,0.643,0.108,0.696,0.612,0.646,0.313,0.557,0.085,0.442,0.474,0.287,0.381,2.93,0.616,0.163,0.383,0.541,0.435,6
SOUTHEAST / IT CORRIDOR,Bi-directional,12.941503,77.618915,Koramangala,Koramangala,Basavanna Temple Road,residential,residential,none,7.5m,30.0,0.36,0.27,0.721,0.731,0.445,0.749,0.618,0.636,0.493,0.527,0.059,0.453,0.463,0.36,0.504,1.89,0.662,0.053,0.356,0.573,0.502,6
SOUTHEAST / IT CORRIDOR,Bi-directional,12.936948,77.625732,Koramangala,Koramangala,17th A Main Road,residential,residential,none,7.5m,30.0,0.42,0.65,0.76,0.602,0.316,0.472,0.572,0.636,0.367,0.531,0.19,0.453,0.522,0.298,0.384,6.55,0.673,0.254,0.38,0.481,0.428,6
SOUTHEAST / IT CORRIDOR,Bi-directional,12.941739,77.621647,Koramangala,Koramangala,80 Feet Road,secondary,secondary,none,7.5m,40.0,0.17,0.69,0.861,0.846,0.463,0.119,0.75,0.816,0.372,0.585,0.173,0.542,0.596,0.215,0.39,3.69,0.68,0.293,0.508,0.599,0.245,4
SOUTHEAST / IT CORRIDOR,Bi-directional,12.939599,77.629491,Koramangala,Koramangala,,residential,residential,none,7.5m,30.0,0.47,0.41,0.794,0.645,0.457,0.292,0.577,0.686,0.322,0.434,0.156,0.382,0.446,0.327,0.416,2.91,0.656,0.125,0.371,0.401,0.303,2
SOUTHEAST / IT CORRIDOR,Bi-directional,12.933862,77.624287,Koramangala,Koramangala,6th B Main Road,residential,residential,none,7.5m,30.0,0.24,0.47,0.795,0.592,0.164,0.738,0.586,0.64,0.342,0.457,0.125,0.438,0.483,0.272,0.419,14.76,0.575,0.207,0.263,0.495,0.403,6
SOUTHEAST / IT CORRIDOR,Bi-directional,12.940116,77.626994,Koramangala,Koramangala,,residential,residential,none,7.5m,30.0,0.36,0.39,0.655,0.579,0.233,0.46,0.625,0.666,0.478,0.405,0.184,0.376,0.47,0.316,0.439,2.74,0.61,0.095,0.366,0.413,0.411,6
SOUTHEAST / IT CORRIDOR,Bi-directional,12.938603,77.627671,Koramangala,Koramangala,,residential,residential,none,7.5m,30.0,0.2,0.54,0.79,0.626,0.487,0.493,0.637,0.607,0.408,0.402,0.167,0.362,0.495,0.324,0.449,5.95,0.602,0.108,0.347,0.393,0.446,6
SOUTHEAST / IT CORRIDOR,Bi-directional,12.941995,77.628566,Koramangala,Koramangala,20H Cross Road,residential,residential,none,7.5m,30.0,0.29,0.53,0.781,0.743,0.364,0.688,0.596,0.683,0.469,0.443,0.101,0.456,0.496,0.332,0.388,11.4,0.576,0.233,0.284,0.416,0.461,6
SOUTHEAST / IT CORRIDOR,Bi-directional,12.932741,77.6301,Koramangala,Koramangala,4th B Cross Road,residential,residential,none,7.5m,30.0,0.13,0.27,0.758,0.747,0.187,0.654,0.557,0.659,0.332,0.535,0.131,0.349,0.512,0.344,0.388,2.19,0.548,0.082,0.31,0.527,0.39,6
SOUTHEAST / IT CORRIDOR,Bi-directional,12.937758,77.624682,Koramangala,Koramangala,6th E Cross Road,residential,residential,none,7.5m,30.0,0.17,0.5,0.71,0.673,0.098,0.255,0.578,0.638,0.47,0.504,0.146,0.351,0.491,0.261,0.452,3.8,0.655,0.167,0.281,0.559,0.42,6
SOUTHEAST / IT CORRIDOR,Bi-directional,12.938533,77.629424,Koramangala,Koramangala,Inner Ring Road,primary,primary,none,7.5m,50.0,0.52,0.42,0.869,0.623,0.299,0.626,0.721,0.877,0.143,0.641,0.188,0.782,0.657,0.245,0.294,5.08,0.716,0.171,0.671,0.642,0.265,4
SOUTHEAST / IT CORRIDOR,Bi-directional,12.941757,77.619626,Koramangala,Koramangala,,residential,residential,none,7.5m,30.0,0.31,0.65,0.785,0.651,0.15,0.812,0.591,0.68,0.309,0.414,0.094,0.363,0.568,0.34,0.439,4.52,0.668,0.129,0.383,0.411,0.442,6
SOUTHEAST / IT CORRIDOR,Bi-directional,12.941198,77.627431,Koramangala,Koramangala,,residential,residential,none,7.5m,30.0,0.11,0.27,0.699,0.644,0.3,0.635,0.635,0.646,0.345,0.537,0.122,0.329,0.474,0.338,0.409,6.65,0.589,0.299,0.369,0.569,0.466,6
SOUTHEAST / IT CORRIDOR,Bi-directional,12.937186,77.620564,Koramangala,Koramangala,18th Main Road,tertiary,tertiary,none,7.5m,30.0,0.22,0.69,0.83,0.712,0.041,0.104,0.688,0.742,0.222,0.643,0.162,0.481,0.573,0.259,0.353,1.09,0.716,0.239,0.489,0.624,0.261,6
SOUTHEAST / IT CORRIDOR,Bi-directional,12.941841,77.629557,Koramangala,Koramangala,,residential,residential,none,7.5m,30.0,0.18,0.28,0.78,0.576,0.13,0.827,0.611,0.622,0.45,0.435,0.083,0.423,0.368,0.429,0.474,5.87,0.523,0.108,0.371,0.427,0.515,2
SOUTHEAST / IT CORRIDOR,Bi-directional,12.910028,77.609888,BTM Layout,BTM Layout,15th Main Road,residential,residential,none,7.5m,30.0,0.23,0.37,0.708,0.434,0.167,0.669,0.572,0.674,0.424,0.411,0.165,0.44,0.476,0.293,0.385,6.43,0.533,0.117,0.382,0.395,0.501,6
SOUTHEAST / IT CORRIDOR,Bi-directional,12.91736,77.617245,BTM Layout,BTM Layout,2nd Cross Road,residential,residential,none,7.5m,30.0,0.6,0.29,0.642,0.433,0.022,0.643,0.502,0.702,0.49,0.399,0.196,0.504,0.449,0.386,0.449,0.38,0.567,0.171,0.311,0.366,0.488,4
SOUTHEAST / IT CORRIDOR,Bi-directional,12.915458,77.616726,BTM Layout,BTM Layout,,residential,residential,none,7.5m,30.0,0.25,0.52,0.702,0.478,0.052,0.582,0.519,0.664,0.456,0.441,0.125,0.463,0.553,0.38,0.466,0.68,0.611,0.152,0.313,0.464,0.419,6
SOUTHEAST / IT CORRIDOR,Bi-directional,12.908823,77.61066,BTM Layout,BTM Layout,10th Cross Road,residential,residential,none,7.5m,30.0,0.27,0.64,0.625,0.436,0.064,0.116,0.586,0.604,0.427,0.492,0.083,0.346,0.556,0.326,0.4,6.02,0.679,0.282,0.352,0.536,0.307,8
SOUTHEAST / IT CORRIDOR,Bi-directional,12.909536,77.603392,BTM Layout,BTM Layout,,residential,residential,none,7.5m,30.0,0.34,0.49,0.627,0.384,0.26,0.511,0.473,0.672,0.377,0.442,0.143,0.427,0.508,0.296,0.4,3.86,0.651,0.242,0.377,0.485,0.448,6
SOUTHEAST / IT CORRIDOR,Bi-directional,12.911423,77.611041,BTM Layout,BTM Layout,5th B Cross Road,residential,residential,none,7.5m,30.0,0.59,0.26,0.672,0.385,0.387,0.392,0.505,0.692,0.37,0.474,0.169,0.417,0.362,0.406,0.383,4.83,0.546,0.197,0.4,0.517,0.381,2
SOUTHEAST / IT CORRIDOR,Bi-directional,12.914077,77.615771,BTM Layout,BTM Layout,,residential,residential,none,7.5m,30.0,0.54,0.3,0.574,0.475,0.059,0.124,0.492,0.684,0.487,0.415,0.138,0.504,0.476,0.372,0.442,7.94,0.58,0.143,0.414,0.41,0.414,6
SOUTHEAST / IT CORRIDOR,Bi-directional,12.907004,77.611099,BTM Layout,BTM Layout,16th Main Road,tertiary,tertiary,none,7.5m,30.0,0.31,0.52,0.69,0.553,0.047,0.805,0.616,0.72,0.256,0.574,0.072,0.557,0.597,0.239,0.382,0.69,0.632,0.116,0.485,0.544,0.351,6
SOUTHEAST / IT CORRIDOR,Bi-directional,12.908543,77.605781,BTM Layout,BTM Layout,,residential,residential,none,7.5m,30.0,0.37,0.51,0.679,0.404,0.398,0.525,0.54,0.592,0.356,0.432,0.102,0.395,0.541,0.362,0.464,6.99,0.671,0.203,0.308,0.446,0.395,6
SOUTHEAST / IT CORRIDOR,Bi-directional,12.919405,77.603549,BTM Layout,BTM Layout,,residential,residential,none,7.5m,30.0,0.12,0.4,0.604,0.499,0.198,0.598,0.556,0.573,0.463,0.424,0.156,0.416,0.548,0.346,0.432,2.87,0.53,0.093,0.305,0.47,0.516,8
SOUTHEAST / IT CORRIDOR,Bi-directional,12.917716,77.607696,BTM Layout,BTM Layout,,residential,residential,none,7.5m,30.0,0.37,0.22,0.593,0.472,0.462,0.795,0.519,0.669,0.412,0.43,0.106,0.435,0.52,0.318,0.389,2.81,0.531,0.175,0.33,0.453,0.528,8
SOUTHEAST / IT CORRIDOR,Bi-directional,12.919025,77.613602,BTM Layout,BTM Layout,7th Cross Road,residential,residential,none,7.5m,30.0,0.23,0.23,0.58,0.403,0.338,0.248,0.552,0.625,0.38,0.451,0.097,0.352,0.425,0.297,0.369,3.39,0.579,0.133,0.354,0.45,0.317,6
SOUTHEAST / IT CORRIDOR,Bi-directional,12.918316,77.605719,BTM Layout,BTM Layout,,residential,residential,none,7.5m,30.0,0.51,0.67,0.601,0.421,0.156,0.555,0.516,0.624,0.344,0.456,0.145,0.464,0.546,0.337,0.401,3.04,0.657,0.158,0.342,0.477,0.39,6
SOUTHEAST / IT CORRIDOR,Bi-directional,12.916627,77.610086,BTM Layout,BTM Layout,Outer Ring Road,trunk,trunk,none,7.5m,60.0,0.19,0.28,0.581,0.493,0.102,0.491,0.755,0.818,0.232,0.518,0.124,0.755,0.605,0.233,0.34,0.75,0.635,0.213,0.548,0.552,0.346,4
SOUTHEAST / IT CORRIDOR,Bi-directional,12.912063,77.611716,BTM Layout,BTM Layout,5th A Cross Road,residential,residential,none,7.5m,30.0,0.48,0.51,0.619,0.438,0.34,0.736,0.599,0.655,0.43,0.441,0.087,0.423,0.442,0.387,0.487,8.53,0.647,0.157,0.347,0.485,0.495,2
SOUTHEAST / IT CORRIDOR,Bi-directional,12.917363,77.603979,BTM Layout,BTM Layout,,residential,residential,none,7.5m,30.0,0.6,0.38,0.711,0.414,0.492,0.178,0.534,0.607,0.386,0.364,0.106,0.408,0.538,0.374,0.402,3.53,0.565,0.171,0.392,0.387,0.368,6
SOUTHEAST / IT CORRIDOR,Bi-directional,12.918046,77.608402,BTM Layout,BTM Layout,,residential,residential,none,7.5m,30.0,0.44,0.29,0.666,0.453,0.334,0.365,0.515,0.676,0.31,0.373,0.174,0.496,0.534,0.343,0.393,8.98,0.523,0.113,0.305,0.367,0.343,6
SOUTHEAST / IT CORRIDOR,Bi-directional,12.92058,77.616084,BTM Layout,BTM Layout,,residential,residential,none,7.5m,30.0,0.41,0.61,0.673,0.41,0.237,0.244,0.564,0.659,0.351,0.367,0.152,0.422,0.56,0.397,0.414,1.26,0.563,0.076,0.37,0.347,0.422,6
SOUTHEAST / IT CORRIDOR,Bi-directional,12.920928,77.610764,BTM Layout,BTM Layout,16th Main,secondary,secondary,none,7.5m,40.0,0.25,0.21,0.665,0.555,0.424,0.101,0.588,0.763,0.324,0.577,0.167,0.552,0.509,0.306,0.4,0.37,0.632,0.14,0.429,0.577,0.253,4
SOUTHEAST / IT CORRIDOR,Bi-directional,12.907999,77.604741,BTM Layout,BTM Layout,,residential,residential,none,7.5m,30.0,0.41,0.51,0.596,0.49,0.206,0.365,0.518,0.628,0.409,0.41,0.143,0.456,0.421,0.439,0.489,14.42,0.68,0.283,0.367,0.393,0.408,2
SOUTHEAST / IT CORRIDOR,Bi-directional,12.91781,77.604165,BTM Layout,BTM Layout,9th Main Road,residential,residential,none,7.5m,30.0,0.53,0.63,0.705,0.491,0.157,0.427,0.589,0.664,0.401,0.411,0.19,0.471,0.571,0.347,0.451,3.03,0.648,0.119,0.371,0.455,0.395,6
SOUTHEAST / IT CORRIDOR,Bi-directional,12.909362,77.60707,BTM Layout,BTM Layout,18th Cross Road,residential,residential,none,7.5m,30.0,0.26,0.27,0.664,0.466,0.105,0.691,0.497,0.632,0.481,0.402,0.095,0.383,0.41,0.369,0.447,2.86,0.601,0.123,0.305,0.403,0.464,2
SOUTHEAST / IT CORRIDOR,Bi-directional,12.912839,77.604218,BTM Layout,BTM Layout,2nd Main Road,residential,residential,none,7.5m,30.0,0.25,0.36,0.691,0.476,0.483,0.785,0.499,0.647,0.487,0.494,0.182,0.355,0.478,0.358,0.443,4.43,0.553,0.124,0.378,0.491,0.512,6
SOUTHEAST / IT CORRIDOR,Bi-directional,12.910625,77.615047,BTM Layout,BTM Layout,4th B Cross Road,residential,residential,none,7.5m,30.0,0.36,0.28,0.621,0.426,0.24,0.697,0.558,0.597,0.345,0.47,0.097,0.465,0.502,0.278,0.387,9.65,0.617,0.105,0.355,0.453,0.424,6
SOUTHEAST / IT CORRIDOR,Bi-directional,12.911829,77.605912,BTM Layout,BTM Layout,6th Main Road,residential,residential,none,7.5m,30.0,0.4,0.28,0.655,0.501,0.29,0.519,0.549,0.622,0.377,0.482,0.145,0.424,0.537,0.308,0.397,3.99,0.652,0.182,0.309,0.498,0.425,8
SOUTHEAST / IT CORRIDOR,Bi-directional,12.910737,77.604094,BTM Layout,BTM Layout,4th Main Road,residential,residential,none,7.5m,30.0,0.39,0.35,0.644,0.402,0.435,0.784,0.569,0.598,0.329,0.449,0.167,0.451,0.523,0.276,0.415,3.35,0.579,0.147,0.385,0.451,0.441,6
SOUTHEAST / IT CORRIDOR,Bi-directional,12.918357,77.615571,BTM Layout,BTM Layout,,residential,residential,none,7.5m,30.0,0.51,0.3,0.598,0.417,0.42,0.41,0.517,0.658,0.394,0.426,0.055,0.49,0.434,0.395,0.479,3.27,0.679,0.097,0.39,0.388,0.384,2
SOUTHEAST / IT CORRIDOR,Bi-directional,12.917264,77.615291,BTM Layout,BTM Layout,29th Main Road,tertiary,tertiary,none,7.5m,30.0,0.2,0.57,0.814,0.606,0.065,0.49,0.658,0.714,0.383,0.593,0.174,0.424,0.623,0.276,0.426,4.09,0.698,0.199,0.458,0.646,0.42,6
SOUTHEAST / IT CORRIDOR,Bi-directional,12.91022,77.606506,BTM Layout,BTM Layout,7th Main Road,tertiary,tertiary,none,7.5m,30.0,0.3,0.36,0.725,0.601,0.288,0.849,0.591,0.694,0.383,0.548,0.174,0.545,0.588,0.223,0.396,2.75,0.7,0.095,0.386,0.529,0.449,8
SOUTHEAST / IT CORRIDOR,Bi-directional,12.920069,77.60793,BTM Layout,BTM Layout,Maruthi Layout Main Road,residential,residential,none,7.5m,30.0,0.28,0.35,0.638,0.451,0.424,0.413,0.605,0.586,0.304,0.495,0.087,0.436,0.514,0.288,0.364,1.27,0.548,0.178,0.324,0.487,0.354,8
SOUTHEAST / IT CORRIDOR,Bi-directional,12.912251,77.603855,BTM Layout,BTM Layout,1st Main Road,residential,residential,none,7.5m,30.0,0.51,0.4,0.587,0.45,0.034,0.328,0.525,0.673,0.49,0.519,0.07,0.504,0.542,0.277,0.425,11.64,0.641,0.089,0.306,0.482,0.345,6
SOUTHEAST / IT CORRIDOR,Bi-directional,12.912915,77.607857,BTM Layout,BTM Layout,9th Cross Road,residential,residential,none,7.5m,30.0,0.43,0.49,0.665,0.398,0.203,0.839,0.487,0.607,0.353,0.443,0.189,0.406,0.533,0.312,0.397,21.46,0.617,0.192,0.303,0.449,0.489,6
SOUTHEAST / IT CORRIDOR,Bi-directional,12.918477,77.611596,BTM Layout,BTM Layout,18th Main Road,residential,residential,none,7.5m,30.0,0.15,0.25,0.688,0.472,0.299,0.59,0.562,0.671,0.455,0.52,0.152,0.355,0.504,0.318,0.407,4.21,0.619,0.25,0.357,0.545,0.473,6
SOUTHEAST / IT CORRIDOR,Bi-directional,12.919916,77.616666,BTM Layout,BTM Layout,,residential,residential,none,7.5m,30.0,0.51,0.57,0.63,0.387,0.307,0.757,0.511,0.663,0.427,0.457,0.159,0.47,0.519,0.378,0.427,6.13,0.692,0.249,0.407,0.499,0.507,6
SOUTHEAST / IT CORRIDOR,Bi-directional,12.90945,77.610666,BTM Layout,BTM Layout,7th Cross Road,residential,residential,none,7.5m,30.0,0.28,0.66,0.717,0.425,0.42,0.29,0.551,0.601,0.484,0.399,0.065,0.455,0.56,0.393,0.48,2.08,0.597,0.166,0.301,0.356,0.461,6
SOUTHEAST / IT CORRIDOR,Bi-directional,12.90747,77.610935,BTM Layout,BTM Layout,16th Main Road,tertiary,tertiary,none,7.5m,30.0,0.34,0.64,0.711,0.515,0.203,0.725,0.604,0.764,0.255,0.596,0.09,0.57,0.622,0.305,0.38,0.94,0.769,0.207,0.495,0.664,0.357,6
SOUTHEAST / IT CORRIDOR,Bi-directional,12.91904,77.605309,BTM Layout,BTM Layout,,residential,residential,none,7.5m,30.0,0.26,0.52,0.701,0.503,0.023,0.344,0.545,0.581,0.352,0.408,0.119,0.396,0.476,0.288,0.461,1.46,0.653,0.214,0.349,0.428,0.429,6
SOUTHEAST / IT CORRIDOR,Bi-directional,12.915913,77.612384,BTM Layout,BTM Layout,2nd Cross Road,residential,residential,none,7.5m,30.0,0.51,0.7,0.678,0.513,0.019,0.397,0.489,0.69,0.36,0.445,0.179,0.454,0.572,0.29,0.394,3.35,0.656,0.152,0.356,0.422,0.343,8
SOUTHEAST / IT CORRIDOR,Bi-directional,12.92117,77.604042,BTM Layout,BTM Layout,,residential,residential,none,7.5m,30.0,0.35,0.63,0.709,0.514,0.11,0.152,0.53,0.634,0.332,0.385,0.198,0.387,0.493,0.371,0.422,1.18,0.56,0.087,0.395,0.358,0.327,4
SOUTHEAST / IT CORRIDOR,Bi-directional,12.910251,77.606001,BTM Layout,BTM Layout,6th Main Road,residential,residential,none,7.5m,30.0,0.13,0.46,0.681,0.49,0.212,0.799,0.504,0.649,0.379,0.428,0.114,0.397,0.452,0.354,0.446,2.51,0.526,0.103,0.326,0.407,0.486,6
SOUTHEAST / IT CORRIDOR,Bi-directional,12.912194,77.60893,BTM Layout,BTM Layout,13th Main Road,residential,residential,none,7.5m,30.0,0.13,0.37,0.643,0.422,0.317,0.753,0.51,0.549,0.355,0.42,0.172,0.415,0.505,0.371,0.452,2.96,0.499,0.084,0.358,0.458,0.436,6
SOUTHEAST / IT CORRIDOR,Bi-directional,12.913606,77.605828,BTM Layout,BTM Layout,7th Cross Road,tertiary,tertiary,none,7.5m,30.0,0.47,0.31,0.739,0.456,0.252,0.881,0.593,0.758,0.283,0.528,0.076,0.572,0.639,0.265,0.34,1.23,0.63,0.119,0.422,0.502,0.422,8
SOUTHEAST / IT CORRIDOR,Bi-directional,12.909565,77.605347,BTM Layout,BTM Layout,18th Cross Road,residential,residential,none,7.5m,30.0,0.36,0.37,0.694,0.44,0.107,0.871,0.581,0.632,0.318,0.391,0.12,0.401,0.496,0.342,0.397,4.49,0.659,0.177,0.311,0.388,0.453,6
SOUTHEAST / IT CORRIDOR,Bi-directional,12.90979,77.606713,BTM Layout,BTM Layout,17th Cross Road,residential,residential,none,7.5m,30.0,0.59,0.55,0.696,0.423,0.219,0.237,0.566,0.709,0.499,0.456,0.142,0.526,0.577,0.315,0.39,4.38,0.601,0.109,0.339,0.479,0.41,8
SOUTHEAST / IT CORRIDOR,Bi-directional,12.916389,77.615188,BTM Layout,BTM Layout,29th Main Road,secondary,secondary,none,7.5m,40.0,0.19,0.7,0.745,0.534,0.15,0.364,0.593,0.754,0.376,0.49,0.089,0.512,0.623,0.331,0.407,1.45,0.725,0.248,0.397,0.534,0.398,4
SOUTHEAST / IT CORRIDOR,Bi-directional,12.914423,77.605594,BTM Layout,BTM Layout,5th Cross Road,residential,residential,none,7.5m,30.0,0.17,0.41,0.675,0.433,0.077,0.52,0.485,0.607,0.333,0.422,0.145,0.384,0.506,0.312,0.378,2.23,0.588,0.213,0.301,0.438,0.421,6
SOUTHEAST / IT CORRIDOR,Bi-directional,12.920826,77.615739,BTM Layout,BTM Layout,,residential,residential,none,7.5m,30.0,0.46,0.56,0.638,0.503,0.239,0.593,0.5,0.63,0.396,0.453,0.155,0.448,0.559,0.366,0.443,1.81,0.65,0.059,0.297,0.481,0.446,6
SOUTHEAST / IT CORRIDOR,Bi-directional,12.913017,77.612968,BTM Layout,BTM Layout,3rd D Cross Road,residential,residential,none,7.5m,30.0,0.28,0.24,0.6,0.433,0.199,0.476,0.506,0.599,0.439,0.401,0.058,0.405,0.502,0.369,0.418,17.18,0.525,0.212,0.293,0.37,0.432,6
SOUTHEAST / IT CORRIDOR,Bi-directional,12.912711,77.615582,BTM Layout,BTM Layout,,residential,residential,none,7.5m,30.0,0.2,0.38,0.574,0.434,0.496,0.206,0.527,0.608,0.329,0.375,0.16,0.418,0.38,0.368,0.455,2.34,0.579,0.137,0.33,0.409,0.396,2
SOUTHEAST / IT CORRIDOR,Bi-directional,12.916134,77.603069,BTM Layout,BTM Layout,1st Main Road,residential,residential,none,7.5m,30.0,0.18,0.34,0.667,0.485,0.306,0.811,0.541,0.624,0.454,0.495,0.181,0.405,0.521,0.378,0.473,1.64,0.587,0.212,0.293,0.468,0.514,6
SOUTHEAST / IT CORRIDOR,Bi-directional,12.920586,77.614997,BTM Layout,BTM Layout,12th Cross Road,residential,residential,none,7.5m,30.0,0.39,0.67,0.67,0.462,0.032,0.733,0.615,0.596,0.379,0.528,0.129,0.379,0.49,0.394,0.466,2.52,0.644,0.093,0.303,0.481,0.481,4
SOUTHEAST / IT CORRIDOR,Bi-directional,12.916605,77.612206,BTM Layout,BTM Layout,Outer Ring Road,trunk,trunk,none,7.5m,60.0,0.25,0.24,0.642,0.4,0.161,0.845,0.748,0.884,0.234,0.516,0.189,0.671,0.58,0.272,0.367,4.1,0.632,0.058,0.642,0.575,0.356,3
SOUTHEAST / IT CORRIDOR,Bi-directional,12.910822,77.612645,BTM Layout,BTM Layout,24th Main Road,residential,residential,none,7.5m,30.0,0.27,0.26,0.653,0.474,0.492,0.445,0.502,0.679,0.438,0.517,0.194,0.404,0.454,0.28,0.377,6.8,0.603,0.14,0.352,0.48,0.372,6
SOUTHEAST / IT CORRIDOR,Bi-directional,12.916141,77.608245,BTM Layout,BTM Layout,,residential,residential,none,7.5m,30.0,0.46,0.48,0.619,0.459,0.283,0.183,0.515,0.613,0.302,0.481,0.083,0.465,0.444,0.314,0.358,4.18,0.563,0.218,0.399,0.439,0.316,4
SOUTHEAST / IT CORRIDOR,Bi-directional,12.916329,77.606382,BTM Layout,BTM Layout,1st Cross Road,residential,residential,none,7.5m,30.0,0.22,0.45,0.604,0.397,0.048,0.197,0.473,0.617,0.438,0.43,0.174,0.396,0.574,0.337,0.428,6.92,0.591,0.131,0.399,0.443,0.399,8
SOUTHEAST / IT CORRIDOR,Bi-directional,12.91835,77.612627,BTM Layout,BTM Layout,,residential,residential,none,7.5m,30.0,0.15,0.38,0.576,0.446,0.266,0.51,0.502,0.574,0.353,0.472,0.051,0.367,0.462,0.286,0.453,1.94,0.558,0.267,0.384,0.451,0.443,6
SOUTHEAST / IT CORRIDOR,Bi-directional,12.909601,77.612636,BTM Layout,BTM Layout,25th Main Road,residential,residential,none,7.5m,30.0,0.49,0.37,0.589,0.507,0.31,0.519,0.545,0.667,0.372,0.463,0.11,0.393,0.534,0.29,0.374,7.31,0.574,0.272,0.359,0.422,0.453,6
SOUTHEAST / IT CORRIDOR,Bi-directional,12.920745,77.615851,BTM Layout,BTM Layout,,residential,residential,none,7.5m,30.0,0.28,0.5,0.663,0.411,0.282,0.824,0.487,0.594,0.459,0.47,0.121,0.436,0.495,0.355,0.452,0.9,0.638,0.293,0.311,0.481,0.509,4
SOUTHEAST / IT CORRIDOR,Bi-directional,12.919867,77.613021,BTM Layout,BTM Layout,Maruthi Nagar Main Road,secondary,secondary,none,7.5m,40.0,0.33,0.65,0.776,0.497,0.12,0.749,0.572,0.764,0.305,0.521,0.091,0.576,0.633,0.187,0.377,4.08,0.663,0.157,0.392,0.553,0.381,6
SOUTHEAST / IT CORRIDOR,Bi-directional,12.918614,77.605933,BTM Layout,BTM Layout,,residential,residential,none,7.5m,30.0,0.6,0.37,0.706,0.42,0.119,0.136,0.498,0.692,0.399,0.448,0.101,0.481,0.482,0.363,0.418,6.31,0.685,0.233,0.408,0.48,0.378,6
SOUTHEAST / IT CORRIDOR,Bi-directional,12.918367,77.610963,BTM Layout,BTM Layout,4th Cross Road,residential,residential,none,7.5m,30.0,0.22,0.55,0.579,0.455,0.141,0.746,0.559,0.649,0.393,0.412,0.172,0.389,0.523,0.347,0.475,4.62,0.647,0.227,0.407,0.378,0.459,6
SOUTHEAST / IT CORRIDOR,Bi-directional,12.909698,77.611724,BTM Layout,BTM Layout,23rd Main Road,residential,residential,none,7.5m,30.0,0.5,0.31,0.692,0.514,0.274,0.286,0.497,0.613,0.365,0.419,0.181,0.422,0.456,0.283,0.439,6.63,0.589,0.261,0.332,0.425,0.372,6
SOUTHEAST / IT CORRIDOR,Bi-directional,12.91099,77.614631,BTM Layout,BTM Layout,29th Main Road,secondary,secondary,none,7.5m,40.0,0.6,0.66,0.746,0.481,0.383,0.675,0.708,0.853,0.307,0.604,0.093,0.613,0.64,0.26,0.334,5.63,0.725,0.113,0.459,0.649,0.39,4
SOUTHEAST / IT CORRIDOR,Bi-directional,12.919563,77.604967,BTM Layout,BTM Layout,,residential,residential,none,7.5m,30.0,0.59,0.39,0.613,0.495,0.027,0.279,0.525,0.626,0.446,0.378,0.064,0.419,0.526,0.292,0.416,3.42,0.573,0.246,0.263,0.347,0.366,6
SOUTHEAST / IT CORRIDOR,Bi-directional,12.920786,77.617413,BTM Layout,BTM Layout,,residential,residential,none,7.5m,30.0,0.57,0.28,0.678,0.496,0.329,0.529,0.514,0.596,0.394,0.395,0.117,0.493,0.452,0.325,0.401,2.94,0.666,0.288,0.289,0.367,0.415,4
SOUTHEAST / IT CORRIDOR,Bi-directional,12.909382,77.611537,BTM Layout,BTM Layout,7th Cross Road,residential,residential,none,7.5m,30.0,0.51,0.29,0.719,0.418,0.177,0.101,0.537,0.655,0.451,0.387,0.167,0.425,0.511,0.343,0.422,2.25,0.621,0.055,0.348,0.341,0.352,6
SOUTHEAST / IT CORRIDOR,Bi-directional,12.92042,77.611211,BTM Layout,BTM Layout,10th Cross Road,residential,residential,none,7.5m,30.0,0.1,0.28,0.625,0.487,0.233,0.731,0.549,0.599,0.377,0.412,0.184,0.349,0.463,0.339,0.448,2.07,0.484,0.069,0.296,0.414,0.483,6
SOUTHEAST / IT CORRIDOR,Bi-directional,12.91978,77.610722,BTM Layout,BTM Layout,8th Cross Road,tertiary,tertiary,none,7.5m,30.0,0.56,0.57,0.778,0.605,0.025,0.866,0.619,0.812,0.382,0.597,0.075,0.619,0.544,0.265,0.364,7.61,0.727,0.289,0.45,0.553,0.417,4
SOUTHEAST / IT CORRIDOR,Bi-directional,12.911967,77.60835,BTM Layout,BTM Layout,"['12th Main Road', '12th Cross Road']",residential,residential,none,7.5m,30.0,0.12,0.63,0.607,0.511,0.321,0.84,0.538,0.648,0.393,0.45,0.182,0.364,0.484,0.353,0.461,7.41,0.531,0.216,0.385,0.474,0.464,6
SOUTHEAST / IT CORRIDOR,Bi-directional,12.91401,77.610689,BTM Layout,BTM Layout,7th Cross Road,residential,residential,none,7.5m,30.0,0.47,0.6,0.598,0.464,0.135,0.336,0.521,0.624,0.36,0.426,0.082,0.448,0.585,0.297,0.444,3.13,0.642,0.299,0.376,0.473,0.34,8
SOUTHEAST / IT CORRIDOR,Bi-directional,12.907268,77.603958,BTM Layout,BTM Layout,4th Main Road,residential,residential,none,7.5m,30.0,0.23,0.27,0.589,0.403,0.162,0.498,0.507,0.664,0.308,0.362,0.118,0.382,0.513,0.363,0.423,0.84,0.561,0.256,0.396,0.337,0.438,6
SOUTHEAST / IT CORRIDOR,Bi-directional,12.911273,77.60687,BTM Layout,BTM Layout,8th Main Road,residential,residential,none,7.5m,30.0,0.24,0.47,0.571,0.399,0.092,0.266,0.485,0.597,0.41,0.432,0.084,0.372,0.462,0.321,0.407,3.14,0.529,0.085,0.301,0.447,0.424,6
SOUTHEAST / IT CORRIDOR,Bi-directional,12.909019,77.614569,BTM Layout,BTM Layout,9th Cross Road,residential,residential,none,7.5m,30.0,0.15,0.66,0.678,0.419,0.157,0.38,0.547,0.604,0.389,0.389,0.156,0.323,0.439,0.407,0.438,9.09,0.636,0.084,0.344,0.362,0.465,4
SOUTHEAST / IT CORRIDOR,Bi-directional,12.914393,77.604861,BTM Layout,BTM Layout,5th Cross Road,residential,residential,none,7.5m,30.0,0.33,0.52,0.589,0.464,0.122,0.326,0.548,0.595,0.446,0.449,0.147,0.458,0.539,0.321,0.426,3.63,0.569,0.084,0.356,0.397,0.438,8
SOUTHEAST / IT CORRIDOR,Bi-directional,12.917537,77.604779,BTM Layout,BTM Layout,,residential,residential,none,7.5m,30.0,0.4,0.44,0.671,0.435,0.442,0.239,0.554,0.687,0.364,0.432,0.107,0.43,0.504,0.302,0.365,12.09,0.609,0.128,0.346,0.459,0.311,6
SOUTHEAST / IT CORRIDOR,Bi-directional,12.919759,77.605886,BTM Layout,BTM Layout,,residential,residential,none,7.5m,30.0,0.21,0.58,0.701,0.477,0.025,0.869,0.599,0.581,0.447,0.446,0.079,0.417,0.528,0.328,0.417,16.17,0.616,0.084,0.409,0.439,0.48,8
SOUTHEAST / IT CORRIDOR,Bi-directional,12.921091,77.604072,BTM Layout,BTM Layout,,residential,residential,none,7.5m,30.0,0.25,0.67,0.697,0.489,0.301,0.184,0.531,0.566,0.336,0.421,0.186,0.46,0.549,0.378,0.391,1.8,0.673,0.298,0.317,0.466,0.366,6
SOUTHEAST / IT CORRIDOR,Bi-directional,12.919553,77.608214,BTM Layout,BTM Layout,,residential,residential,none,7.5m,30.0,0.43,0.63,0.612,0.407,0.495,0.223,0.587,0.629,0.402,0.494,0.093,0.371,0.497,0.281,0.42,3.24,0.629,0.202,0.271,0.498,0.356,6
SOUTHEAST / IT CORRIDOR,Bi-directional,12.92053,77.607988,BTM Layout,BTM Layout,,residential,residential,none,7.5m,30.0,0.16,0.49,0.585,0.505,0.297,0.425,0.537,0.675,0.387,0.474,0.076,0.402,0.509,0.347,0.384,9.24,0.638,0.222,0.327,0.435,0.425,6
SOUTHEAST / IT CORRIDOR,Bi-directional,12.913049,77.604004,BTM Layout,BTM Layout,8th Cross Road,residential,residential,none,7.5m,30.0,0.29,0.67,0.635,0.391,0.144,0.897,0.542,0.673,0.359,0.444,0.12,0.358,0.504,0.371,0.409,3.89,0.597,0.108,0.349,0.439,0.469,6
SOUTHEAST / IT CORRIDOR,Bi-directional,12.913841,77.61441,BTM Layout,BTM Layout,3rd Cross Road,residential,residential,none,7.5m,30.0,0.47,0.61,0.594,0.418,0.041,0.663,0.553,0.673,0.454,0.426,0.106,0.441,0.591,0.266,0.443,3.26,0.682,0.266,0.312,0.396,0.496,8
SOUTHEAST / IT CORRIDOR,Bi-directional,12.908603,77.604055,BTM Layout,BTM Layout,4th Main Road,residential,residential,none,7.5m,30.0,0.56,0.36,0.624,0.492,0.118,0.122,0.5,0.698,0.436,0.366,0.051,0.508,0.543,0.368,0.381,2.15,0.578,0.216,0.321,0.399,0.348,8
SOUTHEAST / IT CORRIDOR,Bi-directional,12.917324,77.610618,BTM Layout,BTM Layout,17th Main Road,residential,residential,none,7.5m,30.0,0.25,0.36,0.654,0.407,0.42,0.318,0.507,0.666,0.39,0.49,0.167,0.344,0.509,0.324,0.397,3.97,0.605,0.189,0.304,0.512,0.382,6
SOUTHEAST / IT CORRIDOR,Bi-directional,12.909469,77.604338,BTM Layout,BTM Layout,18th Cross Road,residential,residential,none,7.5m,30.0,0.31,0.64,0.666,0.412,0.497,0.722,0.545,0.637,0.389,0.422,0.065,0.475,0.627,0.337,0.378,5.03,0.559,0.248,0.331,0.406,0.506,8
SOUTHEAST / IT CORRIDOR,Bi-directional,12.917232,77.617262,BTM Layout,BTM Layout,,residential,residential,none,7.5m,30.0,0.43,0.3,0.6,0.514,0.346,0.736,0.506,0.638,0.316,0.443,0.065,0.451,0.413,0.408,0.411,2.56,0.667,0.235,0.38,0.446,0.471,4
SOUTHEAST / IT CORRIDOR,Bi-directional,12.920828,77.614469,BTM Layout,BTM Layout,12th Cross Road,residential,residential,none,7.5m,30.0,0.42,0.41,0.601,0.506,0.372,0.255,0.518,0.676,0.367,0.516,0.095,0.416,0.499,0.415,0.408,3.48,0.671,0.113,0.306,0.537,0.4,4
SOUTHEAST / IT CORRIDOR,Bi-directional,12.912519,77.606339,BTM Layout,BTM Layout,7th Main Road,tertiary,tertiary,none,7.5m,30.0,0.31,0.27,0.821,0.578,0.045,0.345,0.649,0.748,0.307,0.572,0.073,0.446,0.539,0.275,0.359,2.43,0.646,0.207,0.506,0.611,0.35,6
SOUTHEAST / IT CORRIDOR,Bi-directional,12.920393,77.613162,BTM Layout,BTM Layout,Maruthi Nagar Main Road,secondary,secondary,none,7.5m,40.0,0.28,0.58,0.807,0.46,0.088,0.284,0.636,0.745,0.215,0.504,0.059,0.585,0.631,0.265,0.357,1.41,0.703,0.227,0.473,0.453,0.321,6
SOUTHEAST / IT CORRIDOR,Bi-directional,12.909464,77.607596,BTM Layout,BTM Layout,,residential,residential,none,7.5m,30.0,0.1,0.27,0.665,0.417,0.365,0.31,0.48,0.559,0.363,0.376,0.169,0.374,0.481,0.317,0.386,1.47,0.559,0.242,0.282,0.333,0.421,6
SOUTHEAST / IT CORRIDOR,Bi-directional,12.913993,77.61007,BTM Layout,BTM Layout,7th Cross Road,tertiary,tertiary,none,7.5m,30.0,0.4,0.65,0.765,0.486,0.229,0.176,0.575,0.783,0.355,0.523,0.12,0.491,0.525,0.267,0.361,0.66,0.681,0.164,0.387,0.475,0.295,4
SOUTHEAST / IT CORRIDOR,Bi-directional,12.919854,77.611141,BTM Layout,BTM Layout,17th Main Road,residential,residential,none,7.5m,30.0,0.2,0.46,0.668,0.408,0.076,0.541,0.592,0.594,0.445,0.452,0.197,0.394,0.432,0.409,0.475,1.89,0.606,0.271,0.291,0.441,0.458,4
SOUTHEAST / IT CORRIDOR,Bi-directional,12.917262,77.604148,BTM Layout,BTM Layout,9th Main Road,residential,residential,none,7.5m,30.0,0.16,0.23,0.586,0.514,0.132,0.453,0.592,0.66,0.45,0.378,0.15,0.32,0.418,0.335,0.447,2.88,0.577,0.227,0.283,0.375,0.464,6
SOUTHEAST / IT CORRIDOR,Bi-directional,12.92066,77.60399,BTM Layout,BTM Layout,,residential,residential,none,7.5m,30.0,0.49,0.34,0.705,0.405,0.08,0.442,0.557,0.611,0.449,0.487,0.089,0.503,0.528,0.373,0.436,3.02,0.609,0.065,0.367,0.445,0.446,6
SOUTHEAST / IT CORRIDOR,Bi-directional,12.913796,77.61478,BTM Layout,BTM Layout,3rd Cross Road,residential,residential,none,7.5m,30.0,0.22,0.63,0.598,0.483,0.235,0.856,0.492,0.561,0.449,0.466,0.182,0.37,0.563,0.258,0.472,4.03,0.549,0.236,0.388,0.456,0.511,8
SOUTHEAST / IT CORRIDOR,Bi-directional,12.91985,77.617365,BTM Layout,BTM Layout,,tertiary,tertiary,none,7.5m,30.0,0.36,0.37,0.786,0.457,0.45,0.132,0.594,0.77,0.236,0.543,0.15,0.51,0.585,0.251,0.374,1.24,0.729,0.293,0.399,0.535,0.246,5
SOUTHEAST / IT CORRIDOR,Bi-directional,12.919439,77.615832,BTM Layout,BTM Layout,8th Cross Road,tertiary,tertiary,none,7.5m,30.0,0.33,0.25,0.705,0.535,0.278,0.38,0.602,0.7,0.247,0.588,0.09,0.542,0.589,0.187,0.344,2.85,0.605,0.3,0.407,0.533,0.27,8
SOUTHEAST / IT CORRIDOR,Bi-directional,12.917716,77.610672,BTM Layout,BTM Layout,17th Main Road,residential,residential,none,7.5m,30.0,0.17,0.44,0.675,0.392,0.291,0.204,0.571,0.574,0.426,0.403,0.151,0.412,0.53,0.348,0.434,3.96,0.591,0.069,0.394,0.443,0.386,6
SOUTHEAST / IT CORRIDOR,Bi-directional,12.909317,77.633261,HSR Layout,HSR Layout,,residential,residential,none,7.5m,30.0,0.25,0.33,0.683,0.423,0.055,0.136,0.57,0.653,0.319,0.422,0.169,0.443,0.447,0.291,0.341,4.9,0.504,0.192,0.333,0.432,0.366,6
SOUTHEAST / IT CORRIDOR,Bi-directional,12.907679,77.643098,HSR Layout,HSR Layout,18th Main Road,residential,residential,none,7.5m,30.0,0.2,0.28,0.681,0.448,0.435,0.644,0.582,0.674,0.411,0.467,0.117,0.449,0.482,0.327,0.394,4.64,0.492,0.262,0.329,0.455,0.427,6
SOUTHEAST / IT CORRIDOR,Bi-directional,12.917822,77.643031,HSR Layout,HSR Layout,17th A Main Road,residential,residential,none,7.5m,30.0,0.15,0.21,0.632,0.55,0.296,0.231,0.548,0.595,0.461,0.427,0.197,0.339,0.439,0.399,0.441,11.78,0.466,0.287,0.348,0.428,0.393,6
SOUTHEAST / IT CORRIDOR,Bi-directional,12.91328,77.634062,HSR Layout,HSR Layout,,residential,residential,none,7.5m,30.0,0.57,0.67,0.66,0.508,0.471,0.414,0.589,0.638,0.36,0.38,0.072,0.455,0.58,0.361,0.444,4.32,0.613,0.159,0.289,0.363,0.371,8
SOUTHEAST / IT CORRIDOR,Bi-directional,12.905681,77.634206,HSR Layout,HSR Layout,,residential,residential,none,7.5m,30.0,0.45,0.63,0.659,0.51,0.488,0.471,0.531,0.673,0.49,0.397,0.163,0.46,0.498,0.388,0.485,12.42,0.63,0.203,0.311,0.431,0.456,6
SOUTHEAST / IT CORRIDOR,Bi-directional,12.90927,77.638968,HSR Layout,HSR Layout,22nd Cross Road,tertiary,tertiary,none,7.5m,30.0,0.47,0.25,0.795,0.537,0.466,0.188,0.617,0.814,0.359,0.504,0.186,0.482,0.586,0.234,0.34,10.73,0.659,0.164,0.511,0.513,0.276,6
SOUTHEAST / IT CORRIDOR,Bi-directional,12.917714,77.633401,HSR Layout,HSR Layout,2nd Avenue,residential,residential,none,7.5m,30.0,0.2,0.25,0.643,0.52,0.053,0.29,0.563,0.641,0.382,0.465,0.173,0.419,0.497,0.291,0.442,9.42,0.568,0.16,0.352,0.464,0.385,8
SOUTHEAST / IT CORRIDOR,Bi-directional,12.905142,77.642866,HSR Layout,HSR Layout,27th Cross Road,secondary,secondary,none,7.5m,40.0,0.44,0.25,0.731,0.583,0.234,0.493,0.669,0.751,0.347,0.608,0.12,0.549,0.609,0.256,0.4,4.33,0.694,0.121,0.421,0.668,0.325,6
SOUTHEAST / IT CORRIDOR,Bi-directional,12.90491,77.643669,HSR Layout,HSR Layout,27th Cross Road,secondary,secondary,none,7.5m,40.0,0.35,0.33,0.762,0.546,0.362,0.769,0.689,0.707,0.307,0.582,0.06,0.635,0.651,0.188,0.375,2.61,0.611,0.068,0.5,0.629,0.369,6
SOUTHEAST / IT CORRIDOR,Bi-directional,12.913189,77.636811,HSR Layout,HSR Layout,12th Main Road,residential,residential,none,7.5m,30.0,0.4,0.21,0.593,0.514,0.496,0.896,0.56,0.625,0.372,0.486,0.144,0.454,0.465,0.327,0.438,16.74,0.504,0.247,0.325,0.522,0.45,6
SOUTHEAST / IT CORRIDOR,Bi-directional,12.911855,77.643775,HSR Layout,HSR Layout,"['18th Cross Road', '18th A Main Road']",residential,residential,none,7.5m,40.0,0.14,0.29,0.667,0.541,0.179,0.67,0.608,0.581,0.471,0.498,0.124,0.404,0.42,0.389,0.437,22.99,0.539,0.248,0.3,0.465,0.452,6
SOUTHEAST / IT CORRIDOR,Bi-directional,12.918137,77.63396,HSR Layout,HSR Layout,6th Main Road,residential,residential,none,7.5m,30.0,0.25,0.45,0.589,0.555,0.164,0.813,0.538,0.655,0.446,0.433,0.091,0.394,0.461,0.297,0.434,2.79,0.589,0.085,0.399,0.397,0.522,6
SOUTHEAST / IT CORRIDOR,Bi-directional,12.905761,77.638441,HSR Layout,HSR Layout,,residential,residential,none,7.5m,30.0,0.22,0.67,0.678,0.56,0.324,0.474,0.545,0.595,0.39,0.518,0.186,0.45,0.482,0.38,0.474,3.14,0.601,0.222,0.372,0.542,0.47,6
SOUTHEAST / IT CORRIDOR,Bi-directional,12.914795,77.639117,HSR Layout,HSR Layout,,residential,residential,none,7.5m,30.0,0.39,0.65,0.626,0.486,0.047,0.427,0.539,0.658,0.362,0.471,0.079,0.457,0.531,0.301,0.37,6.54,0.577,0.166,0.37,0.467,0.414,6
SOUTHEAST / IT CORRIDOR,Bi-directional,12.914096,77.635564,HSR Layout,HSR Layout,,residential,residential,none,7.5m,30.0,0.24,0.39,0.696,0.419,0.03,0.406,0.501,0.665,0.366,0.426,0.188,0.441,0.569,0.277,0.407,4.89,0.606,0.163,0.263,0.445,0.417,8
SOUTHEAST / IT CORRIDOR,Bi-directional,12.908854,77.640608,HSR Layout,HSR Layout,22nd A Cross Road,residential,residential,none,7.5m,30.0,0.51,0.25,0.58,0.448,0.289,0.563,0.609,0.686,0.438,0.532,0.098,0.496,0.479,0.293,0.419,6.85,0.526,0.106,0.302,0.565,0.384,6
SOUTHEAST / IT CORRIDOR,Bi-directional,12.918134,77.63654,HSR Layout,HSR Layout,4th Cross Road,residential,residential,none,7.5m,30.0,0.16,0.21,0.637,0.443,0.318,0.347,0.489,0.574,0.331,0.393,0.187,0.321,0.424,0.409,0.474,7.13,0.544,0.17,0.416,0.374,0.445,6
SOUTHEAST / IT CORRIDOR,Bi-directional,12.909256,77.640087,HSR Layout,HSR Layout,22nd Cross Road,tertiary,tertiary,none,7.5m,30.0,0.25,0.27,0.695,0.538,0.406,0.593,0.601,0.769,0.2,0.49,0.184,0.442,0.564,0.295,0.324,3.51,0.574,0.131,0.411,0.465,0.349,6
SOUTHEAST / IT CORRIDOR,Bi-directional,12.907917,77.635089,HSR Layout,HSR Layout,9th Main Road,tertiary,tertiary,none,7.5m,40.0,0.12,0.57,0.822,0.548,0.432,0.681,0.606,0.752,0.32,0.551,0.132,0.443,0.554,0.299,0.42,3.35,0.65,0.246,0.512,0.55,0.433,6
SOUTHEAST / IT CORRIDOR,Bi-directional,12.904703,77.63611,HSR Layout,HSR Layout,,residential,residential,none,7.5m,30.0,0.41,0.52,0.586,0.512,0.067,0.49,0.586,0.679,0.452,0.441,0.054,0.448,0.529,0.327,0.394,3.73,0.587,0.18,0.377,0.417,0.444,6
SOUTHEAST / IT CORRIDOR,Bi-directional,12.914211,77.638716,HSR Layout,HSR Layout,14th Main Road,residential,residential,none,7.5m,30.0,0.5,0.6,0.641,0.491,0.356,0.835,0.61,0.622,0.403,0.441,0.19,0.469,0.583,0.388,0.474,5.31,0.65,0.267,0.333,0.459,0.495,6
SOUTHEAST / IT CORRIDOR,Bi-directional,12.90465,77.638654,HSR Layout,HSR Layout,,residential,residential,none,7.5m,30.0,0.42,0.39,0.583,0.509,0.48,0.26,0.583,0.595,0.312,0.434,0.14,0.409,0.374,0.42,0.42,3.27,0.519,0.072,0.41,0.46,0.355,2
SOUTHEAST / IT CORRIDOR,Bi-directional,12.906939,77.639626,HSR Layout,HSR Layout,,residential,residential,none,7.5m,30.0,0.59,0.28,0.689,0.557,0.268,0.131,0.541,0.726,0.338,0.514,0.075,0.523,0.512,0.346,0.393,4.16,0.605,0.188,0.401,0.511,0.279,6
SOUTHEAST / IT CORRIDOR,Bi-directional,12.911319,77.644164,HSR Layout,HSR Layout,19th Cross Road,residential,residential,none,7.5m,30.0,0.21,0.67,0.61,0.422,0.373,0.715,0.553,0.62,0.384,0.435,0.075,0.341,0.55,0.374,0.462,4.13,0.54,0.127,0.399,0.458,0.469,6
SOUTHEAST / IT CORRIDOR,Bi-directional,12.905063,77.63875,HSR Layout,HSR Layout,,residential,residential,none,7.5m,30.0,0.52,0.69,0.658,0.416,0.308,0.743,0.536,0.645,0.337,0.48,0.124,0.483,0.46,0.428,0.442,2.88,0.661,0.269,0.344,0.481,0.476,2
SOUTHEAST / IT CORRIDOR,Bi-directional,12.907257,77.645749,HSR Layout,HSR Layout,,residential,residential,none,7.5m,30.0,0.31,0.47,0.593,0.512,0.032,0.776,0.613,0.646,0.31,0.449,0.121,0.409,0.531,0.362,0.41,3.08,0.529,0.13,0.357,0.472,0.509,6
SOUTHEAST / IT CORRIDOR,Bi-directional,12.906887,77.642404,HSR Layout,HSR Layout,,residential,residential,none,7.5m,30.0,0.26,0.32,0.621,0.494,0.257,0.748,0.509,0.659,0.367,0.49,0.143,0.397,0.51,0.294,0.382,3.58,0.496,0.243,0.306,0.458,0.401,6
SOUTHEAST / IT CORRIDOR,Bi-directional,12.907862,77.640039,HSR Layout,HSR Layout,,residential,residential,none,7.5m,30.0,0.38,0.32,0.584,0.485,0.313,0.628,0.609,0.701,0.475,0.411,0.194,0.367,0.554,0.362,0.445,3.25,0.602,0.126,0.293,0.435,0.484,8
SOUTHEAST / IT CORRIDOR,Bi-directional,12.90877,77.643466,HSR Layout,HSR Layout,22nd A Cross Road,residential,residential,none,7.5m,30.0,0.3,0.59,0.651,0.539,0.022,0.803,0.592,0.612,0.423,0.404,0.084,0.435,0.578,0.29,0.439,7.88,0.53,0.109,0.388,0.425,0.493,8
SOUTHEAST / IT CORRIDOR,Bi-directional,12.905038,77.634465,HSR Layout,HSR Layout,,residential,residential,none,7.5m,30.0,0.17,0.36,0.567,0.438,0.435,0.248,0.562,0.659,0.483,0.415,0.073,0.413,0.5,0.416,0.464,0.95,0.504,0.157,0.422,0.392,0.37,6
SOUTHEAST / IT CORRIDOR,Bi-directional,12.907271,77.645408,HSR Layout,HSR Layout,,residential,residential,none,7.5m,30.0,0.38,0.56,0.72,0.498,0.166,0.65,0.596,0.598,0.369,0.491,0.167,0.404,0.543,0.322,0.383,3.38,0.647,0.211,0.276,0.498,0.429,6
SOUTHEAST / IT CORRIDOR,Bi-directional,12.911396,77.642182,HSR Layout,HSR Layout,19th Cross Road,residential,residential,none,7.5m,30.0,0.53,0.33,0.631,0.551,0.134,0.695,0.537,0.67,0.435,0.49,0.081,0.457,0.528,0.293,0.413,3.12,0.637,0.097,0.359,0.532,0.448,6
SOUTHEAST / IT CORRIDOR,Bi-directional,12.910656,77.636095,HSR Layout,HSR Layout,,residential,residential,none,7.5m,30.0,0.48,0.48,0.663,0.48,0.256,0.776,0.539,0.683,0.436,0.48,0.162,0.461,0.568,0.285,0.423,8.97,0.655,0.053,0.394,0.451,0.47,8
SOUTHEAST / IT CORRIDOR,Bi-directional,12.9161,77.645661,HSR Layout,HSR Layout,12 Cross Road,residential,residential,none,7.5m,30.0,0.34,0.4,0.611,0.499,0.257,0.571,0.526,0.586,0.426,0.453,0.144,0.405,0.533,0.36,0.403,4.62,0.546,0.199,0.36,0.479,0.432,6
SOUTHEAST / IT CORRIDOR,Bi-directional,12.907892,77.643248,HSR Layout,HSR Layout,,residential,residential,none,7.5m,30.0,0.12,0.34,0.605,0.425,0.252,0.414,0.524,0.586,0.413,0.454,0.102,0.389,0.5,0.297,0.427,2.89,0.546,0.14,0.27,0.503,0.365,8
SOUTHEAST / IT CORRIDOR,Bi-directional,12.905604,77.643591,HSR Layout,HSR Layout,,residential,residential,none,7.5m,30.0,0.52,0.59,0.697,0.465,0.388,0.169,0.59,0.657,0.413,0.408,0.066,0.446,0.506,0.385,0.428,13.29,0.66,0.297,0.281,0.444,0.357,6
SOUTHEAST / IT CORRIDOR,Bi-directional,12.913471,77.634672,HSR Layout,HSR Layout,15th Cross Road,residential,residential,none,7.5m,30.0,0.22,0.42,0.683,0.42,0.169,0.643,0.549,0.684,0.389,0.401,0.108,0.437,0.475,0.372,0.377,11.91,0.51,0.087,0.348,0.392,0.491,6
SOUTHEAST / IT CORRIDOR,Bi-directional,12.917702,77.632904,HSR Layout,HSR Layout,5th Main Road,residential,residential,none,7.5m,30.0,0.18,0.67,0.666,0.498,0.1,0.217,0.586,0.622,0.324,0.364,0.149,0.407,0.548,0.296,0.414,3.05,0.61,0.273,0.395,0.373,0.376,8
SOUTHEAST / IT CORRIDOR,Bi-directional,12.905843,77.646025,HSR Layout,HSR Layout,,residential,residential,none,7.5m,30.0,0.41,0.46,0.682,0.501,0.106,0.397,0.585,0.686,0.365,0.4,0.149,0.38,0.419,0.421,0.401,2.82,0.53,0.224,0.325,0.447,0.38,2
SOUTHEAST / IT CORRIDOR,Bi-directional,12.909755,77.639828,HSR Layout,HSR Layout,21st Cross Road,residential,residential,none,7.5m,30.0,0.5,0.23,0.593,0.553,0.289,0.868,0.521,0.703,0.391,0.468,0.198,0.486,0.469,0.373,0.45,34.78,0.638,0.18,0.326,0.476,0.51,6
SOUTHEAST / IT CORRIDOR,Bi-directional,12.910322,77.63981,HSR Layout,HSR Layout,21st A Cross Road,residential,residential,none,7.5m,30.0,0.49,0.6,0.711,0.508,0.344,0.703,0.508,0.648,0.36,0.407,0.103,0.433,0.443,0.461,0.437,34.3,0.632,0.287,0.404,0.369,0.529,2
SOUTHEAST / IT CORRIDOR,Bi-directional,12.918004,77.632979,HSR Layout,HSR Layout,5th Main Road,residential,residential,none,7.5m,30.0,0.23,0.51,0.637,0.415,0.389,0.461,0.541,0.662,0.339,0.454,0.088,0.445,0.504,0.332,0.358,3.17,0.571,0.263,0.382,0.404,0.361,6
SOUTHEAST / IT CORRIDOR,Bi-directional,12.905101,77.633664,HSR Layout,HSR Layout,,residential,residential,none,7.5m,30.0,0.25,0.46,0.7,0.536,0.28,0.452,0.492,0.564,0.354,0.413,0.184,0.415,0.519,0.377,0.396,2.92,0.562,0.104,0.41,0.442,0.388,8
SOUTHEAST / IT CORRIDOR,Bi-directional,12.917207,77.644025,HSR Layout,HSR Layout,11th Cross Road,tertiary,tertiary,none,7.5m,30.0,0.36,0.64,0.798,0.543,0.136,0.71,0.668,0.717,0.289,0.625,0.193,0.459,0.638,0.171,0.355,4.74,0.645,0.13,0.482,0.614,0.322,8
SOUTHEAST / IT CORRIDOR,Bi-directional,12.91322,77.636227,HSR Layout,HSR Layout,11th Main Road,residential,residential,none,7.5m,30.0,0.35,0.21,0.61,0.519,0.45,0.706,0.57,0.671,0.482,0.445,0.066,0.446,0.536,0.342,0.448,17.04,0.53,0.208,0.355,0.418,0.454,8
SOUTHEAST / IT CORRIDOR,Bi-directional,12.906975,77.638917,HSR Layout,HSR Layout,,residential,residential,none,7.5m,30.0,0.14,0.5,0.654,0.453,0.452,0.762,0.568,0.65,0.375,0.401,0.059,0.337,0.403,0.449,0.474,4.36,0.587,0.06,0.422,0.386,0.531,2
SOUTHEAST / IT CORRIDOR,Bi-directional,12.908679,77.633259,HSR Layout,HSR Layout,,residential,residential,none,7.5m,30.0,0.48,0.21,0.716,0.526,0.49,0.197,0.539,0.611,0.412,0.408,0.141,0.486,0.481,0.345,0.387,2.7,0.575,0.087,0.358,0.433,0.409,6
SOUTHEAST / IT CORRIDOR,Bi-directional,12.91328,77.632431,HSR Layout,HSR Layout,5th Main Road,tertiary,tertiary,none,7.5m,30.0,0.26,0.44,0.671,0.645,0.113,0.797,0.685,0.758,0.236,0.611,0.117,0.552,0.489,0.23,0.371,4.42,0.659,0.243,0.46,0.606,0.385,4
SOUTHEAST / IT CORRIDOR,Bi-directional,12.908666,77.643073,HSR Layout,HSR Layout,18th Main Road,residential,residential,none,7.5m,30.0,0.43,0.62,0.632,0.426,0.307,0.339,0.575,0.676,0.474,0.479,0.181,0.464,0.571,0.33,0.409,2.76,0.571,0.105,0.272,0.521,0.39,8
SOUTHEAST / IT CORRIDOR,Bi-directional,12.906748,77.636522,HSR Layout,HSR Layout,Mangammapalaya Road,secondary,secondary,none,7.5m,45.0,0.44,0.36,0.75,0.56,0.275,0.391,0.711,0.829,0.384,0.546,0.106,0.618,0.631,0.195,0.39,5.67,0.695,0.067,0.433,0.577,0.361,8
SOUTHEAST / IT CORRIDOR,Bi-directional,12.913225,77.643663,HSR Layout,HSR Layout,17th C Main Road,residential,residential,none,7.5m,30.0,0.39,0.49,0.619,0.493,0.237,0.576,0.602,0.67,0.342,0.452,0.146,0.441,0.468,0.297,0.366,10.05,0.58,0.124,0.269,0.503,0.38,6
SOUTHEAST / IT CORRIDOR,Bi-directional,12.904666,77.632976,HSR Layout,HSR Layout,,residential,residential,none,7.5m,30.0,0.52,0.51,0.615,0.456,0.312,0.889,0.568,0.64,0.42,0.448,0.163,0.446,0.523,0.339,0.449,9.74,0.563,0.156,0.397,0.49,0.472,4
SOUTHEAST / IT CORRIDOR,Bi-directional,12.91722,77.643605,HSR Layout,HSR Layout,11th Cross Road,tertiary,tertiary,none,7.5m,30.0,0.17,0.4,0.8,0.545,0.43,0.295,0.583,0.715,0.346,0.583,0.151,0.428,0.574,0.271,0.399,3.46,0.695,0.277,0.386,0.549,0.29,8
SOUTHEAST / IT CORRIDOR,Bi-directional,12.910077,77.638051,HSR Layout,HSR Layout,14th Main Road,tertiary,tertiary,none,7.5m,40.0,0.31,0.65,0.83,0.602,0.107,0.654,0.687,0.748,0.299,0.563,0.16,0.572,0.564,0.224,0.382,5.58,0.665,0.237,0.418,0.584,0.412,6
SOUTHEAST / IT CORRIDOR,Bi-directional,12.907811,77.645834,HSR Layout,HSR Layout,,residential,residential,none,7.5m,30.0,0.39,0.57,0.649,0.457,0.026,0.586,0.516,0.655,0.31,0.412,0.065,0.409,0.506,0.383,0.415,2.16,0.6,0.238,0.418,0.365,0.448,4
SOUTHEAST / IT CORRIDOR,Bi-directional,12.905495,77.641254,HSR Layout,HSR Layout,27th Cross Road,secondary,secondary,none,7.5m,40.0,0.16,0.29,0.808,0.475,0.184,0.769,0.655,0.814,0.311,0.644,0.197,0.529,0.595,0.284,0.351,0.53,0.707,0.069,0.498,0.72,0.413,6
SOUTHEAST / IT CORRIDOR,Bi-directional,12.908232,77.631891,HSR Layout,HSR Layout,,residential,residential,none,7.5m,30.0,0.45,0.24,0.582,0.527,0.187,0.257,0.548,0.648,0.431,0.391,0.108,0.404,0.373,0.442,0.43,3.87,0.553,0.163,0.396,0.369,0.44,2
SOUTHEAST / IT CORRIDOR,Bi-directional,12.908377,77.636999,HSR Layout,HSR Layout,,residential,residential,none,7.5m,30.0,0.58,0.5,0.601,0.506,0.35,0.536,0.522,0.631,0.441,0.469,0.158,0.53,0.551,0.354,0.469,3.48,0.676,0.146,0.374,0.488,0.411,6
SOUTHEAST / IT CORRIDOR,Bi-directional,12.908483,77.633759,HSR Layout,HSR Layout,24th Cross Road,residential,residential,none,7.5m,30.0,0.52,0.47,0.58,0.451,0.18,0.863,0.5,0.622,0.397,0.394,0.135,0.505,0.57,0.357,0.439,9.79,0.632,0.109,0.281,0.427,0.498,6
SOUTHEAST / IT CORRIDOR,Bi-directional,12.905641,77.638261,HSR Layout,HSR Layout,,residential,residential,none,7.5m,30.0,0.17,0.66,0.634,0.555,0.075,0.23,0.519,0.662,0.307,0.454,0.189,0.372,0.474,0.303,0.395,2.83,0.6,0.181,0.305,0.417,0.363,6
SOUTHEAST / IT CORRIDOR,Bi-directional,12.90878,77.639481,HSR Layout,HSR Layout,15th Main Road,residential,residential,none,7.5m,30.0,0.4,0.42,0.663,0.546,0.059,0.749,0.587,0.682,0.46,0.434,0.07,0.398,0.483,0.341,0.443,2.71,0.547,0.196,0.383,0.47,0.531,6
SOUTHEAST / IT CORRIDOR,Bi-directional,12.909582,77.637198,HSR Layout,HSR Layout,,residential,residential,none,7.5m,30.0,0.52,0.38,0.597,0.555,0.342,0.871,0.563,0.607,0.375,0.372,0.068,0.493,0.552,0.314,0.383,7.94,0.531,0.182,0.392,0.328,0.499,6
SOUTHEAST / IT CORRIDOR,Bi-directional,12.905923,77.644627,HSR Layout,HSR Layout,Garden Layout Road,residential,residential,none,7.5m,30.0,0.41,0.68,0.636,0.489,0.18,0.203,0.618,0.611,0.467,0.522,0.176,0.427,0.569,0.282,0.403,4.33,0.61,0.095,0.31,0.515,0.333,6
SOUTHEAST / IT CORRIDOR,Bi-directional,12.908725,77.644085,HSR Layout,HSR Layout,,residential,residential,none,7.5m,30.0,0.21,0.42,0.672,0.449,0.124,0.324,0.59,0.644,0.497,0.44,0.056,0.454,0.539,0.299,0.425,4.25,0.491,0.113,0.3,0.437,0.458,6
SOUTHEAST / IT CORRIDOR,Bi-directional,12.914559,77.633221,HSR Layout,HSR Layout,,residential,residential,none,7.5m,30.0,0.4,0.58,0.665,0.44,0.289,0.349,0.538,0.602,0.354,0.496,0.117,0.476,0.565,0.324,0.362,4.55,0.542,0.12,0.301,0.481,0.368,8
SOUTHEAST / IT CORRIDOR,Bi-directional,12.905373,77.641261,HSR Layout,HSR Layout,,residential,residential,none,7.5m,30.0,0.17,0.52,0.663,0.553,0.091,0.383,0.572,0.651,0.351,0.391,0.119,0.415,0.542,0.321,0.431,2.37,0.574,0.244,0.345,0.399,0.367,6
SOUTHEAST / IT CORRIDOR,Bi-directional,12.905948,77.63567,HSR Layout,HSR Layout,,residential,residential,none,7.5m,30.0,0.4,0.53,0.66,0.545,0.466,0.862,0.564,0.626,0.314,0.497,0.184,0.379,0.506,0.297,0.369,2.28,0.629,0.144,0.304,0.546,0.422,6
SOUTHEAST / IT CORRIDOR,Bi-directional,12.907439,77.642673,HSR Layout,HSR Layout,,residential,residential,none,7.5m,30.0,0.41,0.31,0.719,0.523,0.287,0.228,0.529,0.611,0.427,0.503,0.087,0.459,0.518,0.382,0.426,8.25,0.528,0.1,0.282,0.482,0.341,6
SOUTHEAST / IT CORRIDOR,Bi-directional,12.911792,77.635434,HSR Layout,HSR Layout,18th Cross Road,residential,residential,none,7.5m,30.0,0.39,0.36,0.677,0.489,0.338,0.127,0.612,0.7,0.432,0.46,0.1,0.486,0.594,0.267,0.374,4.39,0.61,0.171,0.313,0.469,0.344,8
SOUTHEAST / IT CORRIDOR,Bi-directional,12.904488,77.636956,HSR Layout,HSR Layout,,residential,residential,none,7.5m,30.0,0.23,0.46,0.706,0.471,0.4,0.372,0.616,0.601,0.406,0.438,0.155,0.38,0.407,0.395,0.485,0.47,0.634,0.198,0.359,0.478,0.436,4
SOUTHEAST / IT CORRIDOR,Bi-directional,12.905686,77.638058,HSR Layout,HSR Layout,,residential,residential,none,7.5m,30.0,0.5,0.32,0.713,0.517,0.461,0.286,0.508,0.633,0.425,0.474,0.103,0.494,0.477,0.331,0.45,1.25,0.622,0.113,0.358,0.505,0.361,6
SOUTHEAST / IT CORRIDOR,Bi-directional,12.917454,77.632083,HSR Layout,HSR Layout,4th Avenue,residential,residential,none,7.5m,30.0,0.19,0.6,0.699,0.416,0.388,0.722,0.594,0.586,0.341,0.454,0.077,0.377,0.517,0.354,0.412,4.5,0.617,0.078,0.322,0.404,0.43,6
SOUTHEAST / IT CORRIDOR,Bi-directional,12.917176,77.645168,HSR Layout,HSR Layout,11th Cross Road,residential,residential,none,7.5m,30.0,0.41,0.51,0.581,0.491,0.068,0.482,0.486,0.592,0.462,0.466,0.132,0.493,0.611,0.264,0.417,6.05,0.619,0.144,0.301,0.516,0.428,8
SOUTHEAST / IT CORRIDOR,Bi-directional,12.909246,77.640815,HSR Layout,HSR Layout,22nd Cross Road,tertiary,tertiary,none,7.5m,30.0,0.54,0.24,0.76,0.603,0.341,0.223,0.692,0.722,0.303,0.586,0.05,0.571,0.534,0.203,0.39,10.69,0.63,0.299,0.41,0.522,0.281,6
SOUTHEAST / IT CORRIDOR,Bi-directional,12.917967,77.638294,HSR Layout,HSR Layout,4th Cross Road,residential,residential,none,7.5m,30.0,0.53,0.33,0.625,0.525,0.103,0.607,0.554,0.599,0.383,0.391,0.067,0.411,0.462,0.44,0.459,0.77,0.568,0.257,0.376,0.399,0.458,3
SOUTHEAST / IT CORRIDOR,Bi-directional,12.909027,77.634079,HSR Layout,HSR Layout,23rd Cross Road,residential,residential,none,7.5m,30.0,0.56,0.36,0.581,0.48,0.078,0.797,0.496,0.607,0.398,0.37,0.093,0.455,0.502,0.358,0.402,3.74,0.657,0.085,0.314,0.377,0.472,6
SOUTHEAST / IT CORRIDOR,Bi-directional,12.916031,77.638161,HSR Layout,HSR Layout,14th Main Road,secondary,secondary,none,7.5m,40.0,0.51,0.55,0.741,0.593,0.473,0.707,0.684,0.737,0.384,0.578,0.133,0.57,0.552,0.237,0.439,1.69,0.729,0.148,0.506,0.618,0.45,3
SOUTHEAST / IT CORRIDOR,Bi-directional,12.906566,77.643608,HSR Layout,HSR Layout,,residential,residential,none,7.5m,30.0,0.53,0.64,0.599,0.428,0.425,0.504,0.554,0.675,0.356,0.504,0.069,0.447,0.532,0.321,0.402,6.05,0.667,0.154,0.307,0.461,0.447,6
SOUTHEAST / IT CORRIDOR,Bi-directional,12.909149,77.634617,HSR Layout,HSR Layout,8th Main Road,residential,residential,none,7.5m,30.0,0.33,0.43,0.656,0.448,0.301,0.314,0.5,0.66,0.308,0.392,0.129,0.461,0.544,0.351,0.385,14.61,0.643,0.201,0.384,0.362,0.352,6
SOUTHEAST / IT CORRIDOR,Bi-directional,12.906171,77.641947,HSR Layout,HSR Layout,,residential,residential,none,7.5m,30.0,0.28,0.52,0.693,0.436,0.341,0.815,0.593,0.63,0.435,0.486,0.14,0.378,0.471,0.295,0.453,4.47,0.544,0.164,0.308,0.515,0.507,6
SOUTHEAST / IT CORRIDOR,Bi-directional,12.905841,77.638174,HSR Layout,HSR Layout,,residential,residential,none,7.5m,30.0,0.39,0.66,0.627,0.464,0.018,0.719,0.576,0.616,0.366,0.475,0.162,0.482,0.544,0.353,0.464,3.54,0.581,0.163,0.362,0.435,0.499,6
SOUTHEAST / IT CORRIDOR,Bi-directional,12.909353,77.63195,HSR Layout,HSR Layout,4th Main Road,residential,residential,none,7.5m,40.0,0.18,0.49,0.713,0.465,0.097,0.647,0.539,0.617,0.462,0.373,0.06,0.357,0.404,0.392,0.423,2.1,0.563,0.183,0.378,0.37,0.449,4
SOUTHEAST / IT CORRIDOR,Bi-directional,12.906549,77.640074,HSR Layout,HSR Layout,25th Cross Road,residential,residential,none,7.5m,30.0,0.28,0.46,0.685,0.469,0.098,0.178,0.589,0.687,0.4,0.418,0.184,0.424,0.6,0.326,0.379,15.7,0.51,0.137,0.293,0.441,0.396,8
SOUTHEAST / IT CORRIDOR,Bi-directional,12.904939,77.63697,HSR Layout,HSR Layout,,residential,residential,none,7.5m,30.0,0.44,0.25,0.69,0.483,0.034,0.341,0.5,0.701,0.459,0.477,0.138,0.499,0.578,0.348,0.396,2.67,0.582,0.192,0.326,0.494,0.402,8
SOUTHEAST / IT CORRIDOR,Bi-directional,12.909579,77.633126,HSR Layout,HSR Layout,22nd Cross Road,residential,residential,none,7.5m,30.0,0.29,0.22,0.584,0.478,0.476,0.508,0.522,0.574,0.329,0.448,0.107,0.426,0.447,0.339,0.447,2.69,0.589,0.194,0.289,0.417,0.421,6
SOUTHEAST / IT CORRIDOR,Bi-directional,12.908872,77.634264,HSR Layout,HSR Layout,8th B Main Road,residential,residential,none,7.5m,30.0,0.22,0.51,0.712,0.486,0.049,0.374,0.578,0.593,0.412,0.407,0.133,0.438,0.481,0.393,0.473,2.52,0.588,0.114,0.352,0.388,0.434,6
SOUTHEAST / IT CORRIDOR,Bi-directional,12.916783,77.637393,HSR Layout,HSR Layout,7th Cross Road,residential,residential,none,7.5m,30.0,0.31,0.39,0.572,0.524,0.361,0.479,0.512,0.605,0.442,0.47,0.135,0.477,0.484,0.344,0.464,4.48,0.538,0.074,0.399,0.523,0.412,6
SOUTHEAST / IT CORRIDOR,Bi-directional,12.909089,77.639504,HSR Layout,HSR Layout,15th Main Road,residential,residential,none,7.5m,30.0,0.55,0.32,0.697,0.435,0.443,0.379,0.559,0.641,0.414,0.476,0.104,0.474,0.502,0.331,0.392,3.49,0.629,0.298,0.353,0.47,0.431,6
SOUTHEAST / IT CORRIDOR,Bi-directional,12.913869,77.644121,HSR Layout,HSR Layout,,residential,residential,none,7.5m,30.0,0.58,0.51,0.571,0.466,0.335,0.684,0.612,0.685,0.385,0.513,0.085,0.505,0.457,0.413,0.397,4.22,0.572,0.259,0.383,0.457,0.488,2
SOUTHEAST / IT CORRIDOR,Bi-directional,12.908146,77.633929,HSR Layout,HSR Layout,25th Cross Road,residential,residential,none,7.5m,30.0,0.31,0.65,0.591,0.414,0.146,0.47,0.585,0.626,0.328,0.479,0.091,0.359,0.533,0.359,0.418,13.16,0.651,0.223,0.314,0.447,0.361,6
SOUTHEAST / IT CORRIDOR,Bi-directional,12.907316,77.640533,HSR Layout,HSR Layout,,residential,residential,none,7.5m,30.0,0.4,0.38,0.615,0.419,0.064,0.513,0.563,0.593,0.484,0.493,0.097,0.416,0.496,0.28,0.401,6.92,0.526,0.128,0.326,0.474,0.448,6
SOUTHEAST / IT CORRIDOR,Bi-directional,12.911411,77.636426,HSR Layout,HSR Layout,19th Cross Road,residential,residential,none,7.5m,30.0,0.25,0.33,0.68,0.503,0.219,0.395,0.558,0.61,0.474,0.442,0.126,0.369,0.505,0.405,0.44,8.64,0.605,0.205,0.387,0.495,0.494,6
SOUTHEAST / IT CORRIDOR,Bi-directional,12.908393,77.640944,HSR Layout,HSR Layout,,residential,residential,none,7.5m,30.0,0.34,0.34,0.705,0.542,0.122,0.857,0.607,0.648,0.362,0.434,0.105,0.452,0.489,0.396,0.41,3.13,0.57,0.157,0.3,0.413,0.539,6
SOUTHEAST / IT CORRIDOR,Bi-directional,12.90928,77.63823,HSR Layout,HSR Layout,22nd Cross Road,tertiary,tertiary,none,7.5m,30.0,0.25,0.63,0.785,0.539,0.29,0.831,0.664,0.685,0.297,0.547,0.192,0.517,0.556,0.251,0.406,3.7,0.656,0.108,0.397,0.485,0.438,6
SOUTHEAST / IT CORRIDOR,Bi-directional,12.909711,77.642147,HSR Layout,HSR Layout,,residential,residential,none,7.5m,30.0,0.27,0.41,0.679,0.473,0.386,0.57,0.492,0.664,0.314,0.377,0.103,0.416,0.455,0.365,0.411,2.88,0.563,0.142,0.307,0.378,0.392,6
SOUTHEAST / IT CORRIDOR,Bi-directional,12.909541,77.638044,HSR Layout,HSR Layout,14th Main Road,tertiary,tertiary,none,7.5m,40.0,0.45,0.43,0.717,0.522,0.063,0.351,0.627,0.703,0.326,0.591,0.097,0.599,0.572,0.299,0.401,5.17,0.612,0.122,0.423,0.532,0.329,6
SOUTHEAST / IT CORRIDOR,Bi-directional,12.909469,77.642284,HSR Layout,HSR Layout,17A Main Road,residential,residential,none,7.5m,30.0,0.51,0.4,0.717,0.435,0.033,0.277,0.53,0.723,0.433,0.434,0.088,0.404,0.527,0.39,0.391,4.77,0.596,0.085,0.415,0.41,0.36,6
SOUTHEAST / IT CORRIDOR,Bi-directional,12.918352,77.619025,Silk Board,Silk Board,,tertiary,tertiary,none,7.5m,30.0,0.2,0.63,0.626,0.251,0.378,0.371,0.644,0.65,0.243,0.497,0.053,0.454,0.565,0.373,0.439,4.9,0.738,0.175,0.416,0.537,0.393,6
SOUTHEAST / IT CORRIDOR,Bi-directional,12.91205,77.627526,Silk Board,Silk Board,,residential,residential,none,7.5m,30.0,0.33,0.46,0.501,0.225,0.275,0.868,0.467,0.582,0.489,0.355,0.088,0.444,0.389,0.503,0.475,7.46,0.595,0.073,0.403,0.378,0.584,2
SOUTHEAST / IT CORRIDOR,Bi-directional,12.921093,77.619831,Silk Board,Silk Board,1st Main Road,residential,residential,none,7.5m,30.0,0.52,0.47,0.444,0.238,0.47,0.712,0.542,0.644,0.406,0.381,0.095,0.487,0.522,0.452,0.498,2.32,0.702,0.222,0.353,0.397,0.51,6
SOUTHEAST / IT CORRIDOR,Bi-directional,12.910236,77.624379,Silk Board,Silk Board,Viratnagar Main Road,residential,residential,none,7.5m,30.0,0.29,0.31,0.444,0.224,0.178,0.434,0.529,0.623,0.444,0.341,0.102,0.37,0.466,0.434,0.49,6.67,0.67,0.286,0.399,0.322,0.465,6
SOUTHEAST / IT CORRIDOR,Bi-directional,12.91771,77.623745,Silk Board,Silk Board,Service Road,trunk_link,trunk_link,none,7.5m,55.0,0.49,0.26,0.398,0.17,0.015,0.763,0.633,0.72,0.255,0.367,0.07,0.669,0.561,0.369,0.394,12.55,0.736,0.26,0.661,0.365,0.392,4
SOUTHEAST / IT CORRIDOR,Bi-directional,12.915607,77.619098,Silk Board,Silk Board,2nd Cross Road,residential,residential,none,7.5m,30.0,0.48,0.39,0.489,0.195,0.11,0.847,0.526,0.607,0.355,0.399,0.119,0.403,0.501,0.407,0.448,3.81,0.703,0.14,0.284,0.383,0.462,6
SOUTHEAST / IT CORRIDOR,Bi-directional,12.917389,77.626211,Silk Board,Silk Board,Outer Ring Road,trunk,trunk,none,7.5m,60.0,0.31,0.39,0.527,0.241,0.475,0.889,0.634,0.849,0.293,0.568,0.095,0.751,0.591,0.309,0.385,61.04,0.692,0.158,0.575,0.532,0.443,4
SOUTHEAST / IT CORRIDOR,Bi-directional,12.916674,77.627536,Silk Board,Silk Board,13th Cross Road,residential,residential,none,7.5m,30.0,0.41,0.38,0.456,0.238,0.198,0.732,0.534,0.62,0.372,0.348,0.058,0.466,0.541,0.355,0.459,5.84,0.604,0.177,0.323,0.307,0.509,6
SOUTHEAST / IT CORRIDOR,Bi-directional,12.922412,77.619027,Silk Board,Silk Board,,residential,residential,none,7.5m,30.0,0.49,0.37,0.5,0.236,0.478,0.743,0.53,0.657,0.421,0.444,0.1,0.495,0.532,0.408,0.461,3.21,0.711,0.267,0.351,0.427,0.494,6
SOUTHEAST / IT CORRIDOR,Bi-directional,12.910919,77.628328,Silk Board,Silk Board,,residential,residential,none,7.5m,30.0,0.22,0.69,0.554,0.253,0.164,0.69,0.507,0.581,0.366,0.404,0.098,0.44,0.477,0.412,0.472,8.09,0.716,0.272,0.415,0.38,0.452,6
SOUTHEAST / IT CORRIDOR,Bi-directional,12.923278,77.620204,Silk Board,Silk Board,,living_street,living_street,none,7.5m,20.0,0.29,0.21,0.408,0.213,0.42,0.719,0.499,0.582,0.202,0.422,0.087,0.346,0.394,0.312,0.395,2.1,0.666,0.166,0.381,0.429,0.409,6
SOUTHEAST / IT CORRIDOR,Bi-directional,12.91796,77.617934,Silk Board,Silk Board,,residential,residential,none,7.5m,30.0,0.48,0.69,0.441,0.196,0.496,0.14,0.485,0.662,0.464,0.418,0.095,0.415,0.508,0.361,0.479,4.6,0.737,0.061,0.387,0.374,0.406,6
SOUTHEAST / IT CORRIDOR,Bi-directional,12.917728,77.622649,Silk Board,Silk Board,,trunk_link,trunk_link,none,7.5m,55.0,0.32,0.29,0.405,0.208,0.217,0.43,0.674,0.78,0.381,0.385,0.111,0.695,0.561,0.253,0.37,7.91,0.743,0.072,0.619,0.364,0.335,6
SOUTHEAST / IT CORRIDOR,Bi-directional,12.921527,77.619835,Silk Board,Silk Board,2nd Cross Road,residential,residential,none,7.5m,30.0,0.24,0.22,0.462,0.202,0.191,0.68,0.503,0.633,0.492,0.406,0.091,0.36,0.368,0.404,0.519,2.16,0.665,0.172,0.296,0.362,0.518,4
SOUTHEAST / IT CORRIDOR,Bi-directional,12.917269,77.626399,Silk Board,Silk Board,Outer Ring Road,trunk,trunk,none,7.5m,60.0,0.37,0.46,0.475,0.227,0.447,0.309,0.668,0.766,0.121,0.524,0.077,0.681,0.582,0.253,0.37,56.69,0.804,0.236,0.648,0.542,0.285,3
SOUTHEAST / IT CORRIDOR,Bi-directional,12.918646,77.630729,Silk Board,Silk Board,4th Main Road,residential,residential,none,7.5m,30.0,0.14,0.3,0.486,0.218,0.151,0.393,0.478,0.54,0.421,0.478,0.188,0.356,0.447,0.386,0.489,3.4,0.658,0.063,0.292,0.486,0.426,4
SOUTHEAST / IT CORRIDOR,Bi-directional,12.911548,77.629625,Silk Board,Silk Board,,residential,residential,none,7.5m,30.0,0.12,0.28,0.505,0.193,0.239,0.591,0.527,0.599,0.397,0.47,0.065,0.406,0.496,0.362,0.45,4.27,0.559,0.067,0.288,0.452,0.462,6
SOUTHEAST / IT CORRIDOR,Bi-directional,12.917345,77.629572,Silk Board,Silk Board,6th Avenue,residential,residential,none,7.5m,30.0,0.56,0.33,0.453,0.195,0.471,0.598,0.534,0.552,0.341,0.455,0.07,0.487,0.542,0.402,0.418,3.63,0.619,0.085,0.318,0.416,0.493,6
SOUTHEAST / IT CORRIDOR,Bi-directional,12.910033,77.62162,Silk Board,Silk Board,,residential,residential,none,7.5m,30.0,0.5,0.63,0.517,0.218,0.458,0.25,0.567,0.674,0.368,0.412,0.179,0.514,0.555,0.345,0.398,3.0,0.689,0.256,0.401,0.457,0.338,6
SOUTHEAST / IT CORRIDOR,Bi-directional,12.913507,77.628574,Silk Board,Silk Board,,residential,residential,none,7.5m,30.0,0.18,0.36,0.461,0.231,0.08,0.549,0.511,0.553,0.415,0.345,0.177,0.367,0.502,0.371,0.441,1.06,0.636,0.183,0.382,0.352,0.433,6
SOUTHEAST / IT CORRIDOR,Bi-directional,12.914001,77.619784,Silk Board,Silk Board,4th Cross Road,residential,residential,none,7.5m,30.0,0.41,0.38,0.489,0.203,0.037,0.593,0.505,0.639,0.451,0.434,0.069,0.4,0.528,0.357,0.426,0.99,0.711,0.145,0.285,0.453,0.424,6
SOUTHEAST / IT CORRIDOR,Bi-directional,12.921977,77.619109,Silk Board,Silk Board,,tertiary,tertiary,none,7.5m,30.0,0.45,0.21,0.516,0.233,0.141,0.85,0.554,0.768,0.319,0.533,0.179,0.517,0.602,0.302,0.373,4.78,0.718,0.165,0.519,0.537,0.463,6
SOUTHEAST / IT CORRIDOR,Bi-directional,12.916201,77.619156,Silk Board,Silk Board,Outer Ring Road,trunk,trunk,none,7.5m,50.0,0.22,0.3,0.509,0.208,0.218,0.283,0.654,0.793,0.219,0.472,0.109,0.726,0.605,0.239,0.391,10.21,0.732,0.055,0.649,0.507,0.327,3
SOUTHEAST / IT CORRIDOR,Bi-directional,12.911757,77.629711,Silk Board,Silk Board,,residential,residential,none,7.5m,30.0,0.33,0.61,0.51,0.246,0.023,0.593,0.524,0.569,0.431,0.358,0.174,0.383,0.548,0.458,0.498,1.68,0.721,0.169,0.377,0.392,0.521,6
SOUTHEAST / IT CORRIDOR,Bi-directional,12.917597,77.620938,Silk Board,Silk Board,"['Silkboard Double Decker Flyover', 'Ramp to Hosur road joining Ragigudda Silkboard Double Decker Flyover']",primary_link,primary_link,none,7.5m,40.0,0.14,0.23,0.442,0.234,0.206,0.656,0.676,0.724,0.206,0.457,0.185,0.636,0.63,0.258,0.367,26.0,0.693,0.065,0.399,0.444,0.417,6
SOUTHEAST / IT CORRIDOR,Bi-directional,12.917497,77.622472,Silk Board,Silk Board,,trunk_link,trunk_link,none,7.5m,55.0,0.12,0.56,0.439,0.206,0.299,0.809,0.562,0.708,0.394,0.393,0.083,0.599,0.567,0.297,0.45,4.61,0.758,0.278,0.599,0.411,0.494,4
SOUTHEAST / IT CORRIDOR,Bi-directional,12.911846,77.628404,Silk Board,Silk Board,,residential,residential,none,7.5m,30.0,0.55,0.6,0.488,0.22,0.129,0.144,0.491,0.599,0.303,0.358,0.194,0.498,0.516,0.407,0.385,4.26,0.663,0.274,0.325,0.335,0.335,6
SOUTHEAST / IT CORRIDOR,Bi-directional,12.916139,77.618052,Silk Board,Silk Board,,primary_link,primary_link,none,7.5m,40.0,0.38,0.48,0.512,0.212,0.289,0.375,0.631,0.736,0.268,0.472,0.192,0.664,0.5,0.387,0.404,16.07,0.763,0.19,0.497,0.489,0.335,2
SOUTHEAST / IT CORRIDOR,Bi-directional,12.911419,77.628718,Silk Board,Silk Board,,residential,residential,none,7.5m,30.0,0.25,0.33,0.552,0.207,0.383,0.257,0.517,0.632,0.385,0.386,0.099,0.398,0.475,0.391,0.422,1.92,0.626,0.123,0.363,0.377,0.408,6
SOUTHEAST / IT CORRIDOR,Bi-directional,12.92109,77.619614,Silk Board,Silk Board,1st Main Road,residential,residential,none,7.5m,30.0,0.5,0.3,0.45,0.201,0.087,0.382,0.537,0.606,0.415,0.469,0.153,0.473,0.463,0.352,0.47,2.65,0.645,0.241,0.312,0.413,0.431,6
SOUTHEAST / IT CORRIDOR,Bi-directional,12.913188,77.630923,Silk Board,Silk Board,3rd B Main Road,residential,residential,none,7.5m,30.0,0.31,0.33,0.494,0.192,0.068,0.719,0.519,0.565,0.471,0.405,0.13,0.398,0.4,0.424,0.496,4.1,0.583,0.138,0.33,0.449,0.531,4
SOUTHEAST / IT CORRIDOR,Bi-directional,12.916347,77.617892,Silk Board,Silk Board,Outer Ring Road,trunk,trunk,none,7.5m,60.0,0.17,0.68,0.448,0.239,0.134,0.128,0.674,0.8,0.235,0.577,0.106,0.733,0.603,0.256,0.333,16.14,0.74,0.194,0.617,0.628,0.259,4
SOUTHEAST / IT CORRIDOR,Bi-directional,12.917824,77.618663,Silk Board,Silk Board,,living_street,living_street,none,7.5m,20.0,0.14,0.39,0.49,0.21,0.014,0.687,0.527,0.58,0.316,0.367,0.056,0.374,0.475,0.343,0.445,11.47,0.605,0.103,0.39,0.349,0.448,8
SOUTHEAST / IT CORRIDOR,Bi-directional,12.920848,77.619704,Silk Board,Silk Board,,residential,residential,none,7.5m,30.0,0.15,0.68,0.44,0.191,0.174,0.11,0.501,0.531,0.462,0.419,0.135,0.386,0.562,0.447,0.474,4.55,0.641,0.15,0.308,0.469,0.398,6
SOUTHEAST / IT CORRIDOR,Bi-directional,12.911164,77.62645,Silk Board,Silk Board,Hosur Road,trunk,trunk,none,7.5m,80.0,0.29,0.54,0.48,0.218,0.416,0.518,0.712,0.775,0.19,0.5,0.074,0.726,0.634,0.333,0.354,34.27,0.762,0.253,0.665,0.478,0.362,4
SOUTHEAST / IT CORRIDOR,Bi-directional,12.922582,77.620251,Silk Board,Silk Board,5th Cross Road,residential,residential,none,7.5m,30.0,0.41,0.28,0.537,0.209,0.161,0.553,0.472,0.619,0.458,0.37,0.114,0.486,0.355,0.463,0.45,3.37,0.593,0.114,0.433,0.366,0.52,2
SOUTHEAST / IT CORRIDOR,Bi-directional,12.91548,77.627885,Silk Board,Silk Board,14th C Cross Road,residential,residential,none,7.5m,30.0,0.29,0.52,0.482,0.22,0.128,0.686,0.514,0.567,0.434,0.431,0.122,0.458,0.5,0.336,0.433,6.97,0.653,0.16,0.375,0.467,0.516,6
SOUTHEAST / IT CORRIDOR,Bi-directional,12.918073,77.617132,Silk Board,Silk Board,,residential,residential,none,7.5m,30.0,0.14,0.4,0.535,0.237,0.247,0.318,0.567,0.623,0.456,0.383,0.064,0.388,0.348,0.462,0.491,12.96,0.569,0.288,0.355,0.365,0.426,2
SOUTHEAST / IT CORRIDOR,Bi-directional,12.915389,77.616699,Silk Board,Silk Board,,residential,residential,none,7.5m,30.0,0.1,0.23,0.453,0.246,0.122,0.492,0.517,0.537,0.471,0.375,0.085,0.427,0.361,0.509,0.549,0.81,0.671,0.127,0.404,0.371,0.546,2
SOUTHEAST / IT CORRIDOR,Bi-directional,12.911987,77.62453,Silk Board,Silk Board,,residential,residential,none,7.5m,30.0,0.17,0.5,0.545,0.239,0.428,0.162,0.485,0.536,0.482,0.474,0.066,0.39,0.508,0.434,0.5,3.3,0.691,0.297,0.409,0.493,0.4,6
SOUTHEAST / IT CORRIDOR,Bi-directional,12.917744,77.630501,Silk Board,Silk Board,4th Main Road,residential,residential,none,7.5m,30.0,0.15,0.45,0.53,0.252,0.224,0.399,0.566,0.607,0.462,0.361,0.19,0.367,0.44,0.361,0.433,3.16,0.709,0.131,0.383,0.329,0.424,6
SOUTHEAST / IT CORRIDOR,Bi-directional,12.916652,77.629213,Silk Board,Silk Board,,residential,residential,none,7.5m,30.0,0.38,0.23,0.482,0.207,0.154,0.352,0.489,0.645,0.397,0.436,0.099,0.416,0.429,0.378,0.43,0.84,0.707,0.231,0.28,0.428,0.437,4
SOUTHEAST / IT CORRIDOR,Bi-directional,12.910542,77.627863,Silk Board,Silk Board,,tertiary,tertiary,none,7.5m,30.0,0.5,0.23,0.529,0.277,0.45,0.557,0.644,0.711,0.233,0.59,0.159,0.491,0.524,0.256,0.374,13.68,0.727,0.127,0.4,0.563,0.395,6
SOUTHEAST / IT CORRIDOR,Bi-directional,12.910107,77.622894,Silk Board,Silk Board,,residential,residential,none,7.5m,30.0,0.48,0.29,0.497,0.251,0.454,0.199,0.471,0.572,0.475,0.394,0.182,0.448,0.407,0.489,0.481,1.75,0.696,0.17,0.313,0.411,0.485,2
SOUTHEAST / IT CORRIDOR,Bi-directional,12.912781,77.63047,Silk Board,Silk Board,3 A Main Road,residential,residential,none,7.5m,30.0,0.19,0.65,0.515,0.212,0.28,0.744,0.548,0.532,0.337,0.394,0.077,0.405,0.559,0.395,0.446,4.2,0.639,0.136,0.286,0.36,0.451,6
SOUTHEAST / IT CORRIDOR,Bi-directional,12.918798,77.616699,Silk Board,Silk Board,,residential,residential,none,7.5m,30.0,0.51,0.2,0.451,0.245,0.144,0.502,0.487,0.628,0.377,0.39,0.168,0.41,0.534,0.368,0.41,6.56,0.72,0.259,0.376,0.365,0.414,6
SOUTHEAST / IT CORRIDOR,Bi-directional,12.911057,77.629233,Silk Board,Silk Board,,tertiary,tertiary,none,7.5m,30.0,0.42,0.61,0.641,0.299,0.008,0.548,0.577,0.704,0.283,0.556,0.172,0.5,0.579,0.293,0.366,3.01,0.763,0.108,0.426,0.584,0.398,6
SOUTHEAST / IT CORRIDOR,Bi-directional,12.915545,77.616782,Silk Board,Silk Board,,residential,residential,none,7.5m,30.0,0.41,0.59,0.526,0.235,0.336,0.317,0.583,0.585,0.389,0.41,0.197,0.461,0.554,0.357,0.452,1.38,0.678,0.261,0.375,0.376,0.435,6
SOUTHEAST / IT CORRIDOR,Bi-directional,12.914382,77.628031,Silk Board,Silk Board,,residential,residential,none,7.5m,30.0,0.46,0.48,0.549,0.202,0.458,0.389,0.529,0.561,0.358,0.392,0.156,0.483,0.551,0.435,0.447,3.84,0.746,0.152,0.382,0.385,0.433,6
SOUTHEAST / IT CORRIDOR,Bi-directional,12.920347,77.620646,Silk Board,Silk Board,Hosur Road,trunk,trunk,none,7.5m,60.0,0.32,0.3,0.452,0.201,0.422,0.14,0.646,0.803,0.11,0.493,0.113,0.783,0.628,0.285,0.351,15.48,0.796,0.216,0.625,0.518,0.184,3
SOUTHEAST / IT CORRIDOR,Bi-directional,12.916199,77.623122,Silk Board,Silk Board,Srinagar - Kanyakumari Highway,trunk,trunk,none,7.5m,80.0,0.37,0.47,0.468,0.228,0.398,0.468,0.613,0.864,0.221,0.56,0.125,0.743,0.593,0.259,0.377,2.94,0.785,0.236,0.553,0.596,0.309,3
SOUTHEAST / IT CORRIDOR,Bi-directional,12.910944,77.625108,Silk Board,Silk Board,,residential,residential,none,7.5m,30.0,0.15,0.46,0.464,0.25,0.244,0.173,0.462,0.599,0.431,0.468,0.151,0.42,0.371,0.466,0.464,4.27,0.585,0.104,0.337,0.422,0.359,2
SOUTHEAST / IT CORRIDOR,Bi-directional,12.922927,77.622933,Silk Board,Silk Board,,residential,residential,none,7.5m,30.0,0.12,0.7,0.468,0.193,0.329,0.422,0.496,0.583,0.415,0.489,0.062,0.339,0.374,0.454,0.506,3.62,0.632,0.096,0.296,0.53,0.427,2
SOUTHEAST / IT CORRIDOR,Bi-directional,12.911763,77.621984,Silk Board,Silk Board,6th Main Road,residential,residential,none,7.5m,30.0,0.21,0.26,0.453,0.213,0.457,0.165,0.512,0.532,0.41,0.424,0.097,0.35,0.423,0.417,0.481,9.51,0.599,0.138,0.412,0.447,0.415,6
SOUTHEAST / IT CORRIDOR,Bi-directional,12.92043,77.619127,Silk Board,Silk Board,5th Cross Road,residential,residential,none,7.5m,30.0,0.31,0.53,0.45,0.207,0.348,0.276,0.503,0.551,0.328,0.416,0.18,0.437,0.529,0.433,0.46,3.2,0.658,0.279,0.331,0.4,0.361,6
SOUTHEAST / IT CORRIDOR,Bi-directional,12.912823,77.621998,Silk Board,Silk Board,Tank Bund Road,secondary,secondary,none,7.5m,40.0,0.41,0.23,0.584,0.249,0.305,0.288,0.671,0.711,0.387,0.548,0.188,0.587,0.59,0.234,0.409,5.04,0.744,0.132,0.39,0.583,0.36,6
SOUTHEAST / IT CORRIDOR,Bi-directional,12.917389,77.624909,Silk Board,Silk Board,1 A Main Road,tertiary,tertiary,none,7.5m,30.0,0.12,0.41,0.533,0.285,0.272,0.847,0.63,0.719,0.264,0.597,0.09,0.506,0.529,0.246,0.404,3.03,0.688,0.155,0.38,0.63,0.421,6
SOUTHEAST / IT CORRIDOR,Bi-directional,12.910871,77.628649,Silk Board,Silk Board,,tertiary,tertiary,none,7.5m,30.0,0.29,0.23,0.53,0.264,0.437,0.585,0.639,0.737,0.28,0.527,0.108,0.475,0.584,0.263,0.385,3.16,0.757,0.132,0.468,0.54,0.361,6
SOUTHEAST / IT CORRIDOR,Bi-directional,12.910251,77.621794,Silk Board,Silk Board,,residential,residential,none,7.5m,30.0,0.2,0.65,0.499,0.226,0.114,0.844,0.512,0.629,0.477,0.392,0.101,0.36,0.516,0.419,0.473,4.94,0.631,0.255,0.372,0.398,0.531,6
SOUTHEAST / IT CORRIDOR,Bi-directional,12.916557,77.617142,Silk Board,Silk Board,,residential,residential,none,7.5m,30.0,0.23,0.55,0.519,0.232,0.1,0.68,0.502,0.633,0.398,0.421,0.115,0.397,0.556,0.444,0.464,5.0,0.689,0.057,0.429,0.445,0.531,6
SOUTHEAST / IT CORRIDOR,Bi-directional,12.913584,77.62728,Silk Board,Silk Board,2nd Cross Road,residential,residential,none,7.5m,30.0,0.36,0.31,0.528,0.226,0.158,0.511,0.511,0.647,0.398,0.398,0.138,0.38,0.521,0.377,0.452,2.87,0.7,0.064,0.318,0.446,0.444,6
SOUTHEAST / IT CORRIDOR,Bi-directional,12.917342,77.622939,Silk Board,Silk Board,Srinagar - Kanyakumari Highway,trunk,trunk,none,7.5m,80.0,0.28,0.69,0.484,0.228,0.27,0.366,0.658,0.855,0.27,0.466,0.152,0.73,0.756,0.288,0.354,1.1,0.745,0.104,0.559,0.475,0.36,6
SOUTHEAST / IT CORRIDOR,Bi-directional,12.915457,77.629066,Silk Board,Silk Board,,residential,residential,none,7.5m,30.0,0.52,0.2,0.46,0.198,0.376,0.638,0.482,0.568,0.386,0.41,0.101,0.42,0.521,0.417,0.502,5.61,0.644,0.252,0.394,0.44,0.475,6
SOUTHEAST / IT CORRIDOR,Bi-directional,12.916047,77.630114,Silk Board,Silk Board,,residential,residential,none,7.5m,30.0,0.29,0.55,0.504,0.193,0.34,0.706,0.542,0.53,0.421,0.367,0.133,0.381,0.474,0.459,0.494,5.71,0.623,0.249,0.335,0.389,0.535,6
SOUTHEAST / IT CORRIDOR,Bi-directional,12.916549,77.61636,Silk Board,Silk Board,29th A Main Road,residential,residential,none,7.5m,30.0,0.14,0.68,0.51,0.247,0.325,0.641,0.537,0.553,0.301,0.461,0.098,0.411,0.386,0.426,0.437,4.08,0.615,0.255,0.333,0.5,0.503,3
SOUTHEAST / IT CORRIDOR,Bi-directional,12.922471,77.616922,Silk Board,Silk Board,Coconut Garden Street,residential,residential,none,7.5m,30.0,0.5,0.59,0.466,0.224,0.113,0.792,0.5,0.619,0.315,0.417,0.057,0.401,0.58,0.346,0.437,2.63,0.74,0.117,0.399,0.462,0.43,6
SOUTHEAST / IT CORRIDOR,Bi-directional,12.91719,77.625579,Silk Board,Silk Board,13th Cross Road,residential,residential,none,7.5m,30.0,0.49,0.69,0.453,0.211,0.477,0.74,0.507,0.557,0.353,0.453,0.17,0.458,0.514,0.419,0.485,11.8,0.708,0.284,0.366,0.42,0.467,6
SOUTHEAST / IT CORRIDOR,Bi-directional,12.91435,77.618978,Silk Board,Silk Board,4th Cross Road,residential,residential,none,7.5m,30.0,0.25,0.33,0.546,0.222,0.237,0.33,0.469,0.613,0.358,0.384,0.06,0.407,0.528,0.407,0.454,9.99,0.574,0.053,0.339,0.353,0.446,8
SOUTHEAST / IT CORRIDOR,Bi-directional,12.912674,77.628893,Silk Board,Silk Board,16th Cross Road,residential,residential,none,7.5m,30.0,0.52,0.69,0.447,0.235,0.044,0.343,0.511,0.615,0.341,0.423,0.068,0.456,0.564,0.42,0.468,7.08,0.781,0.127,0.419,0.432,0.393,6
SOUTHEAST / IT CORRIDOR,Bi-directional,12.917123,77.630055,Silk Board,Silk Board,3rd Main Road,residential,residential,none,7.5m,30.0,0.35,0.56,0.469,0.199,0.436,0.646,0.491,0.592,0.482,0.359,0.142,0.415,0.491,0.442,0.45,4.51,0.702,0.288,0.327,0.355,0.497,6
SOUTHEAST / IT CORRIDOR,Bi-directional,12.916895,77.623179,Silk Board,Silk Board,Srinagar - Kanyakumari Highway,trunk_link,trunk_link,none,7.5m,80.0,0.31,0.21,0.401,0.196,0.026,0.687,0.664,0.682,0.359,0.475,0.076,0.702,0.567,0.266,0.45,9.21,0.693,0.234,0.55,0.483,0.477,6
SOUTHEAST / IT CORRIDOR,Bi-directional,12.923485,77.620407,Silk Board,Silk Board,,living_street,living_street,none,7.5m,20.0,0.43,0.68,0.505,0.185,0.008,0.128,0.551,0.614,0.278,0.44,0.136,0.441,0.499,0.389,0.44,4.89,0.697,0.166,0.312,0.471,0.295,6
SOUTHEAST / IT CORRIDOR,Bi-directional,12.919958,77.617167,Silk Board,Silk Board,,residential,residential,none,7.5m,30.0,0.5,0.28,0.495,0.249,0.315,0.787,0.507,0.568,0.356,0.394,0.098,0.404,0.488,0.362,0.485,3.19,0.734,0.252,0.281,0.435,0.503,6
SOUTHEAST / IT CORRIDOR,Bi-directional,12.911786,77.624308,Silk Board,Silk Board,Viratnagar Main Road,residential,residential,none,7.5m,30.0,0.24,0.49,0.549,0.229,0.373,0.619,0.536,0.622,0.333,0.369,0.134,0.439,0.518,0.392,0.443,0.74,0.613,0.052,0.338,0.362,0.481,6
SOUTHEAST / IT CORRIDOR,Bi-directional,12.914681,77.618558,Silk Board,Silk Board,36th Main Road,residential,residential,none,7.5m,30.0,0.27,0.58,0.534,0.246,0.054,0.613,0.55,0.588,0.322,0.362,0.151,0.354,0.472,0.371,0.404,3.08,0.624,0.124,0.393,0.381,0.476,6
SOUTHEAST / IT CORRIDOR,Bi-directional,12.917695,77.617276,Silk Board,Silk Board,,residential,residential,none,7.5m,30.0,0.13,0.51,0.525,0.24,0.064,0.27,0.556,0.601,0.348,0.409,0.181,0.369,0.491,0.347,0.476,4.34,0.702,0.08,0.409,0.379,0.37,6
SOUTHEAST / IT CORRIDOR,Bi-directional,12.91925,77.617773,Silk Board,Silk Board,,residential,residential,none,7.5m,30.0,0.36,0.5,0.457,0.246,0.399,0.632,0.503,0.566,0.308,0.42,0.181,0.428,0.537,0.309,0.391,4.46,0.726,0.277,0.364,0.423,0.384,8
SOUTHEAST / IT CORRIDOR,Bi-directional,12.91281,77.627243,Silk Board,Silk Board,1st Main Road,residential,residential,none,7.5m,30.0,0.37,0.49,0.477,0.214,0.352,0.795,0.491,0.581,0.491,0.458,0.113,0.393,0.524,0.409,0.471,3.27,0.673,0.28,0.413,0.405,0.57,6
SOUTHEAST / IT CORRIDOR,Bi-directional,12.910791,77.623122,Silk Board,Silk Board,3rd Main Road,residential,residential,none,7.5m,30.0,0.22,0.21,0.533,0.201,0.258,0.311,0.532,0.57,0.457,0.434,0.178,0.345,0.371,0.464,0.492,4.68,0.572,0.122,0.351,0.434,0.478,4
SOUTHEAST / IT CORRIDOR,Bi-directional,12.921115,77.617437,Silk Board,Silk Board,,residential,residential,none,7.5m,30.0,0.17,0.52,0.552,0.251,0.116,0.79,0.555,0.614,0.368,0.428,0.105,0.337,0.355,0.425,0.454,5.85,0.626,0.143,0.329,0.433,0.475,2
SOUTHEAST / IT CORRIDOR,Bi-directional,12.916983,77.618763,Silk Board,Silk Board,,residential,residential,none,7.5m,30.0,0.38,0.65,0.54,0.251,0.205,0.106,0.566,0.625,0.362,0.399,0.121,0.369,0.564,0.386,0.452,3.66,0.728,0.168,0.301,0.422,0.337,6
SOUTHEAST / IT CORRIDOR,Bi-directional,12.923736,77.62193,Silk Board,Silk Board,,residential,residential,none,7.5m,30.0,0.25,0.48,0.548,0.251,0.052,0.737,0.505,0.552,0.398,0.448,0.086,0.415,0.418,0.359,0.48,3.48,0.706,0.068,0.345,0.464,0.491,4
SOUTHEAST / IT CORRIDOR,Bi-directional,12.911881,77.629107,Silk Board,Silk Board,,residential,residential,none,7.5m,30.0,0.52,0.65,0.512,0.258,0.132,0.801,0.537,0.668,0.448,0.464,0.056,0.414,0.572,0.373,0.409,9.69,0.692,0.176,0.323,0.448,0.465,6
SOUTHEAST / IT CORRIDOR,Bi-directional,12.914344,77.626488,Silk Board,Silk Board,,residential,residential,none,7.5m,30.0,0.38,0.38,0.493,0.231,0.168,0.552,0.477,0.541,0.443,0.366,0.077,0.462,0.479,0.375,0.47,6.11,0.599,0.153,0.293,0.323,0.511,6
SOUTHEAST / IT CORRIDOR,Bi-directional,12.91517,77.625569,Silk Board,Silk Board,1st Main Road,residential,residential,none,7.5m,30.0,0.56,0.37,0.497,0.226,0.32,0.153,0.453,0.656,0.368,0.447,0.162,0.512,0.492,0.401,0.471,23.64,0.707,0.293,0.413,0.406,0.4,6
SOUTHEAST / IT CORRIDOR,Bi-directional,12.915161,77.623238,Silk Board,Silk Board,,residential,residential,none,7.5m,30.0,0.28,0.25,0.49,0.245,0.339,0.886,0.502,0.553,0.47,0.441,0.132,0.378,0.4,0.458,0.531,8.4,0.676,0.262,0.31,0.491,0.551,4
SOUTHEAST / IT CORRIDOR,Bi-directional,12.923587,77.617691,Silk Board,Silk Board,4th Main Road,residential,residential,none,7.5m,30.0,0.57,0.24,0.454,0.199,0.447,0.511,0.448,0.578,0.465,0.437,0.086,0.418,0.486,0.422,0.46,1.62,0.661,0.127,0.39,0.481,0.52,4
SOUTHEAST / IT CORRIDOR,Bi-directional,12.914718,77.629283,Silk Board,Silk Board,2nd B Main Road,residential,residential,none,7.5m,30.0,0.4,0.58,0.472,0.244,0.458,0.654,0.503,0.628,0.423,0.446,0.124,0.415,0.461,0.444,0.461,13.86,0.697,0.086,0.299,0.427,0.52,4
SOUTHEAST / IT CORRIDOR,Bi-directional,12.918183,77.628983,Silk Board,Silk Board,2nd Main Road,residential,residential,none,7.5m,30.0,0.36,0.52,0.446,0.246,0.04,0.228,0.495,0.558,0.446,0.433,0.069,0.472,0.491,0.415,0.452,3.09,0.744,0.257,0.358,0.408,0.44,6
SOUTHEAST / IT CORRIDOR,Bi-directional,12.919,77.620493,Silk Board,Silk Board,36th Main Road,residential,residential,none,7.5m,30.0,0.39,0.41,0.446,0.23,0.175,0.727,0.552,0.607,0.486,0.411,0.114,0.421,0.51,0.34,0.49,5.95,0.639,0.172,0.366,0.405,0.555,6
SOUTHEAST / IT CORRIDOR,Bi-directional,12.922094,77.618822,Silk Board,Silk Board,,residential,residential,none,7.5m,30.0,0.34,0.53,0.473,0.217,0.053,0.559,0.526,0.586,0.334,0.423,0.088,0.371,0.56,0.342,0.437,7.0,0.685,0.233,0.304,0.442,0.411,8
SOUTHEAST / IT CORRIDOR,Bi-directional,12.910923,77.630603,Silk Board,Silk Board,,residential,residential,none,7.5m,30.0,0.4,0.65,0.515,0.236,0.486,0.404,0.473,0.566,0.382,0.368,0.051,0.485,0.565,0.349,0.441,2.93,0.712,0.217,0.283,0.355,0.464,6
SOUTHEAST / IT CORRIDOR,Bi-directional,12.92154,77.618759,Silk Board,Silk Board,,tertiary,tertiary,none,7.5m,30.0,0.44,0.48,0.597,0.297,0.099,0.659,0.62,0.744,0.322,0.586,0.166,0.534,0.644,0.299,0.388,1.26,0.774,0.092,0.473,0.525,0.359,6
SOUTHEAST / IT CORRIDOR,Bi-directional,12.916377,77.62903,Silk Board,Silk Board,13th Cross Road,residential,residential,none,7.5m,30.0,0.37,0.47,0.502,0.202,0.427,0.869,0.483,0.644,0.464,0.405,0.158,0.404,0.486,0.449,0.518,3.22,0.727,0.117,0.375,0.396,0.549,5
SOUTHEAST / IT CORRIDOR,Bi-directional,12.911861,77.624027,Silk Board,Silk Board,,residential,residential,none,7.5m,30.0,0.33,0.27,0.525,0.212,0.132,0.162,0.45,0.637,0.389,0.431,0.199,0.467,0.479,0.388,0.454,5.7,0.659,0.144,0.324,0.406,0.374,6
SOUTHEAST / IT CORRIDOR,Bi-directional,12.915261,77.630306,Silk Board,Silk Board,,residential,residential,none,7.5m,30.0,0.18,0.64,0.486,0.237,0.046,0.849,0.57,0.556,0.316,0.464,0.159,0.435,0.497,0.38,0.439,5.27,0.668,0.215,0.331,0.445,0.453,6
SOUTHEAST / IT CORRIDOR,Bi-directional,12.922766,77.617114,Silk Board,Silk Board,3rd Cross Road,residential,residential,none,7.5m,30.0,0.14,0.27,0.488,0.247,0.465,0.252,0.448,0.568,0.352,0.359,0.141,0.375,0.512,0.365,0.389,4.03,0.565,0.295,0.282,0.33,0.41,6
EAST BANGALORE,Bi-directional,12.972298,77.642803,Indiranagar,Koramangala,100 Feet Road,primary,primary,none,10.5m,34.0,0.5191,0.4026,0.713,0.7217,0.3381,0.413,0.5987,0.65,0.34,0.4425,0.075,0.3439,0.5,0.2829,0.41,3.2163,0.51,0.244,0.3724,0.4338,0.33,7
EAST BANGALORE,Bi-directional,12.963267,77.638315,Indiranagar,Koramangala,100 Feet Road,primary,primary,none,10.5m,30.0,0.5521,0.2194,0.7816,0.682,0.1533,0.6717,0.6026,0.66,0.31,0.4733,0.1084,0.3666,0.51,0.3015,0.41,5.2103,0.65,0.207,0.3691,0.3995,0.463,5
EAST BANGALORE,Bi-directional,12.952784,77.630931,Indiranagar,Koramangala,100 Feet Road,primary,primary,none,10.5m,30.0,0.1922,0.501,0.7166,0.5823,0.1775,0.3145,0.6042,0.71,0.42,0.5031,0.149,0.4367,0.49,0.2592,0.43,4.971,0.59,0.233,0.3227,0.5081,0.416,4
EAST BANGALORE,Bi-directional,12.944132,77.630512,Indiranagar,Koramangala,100 Feet Road,primary,primary,none,10.5m,33.0,0.4204,0.3433,0.713,0.6482,0.1713,0.5266,0.606,0.81,0.32,0.4459,0.137,0.4931,0.61,0.3696,0.43,5.9553,0.65,0.145,0.3486,0.4026,0.389,7
EAST BANGALORE,Bi-directional,12.93677,77.624657,Indiranagar,Koramangala,100 Feet Road,primary,primary,none,10.5m,30.0,0.3103,0.3807,0.6983,0.6746,0.2943,0.5079,0.6129,0.63,0.35,0.4816,0.0989,0.4291,0.52,0.3726,0.41,5.5621,0.62,0.079,0.3575,0.5011,0.52,5
EAST BANGALORE,Bi-directional,12.970932,77.64038,Indiranagar,Koramangala,Old Madras Road,primary,primary,none,10.5m,37.0,0.4717,0.1717,0.7926,0.7536,0.3846,0.453,0.5499,0.71,0.34,0.448,0.1308,0.5433,0.51,0.3056,0.41,11.874,0.59,0.151,0.4357,0.4679,0.354,6
EAST BANGALORE,Bi-directional,12.962306,77.637456,Indiranagar,Koramangala,Old Madras Road,primary,primary,none,10.5m,33.0,0.2631,0.4876,0.7245,0.6213,0.1748,0.435,0.6096,0.73,0.4,0.5105,0.2038,0.4342,0.51,0.2638,0.43,9.4813,0.55,0.203,0.448,0.4591,0.445,6
EAST BANGALORE,Bi-directional,12.953489,77.634511,Indiranagar,Koramangala,Old Madras Road,primary,primary,none,10.5m,31.0,0.1568,0.4382,0.7389,0.5831,0.2624,0.7135,0.5717,0.64,0.43,0.4915,0.2166,0.3694,0.55,0.3271,0.41,7.9551,0.6,0.077,0.3255,0.536,0.46,4
EAST BANGALORE,Bi-directional,12.943381,77.629515,Indiranagar,Koramangala,Old Madras Road,primary,primary,none,10.5m,30.0,0.3952,0.399,0.7765,0.6768,0.2596,0.3636,0.555,0.67,0.42,0.4885,0.0882,0.4533,0.53,0.2796,0.41,5.3471,0.57,0.193,0.3955,0.5382,0.453,7
EAST BANGALORE,Bi-directional,12.935411,77.623686,Indiranagar,Koramangala,Old Madras Road,primary,primary,none,10.5m,30.0,0.2923,0.3467,0.7629,0.638,0.256,0.2487,0.6919,0.64,0.44,0.5017,0.1264,0.4565,0.43,0.3408,0.39,7.8847,0.62,0.158,0.292,0.4573,0.42,7
EAST BANGALORE,Bi-directional,12.974703,77.641065,Indiranagar,Koramangala,Intermediate Ring Road,primary,primary,none,10.5m,35.0,0.2962,0.3811,0.6463,0.5921,0.4276,0.4342,0.5646,0.69,0.28,0.4766,0.1688,0.4863,0.6,0.2704,0.45,3.7564,0.52,0.16,0.495,0.4292,0.355,6
EAST BANGALORE,Bi-directional,12.962785,77.636734,Indiranagar,Koramangala,Intermediate Ring Road,primary,primary,none,10.5m,30.0,0.3708,0.4249,0.7654,0.7421,0.3044,0.5821,0.5939,0.74,0.4,0.4819,0.1824,0.4696,0.51,0.3365,0.43,7.1717,0.64,0.14,0.3296,0.4185,0.338,4
EAST BANGALORE,Bi-directional,12.952378,77.633482,Indiranagar,Koramangala,Intermediate Ring Road,primary,primary,none,10.5m,30.0,0.3022,0.3637,0.7758,0.6658,0.1961,0.642,0.6107,0.72,0.41,0.4261,0.1104,0.4944,0.54,0.3145,0.41,8.9618,0.58,0.201,0.3611,0.4526,0.456,4
EAST BANGALORE,Bi-directional,12.94556,77.627578,Indiranagar,Koramangala,Intermediate Ring Road,primary,primary,none,10.5m,33.0,0.1228,0.1753,0.7443,0.628,0.2373,0.4348,0.646,0.69,0.39,0.4219,0.0263,0.5073,0.6,0.2991,0.41,6.0368,0.68,0.22,0.392,0.4839,0.404,5
EAST BANGALORE,Bi-directional,12.936004,77.622791,Indiranagar,Koramangala,Intermediate Ring Road,primary,primary,none,10.5m,33.0,0.4281,0.5346,0.7367,0.6334,0.4026,0.1698,0.6767,0.68,0.38,0.4677,0.1209,0.5053,0.54,0.3244,0.41,1.4104,0.6,0.159,0.3825,0.5016,0.448,6
EAST BANGALORE,Bi-directional,12.974476,77.640012,Indiranagar,Koramangala,CMH Road,primary,primary,none,10.5m,30.0,0.3838,0.3783,0.698,0.5852,0.414,0.5443,0.5855,0.63,0.36,0.3828,0.117,0.3789,0.59,0.2931,0.38,1.9441,0.54,0.147,0.3827,0.3964,0.32,4
EAST BANGALORE,Bi-directional,12.964139,77.635525,Indiranagar,Koramangala,CMH Road,primary,primary,none,10.5m,30.0,0.5438,0.5443,0.7108,0.5523,0.3981,0.4735,0.6359,0.6,0.34,0.4472,0.1305,0.4261,0.55,0.2782,0.4,6.0686,0.62,0.208,0.315,0.3665,0.467,7
EAST BANGALORE,Bi-directional,12.952089,77.632743,Indiranagar,Koramangala,CMH Road,primary,primary,none,10.5m,36.0,0.3426,0.5175,0.7152,0.6686,0.3982,0.0761,0.5746,0.71,0.44,0.4722,0.1283,0.5467,0.57,0.283,0.41,6.446,0.68,0.217,0.3665,0.4757,0.307,4
EAST BANGALORE,Bi-directional,12.946398,77.627213,Indiranagar,Koramangala,CMH Road,primary,primary,none,10.5m,31.0,0.4264,0.3932,0.6795,0.6548,0.3067,0.6854,0.5577,0.68,0.37,0.4322,0.1388,0.4859,0.5,0.3851,0.4,4.0395,0.6,0.134,0.3356,0.4052,0.391,5
EAST BANGALORE,Bi-directional,12.933715,77.62382,Indiranagar,Koramangala,CMH Road,primary,primary,none,10.5m,30.0,0.3156,0.6153,0.7476,0.6093,0.2727,0.5365,0.6224,0.73,0.38,0.527,0.0996,0.5325,0.52,0.3212,0.39,6.0844,0.65,0.117,0.2729,0.5135,0.376,7
SOUTHEAST / IT CORRIDOR,Bi-directional,12.93328,77.623788,Koramangala,Indiranagar,100 Feet Road,primary,primary,none,10.5m,30.0,0.2363,0.5877,0.7896,0.6615,0.4144,0.5199,0.5907,0.76,0.41,0.4531,0.1167,0.391,0.45,0.3394,0.46,1.5251,0.65,0.144,0.3336,0.4665,0.358,6
SOUTHEAST / IT CORRIDOR,Bi-directional,12.942823,77.629994,Koramangala,Indiranagar,100 Feet Road,primary,primary,none,10.5m,32.0,0.4375,0.4205,0.7658,0.6926,0.3228,0.5487,0.6751,0.75,0.37,0.4404,0.1432,0.4557,0.58,0.3468,0.42,5.2299,0.58,0.165,0.391,0.3895,0.462,7
SOUTHEAST / IT CORRIDOR,Bi-directional,12.952538,77.631003,Koramangala,Indiranagar,100 Feet Road,primary,primary,none,10.5m,30.0,0.4286,0.5345,0.7725,0.6128,0.5067,0.2114,0.5605,0.69,0.38,0.485,0.1732,0.442,0.52,0.2932,0.42,4.5851,0.59,0.201,0.4293,0.3477,0.42,4
SOUTHEAST / IT CORRIDOR,Bi-directional,12.963753,77.637607,Koramangala,Indiranagar,100 Feet Road,primary,primary,none,10.5m,38.0,0.3159,0.4501,0.7676,0.5203,0.4138,0.1956,0.6266,0.71,0.25,0.3402,0.1713,0.5329,0.48,0.2853,0.42,5.6836,0.64,0.196,0.4688,0.4982,0.439,4
SOUTHEAST / IT CORRIDOR,Bi-directional,12.970934,77.64128,Koramangala,Indiranagar,100 Feet Road,primary,primary,none,10.5m,33.0,0.3959,0.5322,0.7001,0.6198,0.1632,0.4169,0.5921,0.71,0.32,0.4729,0.1715,0.4888,0.61,0.2924,0.37,0.5637,0.65,0.204,0.3823,0.4449,0.345,5
SOUTHEAST / IT CORRIDOR,Bi-directional,12.933603,77.623524,Koramangala,Indiranagar,Old Madras Road,primary,primary,none,10.5m,33.0,0.496,0.5397,0.7814,0.6348,0.2506,0.4526,0.6045,0.68,0.35,0.4762,0.15,0.3815,0.48,0.2526,0.44,2.9927,0.65,0.201,0.4271,0.4868,0.353,5
SOUTHEAST / IT CORRIDOR,Bi-directional,12.946279,77.62801,Koramangala,Indiranagar,Old Madras Road,primary,primary,none,10.5m,36.0,0.2657,0.2709,0.7368,0.6033,0.252,0.5009,0.5621,0.73,0.37,0.5256,0.0707,0.3856,0.53,0.2827,0.4,5.1981,0.62,0.141,0.3735,0.4396,0.434,6
SOUTHEAST / IT CORRIDOR,Bi-directional,12.953398,77.632623,Koramangala,Indiranagar,Old Madras Road,primary,primary,none,10.5m,30.0,0.4997,0.4536,0.7893,0.6993,0.1655,0.8888,0.6722,0.66,0.18,0.4472,0.1339,0.4149,0.51,0.2845,0.43,5.6329,0.64,0.235,0.2523,0.4235,0.37,6
SOUTHEAST / IT CORRIDOR,Bi-directional,12.961479,77.635291,Koramangala,Indiranagar,Old Madras Road,primary,primary,none,10.5m,30.0,0.4066,0.3009,0.7635,0.629,0.2257,0.6049,0.6053,0.66,0.43,0.3965,0.1473,0.493,0.51,0.3318,0.37,8.3949,0.58,0.147,0.4385,0.4101,0.331,6
SOUTHEAST / IT CORRIDOR,Bi-directional,12.970937,77.642323,Koramangala,Indiranagar,Old Madras Road,primary,primary,none,10.5m,36.0,0.2919,0.5232,0.7071,0.6151,0.287,0.5314,0.5787,0.6,0.36,0.5413,0.0493,0.5197,0.57,0.2691,0.39,2.9339,0.67,0.226,0.4529,0.4366,0.471,5
SOUTHEAST / IT CORRIDOR,Bi-directional,12.935506,77.623596,Koramangala,Indiranagar,Intermediate Ring Road,primary,primary,none,10.5m,38.0,0.4129,0.373,0.7758,0.7315,0.4234,0.3409,0.6392,0.69,0.42,0.5113,0.0533,0.4191,0.52,0.2578,0.42,1.2193,0.6,0.245,0.3131,0.5283,0.314,5
SOUTHEAST / IT CORRIDOR,Bi-directional,12.944187,77.630441,Koramangala,Indiranagar,Intermediate Ring Road,primary,primary,none,10.5m,31.0,0.2358,0.4512,0.6773,0.6681,0.239,0.5632,0.572,0.59,0.36,0.4346,0.0726,0.4871,0.58,0.2828,0.4,4.3992,0.59,0.209,0.4195,0.4351,0.403,7
SOUTHEAST / IT CORRIDOR,Bi-directional,12.955492,77.633679,Koramangala,Indiranagar,Intermediate Ring Road,primary,primary,none,10.5m,33.0,0.4609,0.5071,0.7591,0.6448,0.0999,0.5662,0.607,0.7,0.3,0.4148,0.1577,0.4468,0.55,0.3164,0.41,8.0312,0.58,0.179,0.3467,0.4412,0.386,5
SOUTHEAST / IT CORRIDOR,Bi-directional,12.96494,77.636996,Koramangala,Indiranagar,Intermediate Ring Road,primary,primary,none,10.5m,30.0,0.2253,0.5599,0.7459,0.7478,0.3115,0.5149,0.6542,0.73,0.36,0.3959,0.0594,0.4269,0.47,0.4193,0.39,3.759,0.52,0.16,0.3411,0.5385,0.411,4
SOUTHEAST / IT CORRIDOR,Bi-directional,12.971242,77.640418,Koramangala,Indiranagar,Intermediate Ring Road,primary,primary,none,10.5m,30.0,0.2525,0.2293,0.6678,0.5757,0.3296,0.4607,0.5445,0.79,0.33,0.4874,0.1793,0.3544,0.53,0.3026,0.39,7.6745,0.55,0.147,0.3758,0.4107,0.343,5
SOUTHEAST / IT CORRIDOR,Bi-directional,12.935165,77.626485,Koramangala,Indiranagar,CMH Road,primary,primary,none,10.5m,31.0,0.4352,0.5569,0.7818,0.6562,0.3795,0.2598,0.5958,0.67,0.37,0.5163,0.1164,0.3894,0.55,0.2993,0.41,6.2775,0.63,0.179,0.4122,0.5059,0.442,7
SOUTHEAST / IT CORRIDOR,Bi-directional,12.945312,77.628888,Koramangala,Indiranagar,CMH Road,primary,primary,none,10.5m,33.0,0.3114,0.4805,0.7926,0.6928,0.317,0.6763,0.6527,0.75,0.41,0.4722,0.1289,0.5121,0.48,0.3246,0.39,5.2708,0.66,0.185,0.368,0.4091,0.437,7
SOUTHEAST / IT CORRIDOR,Bi-directional,12.952036,77.634025,Koramangala,Indiranagar,CMH Road,primary,primary,none,10.5m,30.0,0.2843,0.4184,0.7255,0.6311,0.3749,0.5867,0.5728,0.66,0.4,0.4851,0.1092,0.4351,0.6,0.2935,0.45,8.4847,0.68,0.143,0.3629,0.4404,0.458,7
SOUTHEAST / IT CORRIDOR,Bi-directional,12.964482,77.637608,Koramangala,Indiranagar,CMH Road,primary,primary,none,10.5m,30.0,0.3151,0.3001,0.7238,0.6752,0.3615,0.6703,0.6387,0.67,0.31,0.4416,0.1478,0.3763,0.59,0.3539,0.4,3.663,0.56,0.176,0.3659,0.4971,0.385,7
SOUTHEAST / IT CORRIDOR,Bi-directional,12.972973,77.639637,Koramangala,Indiranagar,CMH Road,primary,primary,none,10.5m,31.0,0.2384,0.3887,0.7249,0.5988,0.3551,0.4613,0.5241,0.6,0.4,0.3586,0.1408,0.4909,0.48,0.3587,0.36,6.8857,0.58,0.166,0.3167,0.3811,0.487,6
EAST BANGALORE,Bi-directional,12.9732,77.640167,Indiranagar,HSR Layout,Intermediate Ring Road,primary,primary,none,10.5m,34.0,0.4054,0.3279,0.7216,0.6345,0.1452,0.7228,0.6119,0.66,0.37,0.4408,0.0712,0.444,0.5,0.2834,0.4,11.4592,0.61,0.143,0.4191,0.5036,0.451,5
EAST BANGALORE,Bi-directional,12.957879,77.640941,Indiranagar,HSR Layout,Intermediate Ring Road,primary,primary,none,10.5m,30.0,0.4469,0.5583,0.7345,0.5835,0.5032,0.5983,0.6523,0.73,0.4,0.4118,0.1291,0.4439,0.47,0.3518,0.45,5.0313,0.68,0.095,0.4366,0.5261,0.397,4
EAST BANGALORE,Bi-directional,12.943359,77.640585,Indiranagar,HSR Layout,Intermediate Ring Road,primary,primary,none,10.5m,40.0,0.3492,0.3392,0.7279,0.515,0.3153,0.4276,0.5823,0.71,0.37,0.4908,0.1542,0.3514,0.48,0.2639,0.46,5.6733,0.66,0.092,0.3448,0.4897,0.419,7
EAST BANGALORE,Bi-directional,12.926435,77.639288,Indiranagar,HSR Layout,Intermediate Ring Road,primary,primary,none,10.5m,30.0,0.4169,0.389,0.7406,0.5987,0.3871,0.5515,0.4868,0.63,0.37,0.4161,0.1223,0.5296,0.45,0.4055,0.43,7.0982,0.56,0.128,0.2931,0.5448,0.484,7
EAST BANGALORE,Bi-directional,12.913479,77.638715,Indiranagar,HSR Layout,Intermediate Ring Road,primary,primary,none,10.5m,31.0,0.237,0.5401,0.6424,0.4424,0.2102,0.7582,0.6021,0.64,0.37,0.4507,0.1876,0.464,0.53,0.376,0.42,5.0629,0.58,0.164,0.3596,0.5036,0.42,4
EAST BANGALORE,Bi-directional,12.97336,77.639899,Indiranagar,HSR Layout,Old Airport Road,primary,primary,none,10.5m,32.0,0.2687,0.3366,0.7989,0.7433,0.2399,0.4973,0.593,0.68,0.28,0.4515,0.0698,0.4111,0.55,0.3471,0.38,4.5859,0.55,0.166,0.384,0.4653,0.376,6
EAST BANGALORE,Bi-directional,12.957782,77.638597,Indiranagar,HSR Layout,Old Airport Road,primary,primary,none,10.5m,32.0,0.4053,0.3207,0.7395,0.5457,0.4242,0.3755,0.5872,0.72,0.36,0.4553,0.1724,0.4922,0.54,0.2575,0.38,9.4666,0.61,0.205,0.4139,0.5063,0.394,7
EAST BANGALORE,Bi-directional,12.941387,77.640546,Indiranagar,HSR Layout,Old Airport Road,primary,primary,none,10.5m,35.0,0.2151,0.5517,0.7854,0.6057,0.0383,0.672,0.6593,0.65,0.37,0.3929,0.1375,0.5242,0.55,0.4567,0.41,0.2621,0.59,0.055,0.3467,0.5319,0.426,7
EAST BANGALORE,Bi-directional,12.928722,77.637498,Indiranagar,HSR Layout,Old Airport Road,primary,primary,none,10.5m,33.0,0.3843,0.4474,0.6762,0.5014,0.2274,0.2521,0.5692,0.62,0.33,0.4643,0.1683,0.4958,0.45,0.2891,0.44,2.3477,0.58,0.194,0.3231,0.4634,0.354,6
EAST BANGALORE,Bi-directional,12.910781,77.640074,Indiranagar,HSR Layout,Old Airport Road,primary,primary,none,10.5m,30.0,0.3421,0.3942,0.7144,0.462,0.2616,0.9204,0.5863,0.68,0.43,0.4445,0.0922,0.4552,0.53,0.2644,0.42,10.4434,0.56,0.188,0.398,0.4966,0.447,5
EAST BANGALORE,Bi-directional,12.972607,77.641346,Indiranagar,HSR Layout,Sarjapur Road,primary,primary,none,10.5m,33.0,0.2852,0.3903,0.7449,0.7022,0.4238,0.2453,0.5878,0.75,0.28,0.446,0.1314,0.4889,0.49,0.2661,0.36,8.9571,0.63,0.186,0.3544,0.3452,0.432,5
EAST BANGALORE,Bi-directional,12.95656,77.641056,Indiranagar,HSR Layout,Sarjapur Road,primary,primary,none,10.5m,30.0,0.5195,0.2841,0.6529,0.5491,0.4695,0.5736,0.6131,0.68,0.34,0.4691,0.0836,0.3902,0.56,0.2707,0.4,5.5417,0.56,0.076,0.3454,0.3968,0.415,4
EAST BANGALORE,Bi-directional,12.940901,77.64071,Indiranagar,HSR Layout,Sarjapur Road,primary,primary,none,10.5m,32.0,0.2199,0.4222,0.6531,0.5328,0.3837,0.6764,0.5973,0.61,0.36,0.5037,0.1324,0.5821,0.54,0.3358,0.4,6.5209,0.58,0.203,0.4211,0.4086,0.348,4
EAST BANGALORE,Bi-directional,12.926285,77.638381,Indiranagar,HSR Layout,Sarjapur Road,primary,primary,none,10.5m,35.0,0.3611,0.4564,0.6747,0.5465,0.4,0.2053,0.6179,0.56,0.38,0.5548,0.147,0.4692,0.6,0.301,0.42,8.2753,0.57,0.148,0.3424,0.4625,0.439,5
EAST BANGALORE,Bi-directional,12.91289,77.63743,Indiranagar,HSR Layout,Sarjapur Road,primary,primary,none,10.5m,37.0,0.3282,0.3753,0.6872,0.4081,0.2611,0.4676,0.5355,0.68,0.39,0.3859,0.1053,0.3249,0.53,0.3445,0.4,8.2986,0.54,0.124,0.3783,0.433,0.416,6
SOUTHEAST / IT CORRIDOR,Bi-directional,12.912617,77.639378,HSR Layout,Indiranagar,Intermediate Ring Road,primary,primary,none,10.5m,30.0,0.1944,0.3695,0.7014,0.5169,0.1591,0.7614,0.6201,0.63,0.35,0.4388,0.1095,0.4881,0.53,0.3695,0.43,13.0537,0.55,0.185,0.2713,0.4017,0.415,4
SOUTHEAST / IT CORRIDOR,Bi-directional,12.927977,77.637469,HSR Layout,Indiranagar,Intermediate Ring Road,primary,primary,none,10.5m,30.0,0.1099,0.382,0.6964,0.4721,0.275,0.5133,0.5942,0.67,0.34,0.51,0.1217,0.4496,0.48,0.3118,0.39,5.4226,0.66,0.105,0.2936,0.5324,0.405,4
SOUTHEAST / IT CORRIDOR,Bi-directional,12.940733,77.638359,HSR Layout,Indiranagar,Intermediate Ring Road,primary,primary,none,10.5m,33.0,0.3751,0.4663,0.6864,0.6027,0.1856,0.5031,0.6239,0.62,0.27,0.4646,0.1205,0.51,0.52,0.3031,0.41,9.925,0.61,0.054,0.3826,0.4609,0.41,7
SOUTHEAST / IT CORRIDOR,Bi-directional,12.958599,77.64112,HSR Layout,Indiranagar,Intermediate Ring Road,primary,primary,none,10.5m,30.0,0.316,0.4586,0.6765,0.5611,0.3483,0.5914,0.6265,0.61,0.35,0.4525,0.1023,0.4969,0.58,0.302,0.41,10.8141,0.67,0.207,0.4116,0.3953,0.425,6
SOUTHEAST / IT CORRIDOR,Bi-directional,12.971243,77.641394,HSR Layout,Indiranagar,Intermediate Ring Road,primary,primary,none,10.5m,30.0,0.2807,0.2057,0.7691,0.6065,0.1851,0.5197,0.5975,0.66,0.37,0.4669,0.1208,0.4813,0.46,0.2738,0.42,2.0418,0.59,0.164,0.3643,0.3868,0.45,7
SOUTHEAST / IT CORRIDOR,Bi-directional,12.909773,77.637559,HSR Layout,Indiranagar,Old Airport Road,primary,primary,none,10.5m,32.0,0.2956,0.3875,0.6896,0.5413,0.2567,0.5732,0.6329,0.67,0.49,0.4895,0.0717,0.4798,0.53,0.3869,0.43,5.5512,0.54,0.158,0.326,0.4384,0.444,5
SOUTHEAST / IT CORRIDOR,Bi-directional,12.927869,77.640685,HSR Layout,Indiranagar,Old Airport Road,primary,primary,none,10.5m,35.0,0.4477,0.5059,0.5806,0.58,0.2647,0.5643,0.5846,0.69,0.43,0.4847,0.1408,0.4623,0.38,0.3183,0.39,10.6782,0.61,0.147,0.3509,0.4382,0.396,4
SOUTHEAST / IT CORRIDOR,Bi-directional,12.940572,77.640303,HSR Layout,Indiranagar,Old Airport Road,primary,primary,none,10.5m,38.0,0.3296,0.4462,0.6629,0.6503,0.4499,0.7606,0.6105,0.64,0.42,0.4474,0.1673,0.5158,0.49,0.3667,0.43,-3.7926,0.62,0.149,0.3291,0.4057,0.404,7
SOUTHEAST / IT CORRIDOR,Bi-directional,12.95575,77.64168,HSR Layout,Indiranagar,Old Airport Road,primary,primary,none,10.5m,34.0,0.449,0.3407,0.6842,0.5972,0.4888,0.5817,0.5392,0.68,0.3,0.4732,0.1796,0.5607,0.56,0.302,0.37,1.3983,0.46,0.204,0.3739,0.4866,0.477,5
SOUTHEAST / IT CORRIDOR,Bi-directional,12.973712,77.640986,HSR Layout,Indiranagar,Old Airport Road,primary,primary,none,10.5m,38.0,0.314,0.365,0.7456,0.5796,0.2914,0.607,0.6258,0.67,0.36,0.3881,0.1071,0.4454,0.54,0.3596,0.38,10.53,0.57,0.17,0.3419,0.3032,0.449,6
SOUTHEAST / IT CORRIDOR,Bi-directional,12.909946,77.637847,HSR Layout,Indiranagar,Sarjapur Road,primary,primary,none,10.5m,32.0,0.513,0.5565,0.6475,0.5167,0.3842,0.5887,0.5712,0.67,0.35,0.4404,0.0927,0.4608,0.51,0.2979,0.41,8.0147,0.67,0.214,0.2667,0.4793,0.48,5
SOUTHEAST / IT CORRIDOR,Bi-directional,12.925227,77.639258,HSR Layout,Indiranagar,Sarjapur Road,primary,primary,none,10.5m,30.0,0.3519,0.3918,0.7683,0.6031,0.1501,0.405,0.5755,0.72,0.38,0.4271,0.1247,0.4203,0.54,0.3008,0.4,10.4928,0.56,0.101,0.3716,0.4399,0.438,4
SOUTHEAST / IT CORRIDOR,Bi-directional,12.942441,77.640953,HSR Layout,Indiranagar,Sarjapur Road,primary,primary,none,10.5m,37.0,0.557,0.4063,0.6625,0.5316,0.1035,0.4251,0.62,0.56,0.33,0.4419,0.102,0.4252,0.5,0.3173,0.39,3.1692,0.63,0.219,0.3045,0.3077,0.461,5
SOUTHEAST / IT CORRIDOR,Bi-directional,12.958673,77.639742,HSR Layout,Indiranagar,Sarjapur Road,primary,primary,none,10.5m,30.0,0.3193,0.333,0.7283,0.7039,0.1518,0.5001,0.6304,0.66,0.39,0.3889,0.1425,0.446,0.57,0.3735,0.47,7.9259,0.6,0.18,0.3603,0.4571,0.392,7
SOUTHEAST / IT CORRIDOR,Bi-directional,12.974473,77.639443,HSR Layout,Indiranagar,Sarjapur Road,primary,primary,none,10.5m,32.0,0.4371,0.3133,0.6848,0.6421,0.2725,0.2317,0.5836,0.64,0.45,0.4428,0.1439,0.4911,0.48,0.4006,0.36,8.4066,0.61,0.148,0.4245,0.4136,0.368,7
EAST BANGALORE,Bi-directional,12.971079,77.6397,Indiranagar,Silk Board,Intermediate Ring Road,primary,primary,none,10.5m,30.0,0.4156,0.3745,0.76,0.7105,0.3626,0.1827,0.5822,0.73,0.3,0.4658,0.1512,0.3787,0.56,0.3341,0.42,3.0387,0.59,0.088,0.2525,0.4376,0.46,6
EAST BANGALORE,Bi-directional,12.958676,77.637784,Indiranagar,Silk Board,Intermediate Ring Road,primary,primary,none,10.5m,30.0,0.351,0.3879,0.6634,0.5572,0.3485,0.6535,0.6519,0.69,0.49,0.3947,0.1905,0.435,0.51,0.3314,0.41,6.581,0.58,0.214,0.3533,0.4648,0.49,6
EAST BANGALORE,Bi-directional,12.946862,77.633559,Indiranagar,Silk Board,Intermediate Ring Road,primary,primary,none,10.5m,39.0,0.5117,0.4227,0.6022,0.4329,0.3758,0.3553,0.5691,0.7,0.4,0.4403,0.1553,0.2661,0.55,0.3215,0.37,8.9442,0.69,0.166,0.4485,0.5135,0.488,7
EAST BANGALORE,Bi-directional,12.93263,77.628283,Indiranagar,Silk Board,Intermediate Ring Road,primary,primary,none,10.5m,30.0,0.3723,0.5163,0.5275,0.3228,0.0706,0.6567,0.5407,0.68,0.38,0.424,0.0749,0.3572,0.38,0.3378,0.5,-0.4691,0.55,0.223,0.5447,0.4473,0.443,4
EAST BANGALORE,Bi-directional,12.917055,77.62451,Indiranagar,Silk Board,Intermediate Ring Road,primary,primary,none,10.5m,38.0,0.5793,0.4829,0.488,0.213,0.2303,0.3761,0.5528,0.64,0.24,0.4318,0.1519,0.4336,0.47,0.3127,0.38,12.4233,0.68,0.214,0.4951,0.4784,0.409,6
EAST BANGALORE,Bi-directional,12.974616,77.641886,Indiranagar,Silk Board,Hosur Road,primary,primary,none,10.5m,34.0,0.4168,0.5099,0.6679,0.6671,0.3699,0.5171,0.5448,0.72,0.37,0.3494,0.105,0.4251,0.59,0.3762,0.44,6.6904,0.62,0.115,0.386,0.4539,0.348,4
EAST BANGALORE,Bi-directional,12.960635,77.634841,Indiranagar,Silk Board,Hosur Road,primary,primary,none,10.5m,30.0,0.3636,0.4266,0.6574,0.5267,0.0674,0.408,0.5719,0.67,0.31,0.4906,0.1028,0.5298,0.54,0.3097,0.46,1.5845,0.65,0.222,0.3461,0.5028,0.399,6
EAST BANGALORE,Bi-directional,12.94505,77.632467,Indiranagar,Silk Board,Hosur Road,primary,primary,none,10.5m,30.0,0.3667,0.4048,0.6058,0.4512,0.0096,0.3012,0.5609,0.63,0.38,0.442,0.0625,0.5553,0.49,0.3125,0.43,7.0194,0.69,0.186,0.4615,0.3841,0.427,4
EAST BANGALORE,Bi-directional,12.930037,77.627667,Indiranagar,Silk Board,Hosur Road,primary,primary,none,10.5m,34.0,0.29,0.4264,0.5656,0.2993,0.2156,0.2217,0.5347,0.64,0.38,0.4426,0.1496,0.3479,0.44,0.3861,0.37,7.8027,0.61,0.254,0.406,0.4215,0.492,5
EAST BANGALORE,Bi-directional,12.919007,77.624136,Indiranagar,Silk Board,Hosur Road,primary,primary,none,10.5m,35.0,0.2043,0.3179,0.517,0.2291,0.3844,0.5667,0.4886,0.6,0.4,0.4626,0.1453,0.3831,0.45,0.3672,0.49,2.5385,0.7,0.198,0.4427,0.5149,0.517,5
EAST BANGALORE,Bi-directional,12.972934,77.64248,Indiranagar,Silk Board,Old Airport Road,primary,primary,none,10.5m,32.0,0.3208,0.4539,0.7079,0.6689,0.2242,0.5459,0.576,0.73,0.37,0.3447,0.1687,0.3994,0.5,0.2995,0.44,-0.5237,0.73,0.223,0.3986,0.4274,0.418,6
EAST BANGALORE,Bi-directional,12.959433,77.636941,Indiranagar,Silk Board,Old Airport Road,primary,primary,none,10.5m,31.0,0.4928,0.3236,0.6324,0.4823,0.1723,0.6091,0.533,0.78,0.39,0.4821,0.143,0.547,0.48,0.3962,0.42,10.968,0.54,0.181,0.3957,0.399,0.428,6
EAST BANGALORE,Bi-directional,12.945201,77.630461,Indiranagar,Silk Board,Old Airport Road,primary,primary,none,10.5m,30.0,0.1839,0.4135,0.5874,0.4343,0.2422,0.5078,0.5846,0.63,0.36,0.4977,0.1256,0.4496,0.52,0.3426,0.4,1.7546,0.6,0.217,0.3484,0.4238,0.456,6
EAST BANGALORE,Bi-directional,12.929563,77.628058,Indiranagar,Silk Board,Old Airport Road,primary,primary,none,10.5m,35.0,0.4499,0.3934,0.5026,0.3098,0.3144,0.6199,0.5675,0.71,0.36,0.5221,0.147,0.2739,0.6,0.3287,0.4,9.717,0.58,0.138,0.4918,0.4602,0.47,4
EAST BANGALORE,Bi-directional,12.918695,77.62257,Indiranagar,Silk Board,Old Airport Road,primary,primary,none,10.5m,34.0,0.3257,0.4049,0.4985,0.2401,0.159,0.4129,0.5275,0.55,0.32,0.4125,0.1458,0.4849,0.52,0.4148,0.44,9.5659,0.68,0.188,0.3512,0.3135,0.43,6
SOUTHEAST / IT CORRIDOR,Bi-directional,12.919077,77.624003,Silk Board,Indiranagar,Intermediate Ring Road,primary,primary,none,10.5m,31.0,0.2703,0.4225,0.4999,0.2151,0.2091,0.5836,0.5479,0.62,0.26,0.4325,0.0904,0.5409,0.49,0.3302,0.44,15.2706,0.71,0.186,0.3007,0.5127,0.405,4
SOUTHEAST / IT CORRIDOR,Bi-directional,12.932104,77.627614,Silk Board,Indiranagar,Intermediate Ring Road,primary,primary,none,10.5m,31.0,0.3701,0.5427,0.6075,0.3087,0.2098,0.7157,0.5849,0.7,0.29,0.5,0.0998,0.4781,0.51,0.3238,0.39,-3.0323,0.66,0.095,0.3151,0.4216,0.293,6
SOUTHEAST / IT CORRIDOR,Bi-directional,12.944571,77.633774,Silk Board,Indiranagar,Intermediate Ring Road,primary,primary,none,10.5m,38.0,0.251,0.5838,0.5873,0.3694,0.2222,0.4326,0.545,0.66,0.43,0.423,0.1049,0.3808,0.5,0.2687,0.4,12.4352,0.6,0.205,0.3107,0.5216,0.515,4
SOUTHEAST / IT CORRIDOR,Bi-directional,12.959611,77.638472,Silk Board,Indiranagar,Intermediate Ring Road,primary,primary,none,10.5m,33.0,0.3772,0.4069,0.7299,0.4596,0.1745,0.4785,0.5012,0.65,0.46,0.4322,0.1353,0.3732,0.49,0.3209,0.4,11.2507,0.63,0.117,0.4019,0.4567,0.47,6
SOUTHEAST / IT CORRIDOR,Bi-directional,12.971456,77.641571,Silk Board,Indiranagar,Intermediate Ring Road,primary,primary,none,10.5m,36.0,0.2682,0.3545,0.7267,0.6961,0.3728,0.4859,0.6078,0.58,0.33,0.3968,0.1684,0.5051,0.54,0.3345,0.44,5.4641,0.52,0.225,0.3962,0.4802,0.401,7
SOUTHEAST / IT CORRIDOR,Bi-directional,12.919075,77.625225,Silk Board,Indiranagar,Hosur Road,primary,primary,none,10.5m,38.0,0.3609,0.4464,0.504,0.219,0.0795,0.4035,0.5479,0.64,0.37,0.4558,0.1021,0.4666,0.54,0.372,0.4,0.804,0.72,0.246,0.4709,0.4446,0.375,5
SOUTHEAST / IT CORRIDOR,Bi-directional,12.932896,77.628137,Silk Board,Indiranagar,Hosur Road,primary,primary,none,10.5m,37.0,0.3874,0.5344,0.4768,0.3154,0.3024,0.7338,0.5529,0.59,0.32,0.4709,0.116,0.4631,0.54,0.2341,0.49,2.6618,0.67,0.086,0.3618,0.4946,0.33,5
SOUTHEAST / IT CORRIDOR,Bi-directional,12.945877,77.631112,Silk Board,Indiranagar,Hosur Road,primary,primary,none,10.5m,33.0,0.2504,0.3905,0.6354,0.4342,0.3163,0.8179,0.4935,0.74,0.37,0.3909,0.0859,0.4489,0.56,0.3441,0.47,-0.404,0.63,0.11,0.4112,0.4767,0.398,7
SOUTHEAST / IT CORRIDOR,Bi-directional,12.959569,77.636032,Silk Board,Indiranagar,Hosur Road,primary,primary,none,10.5m,35.0,0.3158,0.3361,0.6625,0.5735,0.3343,0.6623,0.5486,0.51,0.44,0.4233,0.1482,0.5789,0.63,0.3095,0.42,11.5834,0.57,0.143,0.3511,0.4295,0.4,7
SOUTHEAST / IT CORRIDOR,Bi-directional,12.970806,77.641917,Silk Board,Indiranagar,Hosur Road,primary,primary,none,10.5m,36.0,0.4463,0.4008,0.7765,0.5761,0.1412,0.6223,0.6001,0.65,0.31,0.5016,0.0807,0.4202,0.54,0.395,0.41,7.4458,0.55,0.199,0.3917,0.347,0.444,4
SOUTHEAST / IT CORRIDOR,Bi-directional,12.91622,77.62354,Silk Board,Indiranagar,Old Airport Road,primary,primary,none,10.5m,40.0,0.4154,0.3078,0.488,0.2216,0.2742,0.4862,0.5379,0.67,0.3,0.4638,0.1539,0.5915,0.4,0.3675,0.38,-8.7461,0.69,0.154,0.4113,0.457,0.501,5
SOUTHEAST / IT CORRIDOR,Bi-directional,12.931226,77.626665,Silk Board,Indiranagar,Old Airport Road,primary,primary,none,10.5m,40.0,0.3901,0.4917,0.5529,0.3285,0.1844,0.6233,0.5681,0.67,0.34,0.3378,0.1554,0.4276,0.47,0.3934,0.42,12.7314,0.68,0.208,0.2999,0.4929,0.442,6
SOUTHEAST / IT CORRIDOR,Bi-directional,12.945762,77.63114,Silk Board,Indiranagar,Old Airport Road,primary,primary,none,10.5m,30.0,0.3025,0.428,0.5994,0.4172,0.1241,0.4851,0.5885,0.67,0.42,0.3986,0.0875,0.4448,0.49,0.3277,0.43,4.1124,0.58,0.144,0.4097,0.4658,0.454,4
SOUTHEAST / IT CORRIDOR,Bi-directional,12.95743,77.635686,Silk Board,Indiranagar,Old Airport Road,primary,primary,none,10.5m,30.0,0.1845,0.2918,0.6696,0.6015,0.1963,0.3932,0.6375,0.6,0.28,0.3923,0.1088,0.339,0.52,0.3756,0.38,6.5878,0.62,0.168,0.3982,0.4412,0.37,7
SOUTHEAST / IT CORRIDOR,Bi-directional,12.971168,77.641214,Silk Board,Indiranagar,Old Airport Road,primary,primary,none,10.5m,36.0,0.4603,0.5291,0.6306,0.7421,0.2053,0.6088,0.6771,0.78,0.32,0.3606,0.1737,0.4704,0.51,0.348,0.4,8.1191,0.58,0.207,0.3333,0.5049,0.439,5
EAST BANGALORE,Bi-directional,12.974708,77.639408,Indiranagar,Mahadevapura,Old Madras Road,primary,primary,none,10.5m,31.0,0.3433,0.4494,0.7067,0.6274,0.3439,0.4181,0.5136,0.76,0.44,0.368,0.1518,0.4267,0.54,0.335,0.4,3.5948,0.55,0.126,0.3369,0.4267,0.366,6
EAST BANGALORE,Bi-directional,12.976961,77.654163,Indiranagar,Mahadevapura,Old Madras Road,primary,primary,none,10.5m,30.0,0.4868,0.5159,0.6563,0.5269,0.0165,0.6274,0.5231,0.66,0.24,0.4548,0.1074,0.3641,0.51,0.3289,0.44,4.3339,0.63,0.193,0.4375,0.4091,0.48,5
EAST BANGALORE,Bi-directional,12.983997,77.668295,Indiranagar,Mahadevapura,Old Madras Road,primary,primary,none,10.5m,30.0,0.1681,0.3784,0.6177,0.4602,0.2646,0.5193,0.5091,0.7,0.32,0.3564,0.1131,0.4793,0.47,0.3858,0.43,2.9069,0.57,0.131,0.3229,0.3929,0.356,6
EAST BANGALORE,Bi-directional,12.98772,77.680295,Indiranagar,Mahadevapura,Old Madras Road,primary,primary,none,10.5m,30.0,0.4019,0.5173,0.5867,0.2925,0.4253,0.3334,0.4667,0.61,0.36,0.3794,0.0636,0.455,0.53,0.3909,0.39,4.4855,0.54,0.168,0.284,0.4371,0.42,7
EAST BANGALORE,Bi-directional,12.992918,77.69057,Indiranagar,Mahadevapura,Old Madras Road,primary,primary,none,10.5m,33.0,0.4311,0.344,0.5132,0.2158,0.1324,0.4379,0.4587,0.67,0.4,0.2881,0.1073,0.4879,0.62,0.3825,0.4,13.9644,0.55,0.148,0.4164,0.2384,0.463,5
EAST BANGALORE,Bi-directional,12.973102,77.639089,Indiranagar,Mahadevapura,Outer Ring Road,primary,primary,none,10.5m,32.0,0.3925,0.5037,0.7235,0.6542,0.2567,0.3269,0.5785,0.71,0.43,0.4568,0.1708,0.4892,0.56,0.3606,0.4,8.1943,0.54,0.189,0.4193,0.4853,0.446,4
EAST BANGALORE,Bi-directional,12.979386,77.655148,Indiranagar,Mahadevapura,Outer Ring Road,primary,primary,none,10.5m,30.0,0.3363,0.4132,0.7325,0.5483,0.2332,0.4689,0.5915,0.63,0.34,0.3963,0.1569,0.4854,0.53,0.3594,0.4,5.1165,0.54,0.162,0.4635,0.3559,0.384,5
EAST BANGALORE,Bi-directional,12.984317,77.666984,Indiranagar,Mahadevapura,Outer Ring Road,primary,primary,none,10.5m,30.0,0.4989,0.4026,0.6124,0.4525,0.245,0.6547,0.508,0.59,0.43,0.3535,0.1346,0.3431,0.61,0.4259,0.49,10.7646,0.5,0.215,0.3342,0.4619,0.382,6
EAST BANGALORE,Bi-directional,12.990262,77.680325,Indiranagar,Mahadevapura,Outer Ring Road,primary,primary,none,10.5m,31.0,0.3756,0.6334,0.6038,0.3349,0.3705,0.3125,0.5138,0.67,0.37,0.3298,0.1067,0.3741,0.48,0.396,0.4,5.462,0.58,0.141,0.4716,0.3896,0.493,7
EAST BANGALORE,Bi-directional,12.993724,77.692297,Indiranagar,Mahadevapura,Outer Ring Road,primary,primary,none,10.5m,36.0,0.392,0.3882,0.5359,0.2509,0.2841,0.1924,0.4593,0.6,0.41,0.3382,0.1603,0.4721,0.55,0.4237,0.44,-2.7643,0.51,0.24,0.3758,0.3645,0.509,5
EAST BANGALORE,Bi-directional,12.973467,77.640292,Indiranagar,Mahadevapura,Whitefield Road,primary,primary,none,10.5m,34.0,0.3311,0.3786,0.7538,0.5957,0.2738,0.6691,0.5451,0.69,0.38,0.426,0.1166,0.5431,0.5,0.2511,0.42,2.3228,0.61,0.237,0.4224,0.4864,0.507,7
EAST BANGALORE,Bi-directional,12.977759,77.653384,Indiranagar,Mahadevapura,Whitefield Road,primary,primary,none,10.5m,30.0,0.3381,0.5749,0.7052,0.4947,0.3058,0.7431,0.6254,0.63,0.42,0.4741,0.0854,0.4201,0.62,0.3403,0.34,5.3687,0.62,0.177,0.4272,0.4557,0.401,7
EAST BANGALORE,Bi-directional,12.985167,77.665219,Indiranagar,Mahadevapura,Whitefield Road,primary,primary,none,10.5m,37.0,0.3501,0.552,0.6712,0.4045,0.2152,0.6737,0.5919,0.64,0.33,0.4767,0.112,0.425,0.54,0.4389,0.45,7.1947,0.58,0.184,0.418,0.2702,0.419,4
EAST BANGALORE,Bi-directional,12.989038,77.68066,Indiranagar,Mahadevapura,Whitefield Road,primary,primary,none,10.5m,30.0,0.3662,0.4172,0.5736,0.3736,0.3505,0.5086,0.5276,0.62,0.32,0.368,0.1987,0.5097,0.49,0.3875,0.42,9.0989,0.62,0.216,0.3954,0.3478,0.462,7
EAST BANGALORE,Bi-directional,12.992268,77.694001,Indiranagar,Mahadevapura,Whitefield Road,primary,primary,none,10.5m,31.0,0.3693,0.4031,0.5054,0.2166,0.1936,0.198,0.4619,0.47,0.36,0.3195,0.1531,0.3739,0.47,0.4247,0.43,11.614,0.47,0.173,0.4053,0.3823,0.447,6
EAST BANGALORE,Bi-directional,12.993085,77.690494,Mahadevapura,Indiranagar,Old Madras Road,primary,primary,none,10.5m,32.0,0.4241,0.362,0.5235,0.2547,0.2587,0.301,0.4254,0.54,0.43,0.343,0.1287,0.375,0.56,0.3979,0.44,8.1504,0.43,0.201,0.3298,0.3469,0.448,4
EAST BANGALORE,Bi-directional,12.989667,77.679295,Mahadevapura,Indiranagar,Old Madras Road,primary,primary,none,10.5m,34.0,0.3376,0.5571,0.551,0.2839,0.1692,0.7231,0.4867,0.57,0.36,0.4479,0.1719,0.5689,0.51,0.4201,0.4,11.7093,0.48,0.198,0.3253,0.3415,0.411,7
EAST BANGALORE,Bi-directional,12.983363,77.666176,Mahadevapura,Indiranagar,Old Madras Road,primary,primary,none,10.5m,31.0,0.4346,0.608,0.6989,0.4767,0.2072,0.4314,0.5539,0.64,0.46,0.4987,0.1929,0.5381,0.54,0.4312,0.47,5.0216,0.53,0.143,0.3365,0.3238,0.445,7
EAST BANGALORE,Bi-directional,12.978045,77.655458,Mahadevapura,Indiranagar,Old Madras Road,primary,primary,none,10.5m,30.0,0.28,0.4305,0.7092,0.6058,0.2427,0.476,0.5023,0.74,0.3,0.4639,0.1187,0.4144,0.47,0.4451,0.42,5.8603,0.61,0.144,0.386,0.412,0.393,7
EAST BANGALORE,Bi-directional,12.974514,77.642986,Mahadevapura,Indiranagar,Old Madras Road,primary,primary,none,10.5m,34.0,0.4398,0.3604,0.6716,0.7191,0.242,0.522,0.5964,0.61,0.39,0.4355,0.1125,0.3824,0.55,0.3681,0.41,1.6125,0.53,0.15,0.4771,0.4173,0.379,6
EAST BANGALORE,Bi-directional,12.99338,77.69022,Mahadevapura,Indiranagar,Outer Ring Road,primary,primary,none,10.5m,31.0,0.3636,0.4593,0.5185,0.2558,0.3804,0.6101,0.4527,0.51,0.43,0.3806,0.165,0.3969,0.5,0.3806,0.44,9.8681,0.5,0.225,0.3765,0.3595,0.415,7
EAST BANGALORE,Bi-directional,12.988066,77.67912,Mahadevapura,Indiranagar,Outer Ring Road,primary,primary,none,10.5m,31.0,0.4178,0.3787,0.5439,0.3123,0.2315,0.651,0.4931,0.62,0.33,0.3497,0.1526,0.3908,0.57,0.3866,0.43,12.5354,0.52,0.194,0.4211,0.3772,0.459,4
EAST BANGALORE,Bi-directional,12.98434,77.666676,Mahadevapura,Indiranagar,Outer Ring Road,primary,primary,none,10.5m,31.0,0.1602,0.5284,0.5526,0.3875,0.2413,0.4989,0.4837,0.6,0.41,0.4259,0.1636,0.5638,0.56,0.3726,0.45,7.3951,0.58,0.191,0.3345,0.3403,0.428,4
EAST BANGALORE,Bi-directional,12.97844,77.65268,Mahadevapura,Indiranagar,Outer Ring Road,primary,primary,none,10.5m,32.0,0.3829,0.5281,0.7362,0.5164,0.3128,0.5292,0.5658,0.66,0.45,0.3878,0.0848,0.408,0.56,0.3529,0.4,2.0664,0.58,0.209,0.4036,0.3967,0.425,6
EAST BANGALORE,Bi-directional,12.972203,77.64045,Mahadevapura,Indiranagar,Outer Ring Road,primary,primary,none,10.5m,30.0,0.4689,0.2716,0.5923,0.6098,0.3165,0.6752,0.5589,0.65,0.43,0.34,0.12,0.4737,0.55,0.3029,0.4,-1.5981,0.55,0.194,0.3281,0.4333,0.426,5
EAST BANGALORE,Bi-directional,12.995379,77.690996,Mahadevapura,Indiranagar,Whitefield Road,primary,primary,none,10.5m,31.0,0.1751,0.5765,0.5564,0.2411,0.1509,0.3713,0.3956,0.63,0.36,0.4404,0.1786,0.3802,0.48,0.4545,0.4,3.1464,0.5,0.287,0.3959,0.3346,0.437,6
EAST BANGALORE,Bi-directional,12.989626,77.681157,Mahadevapura,Indiranagar,Whitefield Road,primary,primary,none,10.5m,32.0,0.3178,0.5998,0.617,0.3692,0.2083,0.7907,0.5119,0.66,0.35,0.3534,0.1332,0.4472,0.58,0.401,0.47,8.5256,0.53,0.22,0.3602,0.4702,0.331,4
EAST BANGALORE,Bi-directional,12.985006,77.665411,Mahadevapura,Indiranagar,Whitefield Road,primary,primary,none,10.5m,31.0,0.4512,0.5037,0.6508,0.3927,0.392,0.3655,0.4975,0.62,0.39,0.3397,0.1224,0.5378,0.45,0.4363,0.42,-3.4458,0.49,0.133,0.3509,0.3834,0.307,6
EAST BANGALORE,Bi-directional,12.977769,77.652416,Mahadevapura,Indiranagar,Whitefield Road,primary,primary,none,10.5m,30.0,0.231,0.4773,0.6816,0.5242,0.1861,0.6482,0.6167,0.62,0.34,0.4321,0.119,0.4442,0.56,0.2782,0.45,6.038,0.55,0.172,0.3838,0.3235,0.491,6
EAST BANGALORE,Bi-directional,12.970825,77.639248,Mahadevapura,Indiranagar,Whitefield Road,primary,primary,none,10.5m,41.0,0.496,0.3694,0.7416,0.5575,0.2673,0.4578,0.5441,0.65,0.34,0.3758,0.1061,0.3631,0.56,0.2861,0.37,8.5462,0.6,0.211,0.4391,0.5318,0.395,7
EAST BANGALORE,Bi-directional,12.971445,77.641288,Indiranagar,BTM Layout,Hosur Road,primary,primary,none,10.5m,34.0,0.4353,0.4089,0.716,0.5902,0.1265,0.7533,0.5429,0.75,0.32,0.4562,0.0979,0.4962,0.51,0.3108,0.42,4.5533,0.51,0.209,0.3186,0.4573,0.453,7
EAST BANGALORE,Bi-directional,12.956522,77.631631,Indiranagar,BTM Layout,Hosur Road,primary,primary,none,10.5m,33.0,0.5705,0.4558,0.5743,0.6538,0.1833,0.8503,0.5748,0.58,0.27,0.5095,0.1633,0.5996,0.53,0.3218,0.4,3.6413,0.57,0.183,0.3335,0.3511,0.413,4
EAST BANGALORE,Bi-directional,12.94496,77.627868,Indiranagar,BTM Layout,Hosur Road,primary,primary,none,10.5m,30.0,0.2835,0.3559,0.7282,0.589,0.2905,0.6822,0.5178,0.75,0.45,0.4771,0.1826,0.3531,0.5,0.297,0.43,2.1998,0.63,0.241,0.4094,0.4581,0.36,7
EAST BANGALORE,Bi-directional,12.929506,77.616804,Indiranagar,BTM Layout,Hosur Road,primary,primary,none,10.5m,30.0,0.5188,0.5617,0.6961,0.5023,0.3596,0.6054,0.5986,0.66,0.46,0.5012,0.1437,0.5206,0.5,0.2826,0.42,4.5986,0.6,0.234,0.3759,0.4636,0.395,5
EAST BANGALORE,Bi-directional,12.913626,77.609373,Indiranagar,BTM Layout,Hosur Road,primary,primary,none,10.5m,30.0,0.4471,0.6387,0.6698,0.4655,0.245,0.6917,0.5931,0.65,0.39,0.4843,0.0931,0.5099,0.59,0.3681,0.38,-0.7725,0.64,0.138,0.3747,0.5321,0.383,6
EAST BANGALORE,Bi-directional,12.971995,77.642565,Indiranagar,BTM Layout,Old Airport Road,primary,primary,none,10.5m,30.0,0.3798,0.439,0.7668,0.6102,0.3809,0.4019,0.5239,0.61,0.36,0.4275,0.1411,0.4547,0.57,0.3128,0.35,5.6136,0.49,0.185,0.4474,0.3786,0.476,7
EAST BANGALORE,Bi-directional,12.956613,77.633764,Indiranagar,BTM Layout,Old Airport Road,primary,primary,none,10.5m,35.0,0.4658,0.485,0.7241,0.6799,0.2534,0.2994,0.5878,0.77,0.32,0.4203,0.1428,0.4535,0.48,0.3676,0.46,6.1483,0.55,0.096,0.3939,0.4939,0.429,5
EAST BANGALORE,Bi-directional,12.943493,77.624987,Indiranagar,BTM Layout,Old Airport Road,primary,primary,none,10.5m,37.0,0.1887,0.3361,0.7105,0.5499,0.2865,0.3761,0.6082,0.67,0.41,0.4583,0.1346,0.491,0.53,0.2798,0.44,7.4715,0.51,0.141,0.4271,0.3514,0.453,4
EAST BANGALORE,Bi-directional,12.926948,77.617707,Indiranagar,BTM Layout,Old Airport Road,primary,primary,none,10.5m,30.0,0.3502,0.2275,0.6463,0.4672,0.214,0.4561,0.593,0.74,0.32,0.5373,0.105,0.4592,0.54,0.4156,0.4,-0.1147,0.67,0.133,0.3509,0.3951,0.393,4
EAST BANGALORE,Bi-directional,12.91448,77.611593,Indiranagar,BTM Layout,Old Airport Road,primary,primary,none,10.5m,30.0,0.3174,0.4096,0.6383,0.4713,0.0462,0.641,0.6132,0.64,0.37,0.4635,0.1581,0.4284,0.56,0.3439,0.48,3.49,0.54,0.105,0.3627,0.5074,0.383,7
EAST BANGALORE,Bi-directional,12.974115,77.642134,Indiranagar,BTM Layout,Intermediate Ring Road,primary,primary,none,10.5m,32.0,0.3511,0.4709,0.6062,0.6723,0.2739,0.4517,0.6582,0.64,0.35,0.5274,0.1069,0.4235,0.52,0.3567,0.41,2.0446,0.56,0.142,0.3811,0.4526,0.425,5
EAST BANGALORE,Bi-directional,12.957158,77.633464,Indiranagar,BTM Layout,Intermediate Ring Road,primary,primary,none,10.5m,31.0,0.4322,0.3997,0.7062,0.6197,0.2147,0.4407,0.5242,0.67,0.35,0.4607,0.1472,0.5077,0.5,0.2395,0.42,6.8377,0.56,0.2,0.3004,0.4901,0.389,4
EAST BANGALORE,Bi-directional,12.943333,77.625431,Indiranagar,BTM Layout,Intermediate Ring Road,primary,primary,none,10.5m,30.0,0.3717,0.3605,0.6921,0.5538,0.1725,0.6546,0.5701,0.69,0.38,0.539,0.1472,0.4237,0.56,0.2629,0.41,6.0636,0.6,0.157,0.3222,0.4039,0.413,7
EAST BANGALORE,Bi-directional,12.927379,77.616572,Indiranagar,BTM Layout,Intermediate Ring Road,primary,primary,none,10.5m,35.0,0.2745,0.6218,0.6327,0.4905,0.2436,0.5,0.5751,0.6,0.38,0.4564,0.1126,0.4723,0.46,0.3136,0.39,3.877,0.67,0.247,0.4282,0.4276,0.452,5
EAST BANGALORE,Bi-directional,12.915497,77.612122,Indiranagar,BTM Layout,Intermediate Ring Road,primary,primary,none,10.5m,30.0,0.2063,0.4766,0.6571,0.4794,0.1772,0.6981,0.5164,0.74,0.3,0.4751,0.1417,0.4034,0.54,0.3722,0.36,5.6491,0.52,0.128,0.4333,0.429,0.36,7
SOUTHEAST / IT CORRIDOR,Bi-directional,12.914924,77.611603,BTM Layout,Indiranagar,Hosur Road,primary,primary,none,10.5m,33.0,0.3567,0.3155,0.6293,0.422,0.2865,0.3143,0.5225,0.65,0.3,0.4588,0.1241,0.5084,0.48,0.2799,0.4,1.4918,0.62,0.084,0.3357,0.4121,0.438,5
SOUTHEAST / IT CORRIDOR,Bi-directional,12.926726,77.618335,BTM Layout,Indiranagar,Hosur Road,primary,primary,none,10.5m,35.0,0.2563,0.4457,0.6603,0.4686,0.2316,0.6323,0.6373,0.69,0.26,0.4487,0.1299,0.5025,0.53,0.3717,0.42,8.9765,0.59,0.182,0.4072,0.4221,0.374,7
SOUTHEAST / IT CORRIDOR,Bi-directional,12.944563,77.625439,BTM Layout,Indiranagar,Hosur Road,primary,primary,none,10.5m,38.0,0.2131,0.3644,0.698,0.5304,0.2853,0.6387,0.5923,0.69,0.46,0.3719,0.1736,0.4282,0.56,0.2859,0.39,7.0313,0.51,0.222,0.4382,0.4528,0.414,4
SOUTHEAST / IT CORRIDOR,Bi-directional,12.959827,77.635438,BTM Layout,Indiranagar,Hosur Road,primary,primary,none,10.5m,30.0,0.4603,0.465,0.6975,0.55,0.1816,0.8158,0.5703,0.71,0.33,0.4007,0.1625,0.3705,0.51,0.3253,0.41,5.0473,0.61,0.207,0.42,0.3863,0.391,5
SOUTHEAST / IT CORRIDOR,Bi-directional,12.974661,77.640713,BTM Layout,Indiranagar,Hosur Road,primary,primary,none,10.5m,37.0,0.4453,0.3251,0.7064,0.599,0.1594,0.2913,0.6431,0.67,0.36,0.4542,0.1472,0.5366,0.5,0.3393,0.38,5.4032,0.58,0.179,0.392,0.4723,0.372,5
SOUTHEAST / IT CORRIDOR,Bi-directional,12.913268,77.612035,BTM Layout,Indiranagar,Old Airport Road,primary,primary,none,10.5m,30.0,0.4152,0.3854,0.6772,0.4734,0.2439,0.3023,0.5958,0.76,0.38,0.4129,0.1282,0.4981,0.49,0.3218,0.42,7.4677,0.65,0.216,0.3435,0.4769,0.38,6
SOUTHEAST / IT CORRIDOR,Bi-directional,12.927028,77.618937,BTM Layout,Indiranagar,Old Airport Road,primary,primary,none,10.5m,36.0,0.4823,0.5206,0.6575,0.5267,0.3347,0.2892,0.621,0.58,0.41,0.5137,0.125,0.4408,0.55,0.3938,0.4,2.6374,0.59,0.098,0.4105,0.425,0.4,6
SOUTHEAST / IT CORRIDOR,Bi-directional,12.944117,77.626426,BTM Layout,Indiranagar,Old Airport Road,primary,primary,none,10.5m,30.0,0.2672,0.4206,0.7052,0.5243,0.3801,0.5588,0.5648,0.59,0.31,0.4565,0.0658,0.5143,0.52,0.4475,0.47,4.651,0.59,0.223,0.4608,0.361,0.322,4
SOUTHEAST / IT CORRIDOR,Bi-directional,12.95937,77.63503,BTM Layout,Indiranagar,Old Airport Road,primary,primary,none,10.5m,33.0,0.447,0.3878,0.6769,0.6527,0.3329,0.6254,0.5519,0.72,0.27,0.4903,0.1285,0.4652,0.48,0.2536,0.41,7.1906,0.62,0.202,0.3999,0.3895,0.444,4
SOUTHEAST / IT CORRIDOR,Bi-directional,12.971277,77.64105,BTM Layout,Indiranagar,Old Airport Road,primary,primary,none,10.5m,30.0,0.2071,0.5748,0.7613,0.6288,0.2158,0.3966,0.6205,0.77,0.34,0.486,0.1323,0.4464,0.59,0.3228,0.41,6.7389,0.5,0.186,0.3527,0.3558,0.376,6
SOUTHEAST / IT CORRIDOR,Bi-directional,12.912073,77.612417,BTM Layout,Indiranagar,Intermediate Ring Road,primary,primary,none,10.5m,30.0,0.3595,0.3738,0.655,0.4394,0.1067,0.5578,0.5475,0.68,0.42,0.5083,0.1314,0.5128,0.48,0.359,0.43,4.9488,0.63,0.128,0.3099,0.5406,0.405,7
SOUTHEAST / IT CORRIDOR,Bi-directional,12.927375,77.619766,BTM Layout,Indiranagar,Intermediate Ring Road,primary,primary,none,10.5m,31.0,0.3151,0.4223,0.6847,0.4645,0.137,0.2619,0.4953,0.6,0.39,0.4114,0.1438,0.4513,0.44,0.3497,0.43,2.0606,0.62,0.132,0.3726,0.3878,0.327,6
SOUTHEAST / IT CORRIDOR,Bi-directional,12.945203,77.62474,BTM Layout,Indiranagar,Intermediate Ring Road,primary,primary,none,10.5m,34.0,0.4603,0.4384,0.7745,0.5496,0.3741,0.4196,0.6535,0.74,0.37,0.5087,0.1707,0.547,0.42,0.352,0.42,6.4923,0.61,0.186,0.4394,0.4711,0.418,5
SOUTHEAST / IT CORRIDOR,Bi-directional,12.956694,77.633836,BTM Layout,Indiranagar,Intermediate Ring Road,primary,primary,none,10.5m,30.0,0.4782,0.4023,0.6925,0.5521,0.1511,0.6773,0.6357,0.62,0.44,0.4144,0.1463,0.5473,0.52,0.3113,0.43,2.3161,0.64,0.18,0.3481,0.4059,0.336,4
SOUTHEAST / IT CORRIDOR,Bi-directional,12.972982,77.639828,BTM Layout,Indiranagar,Intermediate Ring Road,primary,primary,none,10.5m,30.0,0.3875,0.3939,0.7741,0.6744,0.2024,0.3644,0.5647,0.77,0.45,0.3837,0.1551,0.3435,0.51,0.2863,0.43,2.0504,0.6,0.172,0.3753,0.5179,0.494,7
SOUTHEAST / IT CORRIDOR,Bi-directional,12.933398,77.623528,Koramangala,HSR Layout,Sarjapur Road,primary,primary,none,10.5m,30.0,0.3232,0.4497,0.7621,0.5827,0.1809,0.4965,0.6401,0.6,0.37,0.5014,0.147,0.4746,0.53,0.2797,0.36,3.9761,0.66,0.247,0.3956,0.5207,0.418,5
SOUTHEAST / IT CORRIDOR,Bi-directional,12.929084,77.62618,Koramangala,HSR Layout,Sarjapur Road,primary,primary,none,10.5m,31.0,0.2861,0.3222,0.8288,0.6048,0.4997,0.3256,0.6321,0.7,0.33,0.4684,0.1225,0.3975,0.5,0.2274,0.43,8.7143,0.63,0.286,0.3929,0.5499,0.463,4
SOUTHEAST / IT CORRIDOR,Bi-directional,12.922224,77.629704,Koramangala,HSR Layout,Sarjapur Road,primary,primary,none,10.5m,33.0,0.2359,0.4482,0.7598,0.5982,0.1888,0.7597,0.6198,0.6,0.42,0.456,0.1294,0.491,0.49,0.2568,0.45,9.3,0.61,0.213,0.3428,0.4876,0.402,6
SOUTHEAST / IT CORRIDOR,Bi-directional,12.918222,77.634396,Koramangala,HSR Layout,Sarjapur Road,primary,primary,none,10.5m,32.0,0.422,0.4016,0.6977,0.5225,0.1837,0.7838,0.5882,0.69,0.42,0.4782,0.1314,0.3961,0.48,0.2881,0.43,6.0758,0.57,0.197,0.3844,0.4398,0.412,5
SOUTHEAST / IT CORRIDOR,Bi-directional,12.910265,77.638419,Koramangala,HSR Layout,Sarjapur Road,primary,primary,none,10.5m,32.0,0.3641,0.476,0.6724,0.5154,0.4042,0.6135,0.5334,0.71,0.45,0.6027,0.0909,0.458,0.43,0.3559,0.4,13.8995,0.56,0.091,0.3416,0.3689,0.45,6
SOUTHEAST / IT CORRIDOR,Bi-directional,12.936774,77.624051,Koramangala,HSR Layout,Outer Ring Road,primary,primary,none,10.5m,35.0,0.2489,0.435,0.7608,0.6984,0.2249,0.4081,0.6271,0.75,0.31,0.4536,0.1071,0.4194,0.43,0.3592,0.4,4.2515,0.68,0.213,0.3311,0.5066,0.398,4
SOUTHEAST / IT CORRIDOR,Bi-directional,12.927777,77.626246,Koramangala,HSR Layout,Outer Ring Road,primary,primary,none,10.5m,35.0,0.3253,0.373,0.669,0.6183,0.21,0.7861,0.6743,0.63,0.32,0.4764,0.0989,0.4512,0.5,0.3239,0.43,2.2058,0.65,0.138,0.465,0.5749,0.399,5
SOUTHEAST / IT CORRIDOR,Bi-directional,12.922079,77.630083,Koramangala,HSR Layout,Outer Ring Road,primary,primary,none,10.5m,30.0,0.3303,0.4483,0.6572,0.538,0.1914,0.363,0.5976,0.69,0.39,0.4897,0.1731,0.463,0.54,0.3041,0.43,4.0235,0.62,0.106,0.3677,0.4324,0.452,5
SOUTHEAST / IT CORRIDOR,Bi-directional,12.916739,77.634107,Koramangala,HSR Layout,Outer Ring Road,primary,primary,none,10.5m,32.0,0.3807,0.3164,0.7316,0.5599,0.186,0.2781,0.5786,0.65,0.39,0.4568,0.0641,0.4276,0.5,0.3518,0.4,11.9379,0.53,0.232,0.3507,0.5185,0.417,5
SOUTHEAST / IT CORRIDOR,Bi-directional,12.912085,77.637383,Koramangala,HSR Layout,Outer Ring Road,primary,primary,none,10.5m,30.0,0.0876,0.634,0.617,0.5173,0.1249,0.3914,0.5127,0.63,0.36,0.4589,0.1136,0.3864,0.49,0.3936,0.45,7.9568,0.62,0.262,0.3847,0.4995,0.351,4
SOUTHEAST / IT CORRIDOR,Bi-directional,12.935633,77.624278,Koramangala,HSR Layout,27th Main Road,primary,primary,none,10.5m,30.0,0.416,0.4052,0.7428,0.6073,0.2589,0.3153,0.5617,0.7,0.34,0.5645,0.1514,0.528,0.48,0.3121,0.34,4.2473,0.63,0.184,0.3566,0.5014,0.267,7
SOUTHEAST / IT CORRIDOR,Bi-directional,12.929168,77.627539,Koramangala,HSR Layout,27th Main Road,primary,primary,none,10.5m,37.0,0.3746,0.494,0.7289,0.6116,0.0788,0.6411,0.6471,0.64,0.37,0.4748,0.1353,0.4126,0.55,0.3163,0.34,6.4861,0.65,0.117,0.3795,0.5858,0.41,6
SOUTHEAST / IT CORRIDOR,Bi-directional,12.923287,77.63061,Koramangala,HSR Layout,27th Main Road,primary,primary,none,10.5m,30.0,0.257,0.4126,0.7299,0.5793,0.2926,0.807,0.584,0.69,0.36,0.4443,0.1062,0.4198,0.53,0.4101,0.39,4.1718,0.61,0.191,0.3722,0.5487,0.298,5
SOUTHEAST / IT CORRIDOR,Bi-directional,12.916503,77.635339,Koramangala,HSR Layout,27th Main Road,primary,primary,none,10.5m,31.0,0.3611,0.5031,0.686,0.541,0.1934,0.4715,0.6023,0.59,0.37,0.5021,0.1733,0.4272,0.56,0.3943,0.4,3.7821,0.59,0.166,0.4085,0.4358,0.482,4
SOUTHEAST / IT CORRIDOR,Bi-directional,12.911883,77.640538,Koramangala,HSR Layout,27th Main Road,primary,primary,none,10.5m,30.0,0.3584,0.4065,0.5921,0.5361,0.3479,0.8339,0.6538,0.61,0.37,0.5746,0.1236,0.4581,0.45,0.3389,0.46,11.3211,0.57,0.15,0.3144,0.4249,0.336,6
SOUTHEAST / IT CORRIDOR,Bi-directional,12.90973,77.638243,HSR Layout,Koramangala,Sarjapur Road,primary,primary,none,10.5m,34.0,0.3623,0.5669,0.6204,0.5183,0.1785,0.439,0.5565,0.64,0.36,0.518,0.1262,0.4573,0.5,0.3687,0.42,4.8609,0.53,0.178,0.3849,0.4185,0.406,6
SOUTHEAST / IT CORRIDOR,Bi-directional,12.917078,77.636768,HSR Layout,Koramangala,Sarjapur Road,primary,primary,none,10.5m,33.0,0.3252,0.4293,0.7078,0.5494,0.0541,0.3438,0.6172,0.66,0.36,0.414,0.0919,0.3538,0.51,0.3022,0.39,5.569,0.61,0.268,0.2941,0.5337,0.457,7
SOUTHEAST / IT CORRIDOR,Bi-directional,12.922924,77.631684,HSR Layout,Koramangala,Sarjapur Road,primary,primary,none,10.5m,31.0,0.3255,0.5904,0.6725,0.5666,0.3896,0.5794,0.5901,0.64,0.4,0.4789,0.1008,0.4084,0.48,0.2819,0.43,8.1156,0.64,0.172,0.3487,0.4711,0.456,7
SOUTHEAST / IT CORRIDOR,Bi-directional,12.928267,77.626372,HSR Layout,Koramangala,Sarjapur Road,primary,primary,none,10.5m,30.0,0.2594,0.5777,0.7337,0.625,0.2756,0.7389,0.5716,0.67,0.37,0.4162,0.096,0.4931,0.54,0.3479,0.39,3.9058,0.55,0.22,0.4133,0.5469,0.48,7
SOUTHEAST / IT CORRIDOR,Bi-directional,12.935032,77.624087,HSR Layout,Koramangala,Sarjapur Road,primary,primary,none,10.5m,37.0,0.1657,0.598,0.761,0.6698,0.1425,0.4324,0.6829,0.69,0.35,0.5122,0.1167,0.456,0.47,0.3047,0.39,0.5368,0.64,0.114,0.3503,0.547,0.327,5
SOUTHEAST / IT CORRIDOR,Bi-directional,12.912832,77.639971,HSR Layout,Koramangala,Outer Ring Road,primary,primary,none,10.5m,32.0,0.2795,0.4681,0.7163,0.4763,0.4715,0.4437,0.5725,0.63,0.39,0.3885,0.1084,0.4013,0.52,0.3745,0.43,-3.4908,0.67,0.181,0.329,0.4752,0.426,7
SOUTHEAST / IT CORRIDOR,Bi-directional,12.918072,77.634563,HSR Layout,Koramangala,Outer Ring Road,primary,primary,none,10.5m,30.0,0.4053,0.5271,0.6814,0.5272,0.1575,0.5937,0.4743,0.69,0.39,0.4629,0.1315,0.3831,0.42,0.3451,0.45,-0.5246,0.56,0.205,0.3763,0.6251,0.461,7
SOUTHEAST / IT CORRIDOR,Bi-directional,12.92533,77.633347,HSR Layout,Koramangala,Outer Ring Road,primary,primary,none,10.5m,30.0,0.3424,0.538,0.6908,0.5651,0.4482,0.4995,0.5736,0.71,0.38,0.4213,0.1544,0.4069,0.51,0.3174,0.42,-1.5832,0.6,0.226,0.4189,0.4316,0.451,7
SOUTHEAST / IT CORRIDOR,Bi-directional,12.928672,77.628768,HSR Layout,Koramangala,Outer Ring Road,primary,primary,none,10.5m,33.0,0.2764,0.5345,0.7317,0.6211,0.4375,0.3363,0.6164,0.68,0.41,0.5682,0.1051,0.3796,0.48,0.3052,0.41,5.5539,0.68,0.255,0.4235,0.6216,0.443,5
SOUTHEAST / IT CORRIDOR,Bi-directional,12.936227,77.62483,HSR Layout,Koramangala,Outer Ring Road,primary,primary,none,10.5m,30.0,0.2936,0.5342,0.7668,0.7163,0.2971,0.3155,0.574,0.62,0.41,0.5442,0.1761,0.4826,0.56,0.2873,0.38,7.0064,0.64,0.182,0.3789,0.515,0.462,5
SOUTHEAST / IT CORRIDOR,Bi-directional,12.912708,77.637183,HSR Layout,Koramangala,27th Main Road,primary,primary,none,10.5m,34.0,0.4075,0.4371,0.7542,0.494,0.2773,0.5179,0.5591,0.68,0.36,0.4341,0.1454,0.4265,0.52,0.3182,0.41,3.3857,0.57,0.13,0.3959,0.4759,0.458,5
SOUTHEAST / IT CORRIDOR,Bi-directional,12.917875,77.636319,HSR Layout,Koramangala,27th Main Road,primary,primary,none,10.5m,30.0,0.1776,0.4581,0.6849,0.5001,0.1514,0.6578,0.5135,0.68,0.37,0.4939,0.1154,0.4585,0.48,0.3243,0.42,6.3675,0.61,0.126,0.3346,0.4459,0.401,4
SOUTHEAST / IT CORRIDOR,Bi-directional,12.923698,77.631759,HSR Layout,Koramangala,27th Main Road,primary,primary,none,10.5m,30.0,0.3524,0.292,0.6177,0.608,0.3117,0.3791,0.5996,0.65,0.36,0.4666,0.097,0.4084,0.48,0.3362,0.34,4.7847,0.57,0.122,0.3355,0.4819,0.399,4
SOUTHEAST / IT CORRIDOR,Bi-directional,12.931242,77.628847,HSR Layout,Koramangala,27th Main Road,primary,primary,none,10.5m,34.0,0.2841,0.4465,0.7203,0.6118,0.3415,0.3421,0.6779,0.61,0.35,0.5033,0.1401,0.4351,0.51,0.3287,0.4,9.1859,0.65,0.218,0.3119,0.4861,0.39,5
SOUTHEAST / IT CORRIDOR,Bi-directional,12.935031,77.622882,HSR Layout,Koramangala,27th Main Road,primary,primary,none,10.5m,34.0,0.3579,0.592,0.7228,0.6529,0.2555,0.6099,0.6667,0.7,0.37,0.4349,0.1255,0.403,0.53,0.2932,0.4,1.3747,0.56,0.271,0.3655,0.5193,0.355,6
SOUTHEAST / IT CORRIDOR,Bi-directional,12.935523,77.626215,Koramangala,Silk Board,Hosur Road,primary,primary,none,10.5m,35.0,0.3413,0.5965,0.7373,0.6288,0.3225,0.7329,0.5724,0.69,0.34,0.5014,0.1226,0.5093,0.5,0.355,0.4,7.1927,0.64,0.264,0.2823,0.4362,0.489,4
SOUTHEAST / IT CORRIDOR,Bi-directional,12.931332,77.622315,Koramangala,Silk Board,Hosur Road,primary,primary,none,10.5m,30.0,0.422,0.2189,0.6656,0.5682,0.1515,0.6112,0.5685,0.62,0.45,0.4862,0.1368,0.5048,0.39,0.3483,0.39,3.2895,0.66,0.158,0.4,0.4796,0.417,7
SOUTHEAST / IT CORRIDOR,Bi-directional,12.925293,77.622847,Koramangala,Silk Board,Hosur Road,primary,primary,none,10.5m,39.0,0.3751,0.2681,0.6055,0.4556,0.3454,0.4021,0.4651,0.69,0.3,0.3802,0.0371,0.5044,0.51,0.3326,0.46,8.8268,0.72,0.104,0.3728,0.383,0.407,5
SOUTHEAST / IT CORRIDOR,Bi-directional,12.923402,77.623453,Koramangala,Silk Board,Hosur Road,primary,primary,none,10.5m,39.0,0.3284,0.52,0.568,0.3077,0.2402,0.5043,0.593,0.62,0.32,0.4465,0.101,0.4347,0.5,0.3423,0.46,14.2464,0.7,0.083,0.3418,0.4404,0.334,4
SOUTHEAST / IT CORRIDOR,Bi-directional,12.918394,77.623758,Koramangala,Silk Board,Hosur Road,primary,primary,none,10.5m,30.0,0.2536,0.5404,0.5291,0.2148,0.172,0.4139,0.47,0.56,0.29,0.4202,0.1277,0.4982,0.48,0.3537,0.45,-2.6602,0.72,0.241,0.3483,0.4136,0.501,5
SOUTHEAST / IT CORRIDOR,Bi-directional,12.933757,77.624581,Koramangala,Silk Board,Outer Ring Road,primary,primary,none,10.5m,35.0,0.4506,0.3058,0.7304,0.6383,0.3287,0.589,0.6227,0.71,0.31,0.5112,0.1193,0.4015,0.44,0.3083,0.42,0.7842,0.63,0.183,0.3301,0.518,0.393,4
SOUTHEAST / IT CORRIDOR,Bi-directional,12.930663,77.624196,Koramangala,Silk Board,Outer Ring Road,primary,primary,none,10.5m,33.0,0.2912,0.588,0.6906,0.5097,0.2592,0.338,0.6189,0.69,0.43,0.4472,0.1226,0.3634,0.54,0.3439,0.43,5.4651,0.66,0.258,0.3509,0.4889,0.355,7
SOUTHEAST / IT CORRIDOR,Bi-directional,12.92771,77.622943,Koramangala,Silk Board,Outer Ring Road,primary,primary,none,10.5m,32.0,0.3422,0.3329,0.6201,0.445,0.2466,0.4165,0.5925,0.62,0.31,0.4936,0.1392,0.3655,0.42,0.3011,0.42,11.1324,0.65,0.136,0.3838,0.4597,0.349,6
SOUTHEAST / IT CORRIDOR,Bi-directional,12.923876,77.623743,Koramangala,Silk Board,Outer Ring Road,primary,primary,none,10.5m,41.0,0.2998,0.0827,0.5318,0.3634,0.2518,0.4611,0.61,0.64,0.25,0.3853,0.1327,0.453,0.58,0.3272,0.42,1.6718,0.65,0.077,0.3582,0.4467,0.421,5
SOUTHEAST / IT CORRIDOR,Bi-directional,12.916861,77.621628,Koramangala,Silk Board,Outer Ring Road,primary,primary,none,10.5m,43.0,0.2146,0.3079,0.4645,0.226,0.1071,0.6733,0.5001,0.64,0.33,0.4299,0.0714,0.5423,0.46,0.327,0.52,10.6278,0.72,0.198,0.3601,0.369,0.422,4
SOUTHEAST / IT CORRIDOR,Bi-directional,12.933707,77.623214,Koramangala,Silk Board,80 Feet Road,primary,primary,none,10.5m,30.0,0.341,0.4135,0.7646,0.6655,0.3472,0.6599,0.584,0.73,0.31,0.5196,0.1403,0.3359,0.51,0.2912,0.39,8.2271,0.6,0.136,0.3627,0.5342,0.393,6
SOUTHEAST / IT CORRIDOR,Bi-directional,12.932223,77.624331,Koramangala,Silk Board,80 Feet Road,primary,primary,none,10.5m,34.0,0.3363,0.3696,0.7025,0.5403,0.2863,0.4976,0.5871,0.63,0.4,0.4816,0.174,0.3831,0.54,0.3214,0.47,7.3526,0.65,0.172,0.3276,0.4979,0.341,4
SOUTHEAST / IT CORRIDOR,Bi-directional,12.925019,77.622111,Koramangala,Silk Board,80 Feet Road,primary,primary,none,10.5m,30.0,0.3489,0.4351,0.6686,0.5216,0.3761,0.4391,0.5614,0.71,0.28,0.451,0.1139,0.4893,0.54,0.3117,0.41,7.9696,0.62,0.237,0.4114,0.4743,0.438,5
SOUTHEAST / IT CORRIDOR,Bi-directional,12.92064,77.625283,Koramangala,Silk Board,80 Feet Road,primary,primary,none,10.5m,34.0,0.4218,0.5292,0.5335,0.3344,0.338,0.6846,0.5332,0.68,0.39,0.4037,0.1441,0.4687,0.42,0.3461,0.43,3.1962,0.72,0.24,0.3584,0.4247,0.421,4
SOUTHEAST / IT CORRIDOR,Bi-directional,12.916185,77.625244,Koramangala,Silk Board,80 Feet Road,primary,primary,none,10.5m,30.0,0.4492,0.5326,0.4986,0.2047,0.2733,0.691,0.5243,0.71,0.45,0.5029,0.1287,0.5102,0.58,0.3964,0.43,4.1284,0.69,0.107,0.3811,0.487,0.324,6
SOUTHEAST / IT CORRIDOR,Bi-directional,12.91937,77.623992,Silk Board,Koramangala,Hosur Road,primary,primary,none,10.5m,51.0,0.0806,0.4226,0.4508,0.2197,0.3442,0.7129,0.596,0.7,0.36,0.4917,0.1675,0.4753,0.57,0.3777,0.49,5.9876,0.66,0.116,0.3791,0.4373,0.388,5
SOUTHEAST / IT CORRIDOR,Bi-directional,12.921884,77.622171,Silk Board,Koramangala,Hosur Road,primary,primary,none,10.5m,37.0,0.3185,0.5221,0.546,0.3275,0.3418,0.5523,0.5437,0.7,0.33,0.4179,0.0359,0.4182,0.57,0.2696,0.4,8.9118,0.58,0.148,0.4559,0.5516,0.442,7
SOUTHEAST / IT CORRIDOR,Bi-directional,12.925716,77.623269,Silk Board,Koramangala,Hosur Road,primary,primary,none,10.5m,34.0,0.2061,0.3716,0.6157,0.4782,0.3639,0.408,0.5726,0.58,0.26,0.413,0.1541,0.5022,0.53,0.283,0.4,2.1595,0.65,0.164,0.3148,0.4834,0.43,7
SOUTHEAST / IT CORRIDOR,Bi-directional,12.929815,77.624781,Silk Board,Koramangala,Hosur Road,primary,primary,none,10.5m,37.0,0.3857,0.3499,0.6846,0.6112,0.3378,0.5116,0.5922,0.68,0.35,0.393,0.1815,0.4536,0.53,0.3224,0.39,4.8184,0.58,0.292,0.2979,0.428,0.387,6
SOUTHEAST / IT CORRIDOR,Bi-directional,12.93344,77.626164,Silk Board,Koramangala,Hosur Road,primary,primary,none,10.5m,30.0,0.3872,0.5801,0.7928,0.7392,0.2896,0.607,0.625,0.72,0.33,0.528,0.1308,0.441,0.58,0.2982,0.44,8.1209,0.66,0.128,0.3774,0.6017,0.311,6
SOUTHEAST / IT CORRIDOR,Bi-directional,12.917018,77.623062,Silk Board,Koramangala,Outer Ring Road,primary,primary,none,10.5m,38.0,0.4035,0.4166,0.5026,0.2207,0.3293,0.5402,0.4531,0.68,0.35,0.379,0.1064,0.3169,0.44,0.3824,0.45,9.0214,0.68,0.138,0.3872,0.4117,0.353,5
SOUTHEAST / IT CORRIDOR,Bi-directional,12.922996,77.623149,Silk Board,Koramangala,Outer Ring Road,primary,primary,none,10.5m,33.0,0.4716,0.4974,0.5332,0.3337,0.0811,0.5472,0.5322,0.59,0.46,0.4916,0.1501,0.5138,0.45,0.3415,0.42,-2.8423,0.65,0.147,0.3909,0.5761,0.426,5
SOUTHEAST / IT CORRIDOR,Bi-directional,12.926912,77.623523,Silk Board,Koramangala,Outer Ring Road,primary,primary,none,10.5m,32.0,0.3015,0.5238,0.585,0.4211,0.2667,0.6815,0.601,0.68,0.38,0.4807,0.1269,0.3837,0.51,0.2985,0.43,3.8415,0.75,0.173,0.2907,0.4587,0.444,6
SOUTHEAST / IT CORRIDOR,Bi-directional,12.92948,77.623308,Silk Board,Koramangala,Outer Ring Road,primary,primary,none,10.5m,33.0,0.3037,0.3649,0.6387,0.5879,0.2503,0.3315,0.5909,0.7,0.38,0.4877,0.1228,0.3686,0.55,0.2606,0.43,7.5823,0.63,0.194,0.3514,0.5007,0.458,6
SOUTHEAST / IT CORRIDOR,Bi-directional,12.936109,77.626423,Silk Board,Koramangala,Outer Ring Road,primary,primary,none,10.5m,30.0,0.2876,0.4826,0.731,0.6436,0.3729,0.5388,0.6635,0.73,0.31,0.4914,0.1511,0.3726,0.53,0.306,0.36,5.2259,0.6,0.117,0.3593,0.3955,0.367,4
SOUTHEAST / IT CORRIDOR,Bi-directional,12.917635,77.622478,Silk Board,Koramangala,80 Feet Road,primary,primary,none,10.5m,38.0,0.1646,0.467,0.5236,0.2011,0.4266,0.3561,0.5664,0.63,0.37,0.3784,0.1574,0.4899,0.59,0.3182,0.44,8.3933,0.69,0.209,0.3777,0.5373,0.439,5
SOUTHEAST / IT CORRIDOR,Bi-directional,12.923033,77.621946,Silk Board,Koramangala,80 Feet Road,primary,primary,none,10.5m,30.0,0.4932,0.3673,0.5577,0.3481,0.1937,0.216,0.543,0.7,0.35,0.4129,0.1478,0.4342,0.48,0.3652,0.46,19.5383,0.7,0.235,0.3505,0.398,0.431,6
SOUTHEAST / IT CORRIDOR,Bi-directional,12.927724,77.625498,Silk Board,Koramangala,80 Feet Road,primary,primary,none,10.5m,30.0,0.3904,0.4511,0.5973,0.4489,0.217,0.8512,0.5964,0.58,0.48,0.4378,0.0921,0.5914,0.52,0.3698,0.45,5.0662,0.63,0.154,0.4713,0.4759,0.484,4
SOUTHEAST / IT CORRIDOR,Bi-directional,12.930924,77.624757,Silk Board,Koramangala,80 Feet Road,primary,primary,none,10.5m,35.0,0.3124,0.3436,0.6961,0.6106,0.2331,0.5057,0.6558,0.66,0.4,0.516,0.1158,0.4628,0.54,0.3095,0.44,3.5733,0.62,0.098,0.3387,0.4393,0.389,6
SOUTHEAST / IT CORRIDOR,Bi-directional,12.935439,77.623936,Silk Board,Koramangala,80 Feet Road,primary,primary,none,10.5m,30.0,0.4622,0.3555,0.7935,0.7175,0.2226,0.6528,0.5742,0.71,0.44,0.5168,0.1923,0.4682,0.49,0.4057,0.45,1.027,0.6,0.124,0.3923,0.5282,0.427,7
SOUTHEAST / IT CORRIDOR,Bi-directional,12.935908,77.625713,Koramangala,Mahadevapura,Outer Ring Road,primary,primary,none,10.5m,37.0,0.3832,0.2985,0.8083,0.6359,0.3583,0.7676,0.6373,0.63,0.33,0.5497,0.1173,0.4419,0.54,0.3315,0.41,4.4256,0.62,0.22,0.3875,0.4842,0.452,6
SOUTHEAST / IT CORRIDOR,Bi-directional,12.950721,77.640375,Koramangala,Mahadevapura,Outer Ring Road,primary,primary,none,10.5m,39.0,0.2588,0.5728,0.708,0.5548,0.2344,0.4847,0.6259,0.61,0.36,0.509,0.151,0.3754,0.5,0.3654,0.43,7.9254,0.62,0.208,0.3839,0.539,0.396,6
SOUTHEAST / IT CORRIDOR,Bi-directional,12.964232,77.65745,Koramangala,Mahadevapura,Outer Ring Road,primary,primary,none,10.5m,30.0,0.3938,0.569,0.6266,0.4146,0.168,0.4415,0.5348,0.67,0.34,0.4379,0.114,0.3935,0.5,0.3845,0.45,4.1695,0.53,0.235,0.3249,0.4343,0.43,5
SOUTHEAST / IT CORRIDOR,Bi-directional,12.977853,77.674904,Koramangala,Mahadevapura,Outer Ring Road,primary,primary,none,10.5m,37.0,0.4542,0.3892,0.5188,0.3412,0.3882,0.2028,0.472,0.53,0.42,0.3672,0.1137,0.4421,0.47,0.355,0.47,11.1629,0.56,0.201,0.4484,0.3911,0.429,7
SOUTHEAST / IT CORRIDOR,Bi-directional,12.993909,77.690624,Koramangala,Mahadevapura,Outer Ring Road,primary,primary,none,10.5m,32.0,0.413,0.7337,0.436,0.2388,0.2099,0.3793,0.446,0.51,0.47,0.3792,0.124,0.5063,0.44,0.3914,0.39,1.9229,0.53,0.197,0.3952,0.2885,0.496,7
SOUTHEAST / IT CORRIDOR,Bi-directional,12.935717,77.623981,Koramangala,Mahadevapura,Sarjapur Road,primary,primary,none,10.5m,33.0,0.31,0.3631,0.7814,0.6896,0.1803,0.318,0.5826,0.67,0.34,0.5618,0.1076,0.3711,0.46,0.301,0.36,4.7877,0.58,0.235,0.3649,0.6103,0.388,4
SOUTHEAST / IT CORRIDOR,Bi-directional,12.951503,77.64312,Koramangala,Mahadevapura,Sarjapur Road,primary,primary,none,10.5m,31.0,0.1033,0.2866,0.6784,0.5054,0.3499,0.5669,0.5969,0.54,0.35,0.4293,0.0949,0.4135,0.46,0.3476,0.44,7.0413,0.6,0.282,0.4258,0.4549,0.393,7
SOUTHEAST / IT CORRIDOR,Bi-directional,12.963727,77.659188,Koramangala,Mahadevapura,Sarjapur Road,primary,primary,none,10.5m,32.0,0.4302,0.3209,0.6348,0.4427,0.2026,0.5046,0.5234,0.69,0.35,0.4526,0.0753,0.4254,0.51,0.366,0.42,2.6897,0.61,0.235,0.3685,0.3706,0.512,4
SOUTHEAST / IT CORRIDOR,Bi-directional,12.980111,77.677024,Koramangala,Mahadevapura,Sarjapur Road,primary,primary,none,10.5m,30.0,0.4141,0.4719,0.5872,0.3196,0.2295,0.4151,0.549,0.57,0.49,0.4001,0.0867,0.4253,0.48,0.3287,0.48,8.0322,0.58,0.197,0.305,0.3629,0.484,6
SOUTHEAST / IT CORRIDOR,Bi-directional,12.992161,77.693319,Koramangala,Mahadevapura,Sarjapur Road,primary,primary,none,10.5m,33.0,0.301,0.414,0.5488,0.2131,0.3256,0.4387,0.5071,0.64,0.36,0.3222,0.1421,0.3702,0.6,0.4889,0.42,-2.217,0.47,0.133,0.4312,0.4096,0.496,6
SOUTHEAST / IT CORRIDOR,Bi-directional,12.936663,77.623465,Koramangala,Mahadevapura,Old Madras Road,primary,primary,none,10.5m,31.0,0.2791,0.4527,0.8182,0.6817,0.3968,0.4114,0.6209,0.69,0.38,0.5136,0.0955,0.4721,0.44,0.2612,0.46,3.6908,0.65,0.263,0.239,0.5576,0.431,4
SOUTHEAST / IT CORRIDOR,Bi-directional,12.949923,77.639472,Koramangala,Mahadevapura,Old Madras Road,primary,primary,none,10.5m,34.0,0.4087,0.3932,0.7062,0.5994,0.249,0.4478,0.5143,0.65,0.29,0.4532,0.1511,0.3216,0.56,0.3286,0.42,3.4936,0.54,0.141,0.4762,0.4052,0.341,5
SOUTHEAST / IT CORRIDOR,Bi-directional,12.963219,77.657032,Koramangala,Mahadevapura,Old Madras Road,primary,primary,none,10.5m,30.0,0.1451,0.3781,0.6403,0.4043,0.2717,0.7976,0.5851,0.7,0.4,0.468,0.102,0.399,0.38,0.4141,0.47,3.0969,0.57,0.146,0.3934,0.4749,0.353,5
SOUTHEAST / IT CORRIDOR,Bi-directional,12.980653,77.675817,Koramangala,Mahadevapura,Old Madras Road,primary,primary,none,10.5m,30.0,0.1409,0.4941,0.6444,0.3308,0.2517,0.3411,0.5277,0.56,0.43,0.3554,0.1328,0.4299,0.59,0.4198,0.47,5.581,0.54,0.186,0.3381,0.4075,0.417,5
SOUTHEAST / IT CORRIDOR,Bi-directional,12.993843,77.692785,Koramangala,Mahadevapura,Old Madras Road,primary,primary,none,10.5m,30.0,0.2115,0.5337,0.5247,0.2542,0.3944,0.528,0.4521,0.56,0.37,0.3838,0.1467,0.4141,0.44,0.4849,0.46,3.7028,0.55,0.196,0.4596,0.2673,0.446,4
EAST BANGALORE,Bi-directional,12.994948,77.69038,Mahadevapura,Koramangala,Outer Ring Road,primary,primary,none,10.5m,30.0,0.4519,0.6803,0.4733,0.2115,0.307,0.3428,0.5093,0.6,0.35,0.3133,0.1155,0.4365,0.53,0.3591,0.42,3.3064,0.49,0.045,0.283,0.2929,0.458,4
EAST BANGALORE,Bi-directional,12.979308,77.67562,Mahadevapura,Koramangala,Outer Ring Road,primary,primary,none,10.5m,30.0,0.623,0.3245,0.573,0.3409,0.4154,0.5387,0.4891,0.54,0.36,0.3411,0.1244,0.4013,0.44,0.4493,0.43,-0.0953,0.54,0.192,0.2852,0.3987,0.402,6
EAST BANGALORE,Bi-directional,12.96303,77.656705,Mahadevapura,Koramangala,Outer Ring Road,primary,primary,none,10.5m,31.0,0.3136,0.4399,0.6487,0.4601,0.2746,0.5903,0.5301,0.73,0.46,0.4514,0.067,0.4673,0.5,0.3387,0.42,1.9764,0.6,0.267,0.4171,0.5518,0.361,4
EAST BANGALORE,Bi-directional,12.95115,77.642814,Mahadevapura,Koramangala,Outer Ring Road,primary,primary,none,10.5m,30.0,0.3794,0.404,0.7184,0.5305,0.2768,0.2324,0.5701,0.68,0.32,0.4447,0.053,0.3622,0.46,0.3436,0.42,4.8324,0.59,0.161,0.4035,0.4706,0.4,6
EAST BANGALORE,Bi-directional,12.935836,77.622702,Mahadevapura,Koramangala,Outer Ring Road,primary,primary,none,10.5m,36.0,0.3533,0.4273,0.7795,0.6743,0.2588,0.3876,0.6239,0.74,0.47,0.5075,0.1443,0.452,0.5,0.3252,0.44,2.7736,0.58,0.15,0.3698,0.544,0.351,5
EAST BANGALORE,Bi-directional,12.995157,77.690225,Mahadevapura,Koramangala,Sarjapur Road,primary,primary,none,10.5m,31.0,0.3904,0.371,0.4643,0.2301,0.2363,0.5716,0.468,0.56,0.3,0.4222,0.1186,0.4697,0.47,0.4489,0.42,7.3173,0.51,0.194,0.4254,0.2958,0.434,6
EAST BANGALORE,Bi-directional,12.980988,77.67398,Mahadevapura,Koramangala,Sarjapur Road,primary,primary,none,10.5m,34.0,0.3428,0.3634,0.5072,0.3731,0.3828,0.5294,0.5669,0.6,0.35,0.4052,0.0994,0.3774,0.55,0.4354,0.41,0.0339,0.53,0.152,0.4058,0.3863,0.498,7
EAST BANGALORE,Bi-directional,12.966204,77.658997,Mahadevapura,Koramangala,Sarjapur Road,primary,primary,none,10.5m,30.0,0.3662,0.3501,0.6427,0.4466,0.1843,0.7422,0.4813,0.62,0.33,0.4953,0.14,0.3987,0.5,0.4376,0.4,-1.2166,0.59,0.2,0.4085,0.4537,0.511,5
EAST BANGALORE,Bi-directional,12.949918,77.64174,Mahadevapura,Koramangala,Sarjapur Road,primary,primary,none,10.5m,30.0,0.6974,0.3789,0.6864,0.5485,0.1833,0.5389,0.5026,0.71,0.32,0.4408,0.1443,0.4249,0.5,0.3049,0.47,6.5947,0.56,0.19,0.3052,0.5461,0.425,5
EAST BANGALORE,Bi-directional,12.935855,77.625163,Mahadevapura,Koramangala,Sarjapur Road,primary,primary,none,10.5m,30.0,0.1663,0.3633,0.7319,0.6337,0.1999,0.3989,0.6075,0.67,0.39,0.5103,0.0958,0.5053,0.47,0.2514,0.42,2.9417,0.64,0.055,0.4309,0.5335,0.326,4
EAST BANGALORE,Bi-directional,12.992376,77.691263,Mahadevapura,Koramangala,Old Madras Road,primary,primary,none,10.5m,31.0,0.4473,0.5804,0.5169,0.2341,0.3091,0.3014,0.513,0.49,0.33,0.3469,0.1142,0.4753,0.54,0.443,0.42,5.3239,0.52,0.204,0.3633,0.3677,0.448,7
EAST BANGALORE,Bi-directional,12.981146,77.675597,Mahadevapura,Koramangala,Old Madras Road,primary,primary,none,10.5m,30.0,0.3486,0.2907,0.5361,0.3626,0.2933,0.4171,0.5279,0.61,0.48,0.3891,0.0927,0.4261,0.54,0.4403,0.4,6.1792,0.51,0.159,0.4259,0.417,0.418,6
EAST BANGALORE,Bi-directional,12.963898,77.659185,Mahadevapura,Koramangala,Old Madras Road,primary,primary,none,10.5m,32.0,0.3514,0.3489,0.6676,0.4377,0.3905,0.3693,0.4907,0.61,0.39,0.3982,0.0348,0.4551,0.53,0.3967,0.42,3.5176,0.64,0.104,0.3597,0.4288,0.459,6
EAST BANGALORE,Bi-directional,12.951683,77.641036,Mahadevapura,Koramangala,Old Madras Road,primary,primary,none,10.5m,30.0,0.5445,0.3512,0.7733,0.5547,0.1297,0.7225,0.5883,0.7,0.44,0.4717,0.1054,0.4885,0.51,0.3639,0.36,6.3412,0.58,0.264,0.3987,0.472,0.438,7
EAST BANGALORE,Bi-directional,12.934684,77.62538,Mahadevapura,Koramangala,Old Madras Road,primary,primary,none,10.5m,35.0,0.4424,0.1811,0.7467,0.6877,0.2178,0.3273,0.6959,0.7,0.38,0.442,0.1044,0.3898,0.55,0.3249,0.39,6.3005,0.62,0.188,0.3707,0.5202,0.414,4
SOUTHEAST / IT CORRIDOR,Bi-directional,12.934045,77.623753,Koramangala,BTM Layout,Outer Ring Road,primary,primary,none,10.5m,30.0,0.2856,0.2298,0.7339,0.7091,0.25,0.3121,0.6292,0.7,0.48,0.5279,0.1312,0.4859,0.5,0.3048,0.45,0.9473,0.66,0.171,0.3437,0.4686,0.407,5
SOUTHEAST / IT CORRIDOR,Bi-directional,12.931476,77.622972,Koramangala,BTM Layout,Outer Ring Road,primary,primary,none,10.5m,31.0,0.3011,0.494,0.7011,0.5764,0.2902,0.8326,0.5969,0.69,0.43,0.5069,0.1387,0.4346,0.51,0.2858,0.42,5.935,0.65,0.152,0.401,0.5466,0.345,6
SOUTHEAST / IT CORRIDOR,Bi-directional,12.925171,77.618421,Koramangala,BTM Layout,Outer Ring Road,primary,primary,none,10.5m,30.0,0.4276,0.4661,0.7677,0.5646,0.3505,0.9407,0.6071,0.68,0.41,0.4611,0.1956,0.4512,0.5,0.2875,0.44,6.8218,0.6,0.205,0.2885,0.487,0.427,6
SOUTHEAST / IT CORRIDOR,Bi-directional,12.920679,77.615815,Koramangala,BTM Layout,Outer Ring Road,primary,primary,none,10.5m,34.0,0.243,0.6218,0.7064,0.4891,0.3491,0.4949,0.5591,0.63,0.29,0.4918,0.0774,0.4015,0.53,0.3039,0.42,1.3876,0.6,0.184,0.3178,0.5514,0.38,6
SOUTHEAST / IT CORRIDOR,Bi-directional,12.91417,77.61091,Koramangala,BTM Layout,Outer Ring Road,primary,primary,none,10.5m,33.0,0.3663,0.5075,0.6139,0.468,0.1577,0.5787,0.522,0.64,0.3,0.4076,0.1381,0.3995,0.56,0.2923,0.43,2.365,0.63,0.1,0.3424,0.4161,0.452,4
SOUTHEAST / IT CORRIDOR,Bi-directional,12.935611,77.624738,Koramangala,BTM Layout,80 Feet Road,primary,primary,none,10.5m,34.0,0.3543,0.5663,0.7608,0.6806,0.3673,0.4431,0.5478,0.68,0.42,0.5243,0.1614,0.4165,0.57,0.3138,0.42,7.1369,0.58,0.126,0.3051,0.5547,0.385,4
SOUTHEAST / IT CORRIDOR,Bi-directional,12.927998,77.621401,Koramangala,BTM Layout,80 Feet Road,primary,primary,none,10.5m,30.0,0.3681,0.6155,0.6964,0.58,0.1731,0.6239,0.6193,0.68,0.33,0.4897,0.0776,0.4473,0.55,0.2685,0.37,8.6995,0.6,0.234,0.352,0.4793,0.424,4
SOUTHEAST / IT CORRIDOR,Bi-directional,12.92417,77.617271,Koramangala,BTM Layout,80 Feet Road,primary,primary,none,10.5m,32.0,0.3197,0.4349,0.6858,0.518,0.3099,0.0892,0.556,0.71,0.33,0.4925,0.1011,0.4174,0.54,0.2719,0.43,4.7545,0.67,0.186,0.3094,0.5655,0.36,6
SOUTHEAST / IT CORRIDOR,Bi-directional,12.918087,77.612446,Koramangala,BTM Layout,80 Feet Road,primary,primary,none,10.5m,30.0,0.445,0.3087,0.6275,0.5149,0.3357,0.8405,0.589,0.74,0.32,0.5566,0.0704,0.4168,0.54,0.2647,0.39,1.7144,0.61,0.246,0.3621,0.4444,0.278,7
SOUTHEAST / IT CORRIDOR,Bi-directional,12.915586,77.612731,Koramangala,BTM Layout,80 Feet Road,primary,primary,none,10.5m,30.0,0.1665,0.2684,0.6225,0.4866,0.3051,0.3909,0.5483,0.6,0.33,0.4812,0.1589,0.4203,0.59,0.361,0.46,3.562,0.68,0.283,0.3441,0.4498,0.37,6
SOUTHEAST / IT CORRIDOR,Bi-directional,12.933914,77.622818,Koramangala,BTM Layout,Hosur Road,primary,primary,none,10.5m,30.0,0.3913,0.4732,0.7802,0.5892,0.3678,0.4128,0.6085,0.81,0.39,0.4798,0.0581,0.5117,0.45,0.2727,0.4,8.3869,0.65,0.169,0.3748,0.4661,0.406,6
SOUTHEAST / IT CORRIDOR,Bi-directional,12.931206,77.62273,Koramangala,BTM Layout,Hosur Road,primary,primary,none,10.5m,34.0,0.2663,0.2703,0.7535,0.6484,0.4174,0.4702,0.5908,0.67,0.41,0.4743,0.122,0.4838,0.48,0.3607,0.42,0.1844,0.61,0.074,0.3499,0.4619,0.443,7
SOUTHEAST / IT CORRIDOR,Bi-directional,12.925954,77.618269,Koramangala,BTM Layout,Hosur Road,primary,primary,none,10.5m,30.0,0.2532,0.3584,0.6934,0.5275,0.1822,0.6469,0.5818,0.69,0.35,0.4507,0.1333,0.4483,0.55,0.3627,0.39,6.8067,0.58,0.28,0.323,0.5127,0.355,6
SOUTHEAST / IT CORRIDOR,Bi-directional,12.918502,77.615438,Koramangala,BTM Layout,Hosur Road,primary,primary,none,10.5m,34.0,0.2478,0.3702,0.6519,0.5473,0.0673,0.7711,0.556,0.69,0.4,0.4729,0.1081,0.5095,0.49,0.2957,0.43,4.8639,0.67,0.173,0.3316,0.4811,0.389,4
SOUTHEAST / IT CORRIDOR,Bi-directional,12.91483,77.608925,Koramangala,BTM Layout,Hosur Road,primary,primary,none,10.5m,31.0,0.327,0.4467,0.6627,0.4461,0.3557,0.2964,0.5222,0.78,0.33,0.4,0.1495,0.3354,0.51,0.4033,0.37,-0.8035,0.56,0.22,0.4113,0.4323,0.443,5
SOUTHEAST / IT CORRIDOR,Bi-directional,12.914922,77.610932,BTM Layout,Koramangala,Outer Ring Road,primary,primary,none,10.5m,35.0,0.2819,0.4942,0.6721,0.5141,-0.0181,0.68,0.5393,0.62,0.35,0.4023,0.1088,0.3883,0.53,0.3475,0.41,8.2382,0.59,0.16,0.3415,0.4865,0.443,4
SOUTHEAST / IT CORRIDOR,Bi-directional,12.91749,77.61543,BTM Layout,Koramangala,Outer Ring Road,primary,primary,none,10.5m,30.0,0.3869,0.6109,0.682,0.5115,0.3944,0.334,0.6314,0.71,0.34,0.4387,0.1104,0.3463,0.53,0.2905,0.42,1.1901,0.65,0.212,0.3291,0.4854,0.413,4
SOUTHEAST / IT CORRIDOR,Bi-directional,12.925762,77.616184,BTM Layout,Koramangala,Outer Ring Road,primary,primary,none,10.5m,34.0,0.1906,0.3479,0.7737,0.5529,0.3478,0.4244,0.5818,0.76,0.4,0.4619,0.1046,0.4102,0.57,0.3439,0.38,4.8583,0.62,0.192,0.3317,0.5335,0.406,5
SOUTHEAST / IT CORRIDOR,Bi-directional,12.929509,77.622208,BTM Layout,Koramangala,Outer Ring Road,primary,primary,none,10.5m,30.0,0.0845,0.277,0.6784,0.6174,0.2268,0.28,0.5931,0.71,0.4,0.4077,0.1198,0.366,0.55,0.3395,0.38,2.8887,0.61,0.063,0.3764,0.4736,0.449,4
SOUTHEAST / IT CORRIDOR,Bi-directional,12.933681,77.623423,BTM Layout,Koramangala,Outer Ring Road,primary,primary,none,10.5m,35.0,0.2716,0.5915,0.7845,0.7401,0.3341,0.4705,0.5887,0.68,0.46,0.4936,0.1415,0.4487,0.52,0.3174,0.42,2.9498,0.62,0.192,0.3673,0.4734,0.42,4
SOUTHEAST / IT CORRIDOR,Bi-directional,12.915591,77.6102,BTM Layout,Koramangala,80 Feet Road,primary,primary,none,10.5m,30.0,0.4189,0.4678,0.6183,0.4103,0.2419,0.7295,0.5408,0.62,0.39,0.5333,0.1404,0.4742,0.57,0.3433,0.39,-0.187,0.58,0.121,0.3909,0.4962,0.42,7
SOUTHEAST / IT CORRIDOR,Bi-directional,12.920463,77.615437,BTM Layout,Koramangala,80 Feet Road,primary,primary,none,10.5m,30.0,0.4087,0.3987,0.6502,0.5112,0.0938,0.6524,0.5653,0.66,0.38,0.5352,0.1715,0.5153,0.51,0.2821,0.41,5.2951,0.65,0.191,0.3144,0.4408,0.381,6
SOUTHEAST / IT CORRIDOR,Bi-directional,12.926094,77.616968,BTM Layout,Koramangala,80 Feet Road,primary,primary,none,10.5m,35.0,0.371,0.3972,0.7058,0.5625,0.1701,0.5966,0.6021,0.75,0.44,0.4478,0.1491,0.3911,0.54,0.2987,0.38,5.3438,0.52,0.088,0.352,0.4818,0.389,5
SOUTHEAST / IT CORRIDOR,Bi-directional,12.931619,77.620601,BTM Layout,Koramangala,80 Feet Road,primary,primary,none,10.5m,30.0,0.2388,0.6056,0.7459,0.6383,0.1525,0.5883,0.6671,0.67,0.31,0.4935,0.0931,0.3568,0.48,0.295,0.38,8.0728,0.69,0.208,0.3788,0.4804,0.36,7
SOUTHEAST / IT CORRIDOR,Bi-directional,12.933397,77.62591,BTM Layout,Koramangala,80 Feet Road,primary,primary,none,10.5m,30.0,0.3641,0.3051,0.7177,0.6339,0.273,0.5691,0.6067,0.68,0.35,0.5384,0.0392,0.4212,0.57,0.3253,0.44,-0.0245,0.58,0.203,0.4391,0.4374,0.381,6
SOUTHEAST / IT CORRIDOR,Bi-directional,12.914001,77.609442,BTM Layout,Koramangala,Hosur Road,primary,primary,none,10.5m,30.0,0.2277,0.3727,0.6654,0.4699,0.3525,0.6977,0.588,0.64,0.3,0.3786,0.158,0.4903,0.49,0.2748,0.39,4.7972,0.62,0.227,0.3425,0.4454,0.462,5
SOUTHEAST / IT CORRIDOR,Bi-directional,12.919339,77.613745,BTM Layout,Koramangala,Hosur Road,primary,primary,none,10.5m,32.0,0.3393,0.3708,0.5998,0.5257,0.3833,0.3975,0.5837,0.59,0.4,0.4501,0.1033,0.4032,0.5,0.3352,0.38,3.4757,0.62,0.121,0.4434,0.425,0.379,4
SOUTHEAST / IT CORRIDOR,Bi-directional,12.924772,77.61669,BTM Layout,Koramangala,Hosur Road,primary,primary,none,10.5m,30.0,0.3992,0.3498,0.6696,0.5724,0.3276,0.5628,0.5929,0.69,0.4,0.4948,0.1131,0.4764,0.48,0.3553,0.43,10.1288,0.64,0.222,0.286,0.5255,0.461,5
SOUTHEAST / IT CORRIDOR,Bi-directional,12.9305,77.62169,BTM Layout,Koramangala,Hosur Road,primary,primary,none,10.5m,32.0,0.3343,0.4415,0.7436,0.6008,0.2762,0.242,0.6061,0.71,0.35,0.482,0.0909,0.3731,0.52,0.2867,0.36,2.0322,0.59,0.215,0.3686,0.4425,0.375,5
SOUTHEAST / IT CORRIDOR,Bi-directional,12.935008,77.625929,BTM Layout,Koramangala,Hosur Road,primary,primary,none,10.5m,30.0,0.0881,0.3402,0.7041,0.6602,0.1451,0.6078,0.6603,0.69,0.32,0.5073,0.1774,0.5219,0.45,0.2575,0.36,2.1627,0.64,0.148,0.3154,0.553,0.426,5
SOUTHEAST / IT CORRIDOR,Bi-directional,12.912817,77.639537,HSR Layout,Silk Board,27th Main Road,primary,primary,none,10.5m,32.0,0.1246,0.3905,0.7164,0.4689,0.2314,0.3632,0.6358,0.72,0.35,0.4712,0.1043,0.4739,0.54,0.3668,0.42,17.9968,0.55,0.09,0.3449,0.3892,0.354,7
SOUTHEAST / IT CORRIDOR,Bi-directional,12.91192,77.634123,HSR Layout,Silk Board,27th Main Road,primary,primary,none,10.5m,36.0,0.2303,0.3417,0.593,0.4148,0.1624,0.4675,0.5753,0.68,0.41,0.3739,0.135,0.4746,0.49,0.4152,0.45,5.4903,0.59,0.247,0.3676,0.463,0.426,4
SOUTHEAST / IT CORRIDOR,Bi-directional,12.914282,77.63185,HSR Layout,Silk Board,27th Main Road,primary,primary,none,10.5m,37.0,0.2208,0.4181,0.6161,0.3553,0.2141,0.524,0.5025,0.57,0.41,0.4305,0.1435,0.5233,0.57,0.2829,0.41,9.4039,0.66,0.281,0.3264,0.508,0.445,4
SOUTHEAST / IT CORRIDOR,Bi-directional,12.915848,77.627387,HSR Layout,Silk Board,27th Main Road,primary,primary,none,10.5m,32.0,0.6101,0.4905,0.529,0.2578,0.4221,0.715,0.5774,0.64,0.4,0.4343,0.0916,0.5262,0.51,0.3885,0.43,9.5167,0.66,0.168,0.3853,0.5876,0.472,6
SOUTHEAST / IT CORRIDOR,Bi-directional,12.91594,77.622602,HSR Layout,Silk Board,27th Main Road,primary,primary,none,10.5m,38.0,0.2571,0.3138,0.497,0.2327,0.1262,0.6693,0.4627,0.6,0.35,0.4058,0.1026,0.6099,0.46,0.4877,0.46,7.632,0.7,0.305,0.3233,0.3782,0.398,5
SOUTHEAST / IT CORRIDOR,Bi-directional,12.912593,77.640524,HSR Layout,Silk Board,Outer Ring Road,primary,primary,none,10.5m,32.0,0.4338,0.4991,0.6107,0.5621,0.2598,0.6057,0.597,0.7,0.43,0.4705,0.1269,0.4651,0.56,0.2857,0.43,2.5231,0.66,0.184,0.3439,0.4887,0.419,4
SOUTHEAST / IT CORRIDOR,Bi-directional,12.915053,77.634564,HSR Layout,Silk Board,Outer Ring Road,primary,primary,none,10.5m,38.0,0.4921,0.2762,0.5438,0.4304,0.1835,0.3369,0.5644,0.66,0.34,0.4296,0.1005,0.4308,0.54,0.297,0.4,4.4832,0.61,0.182,0.4666,0.4872,0.45,4
SOUTHEAST / IT CORRIDOR,Bi-directional,12.913694,77.631252,HSR Layout,Silk Board,Outer Ring Road,primary,primary,none,10.5m,30.0,0.3403,0.6353,0.5907,0.3418,0.2195,0.6687,0.5259,0.7,0.35,0.4093,0.1074,0.359,0.41,0.3506,0.43,7.9238,0.63,0.284,0.3852,0.3822,0.375,7
SOUTHEAST / IT CORRIDOR,Bi-directional,12.914723,77.627227,HSR Layout,Silk Board,Outer Ring Road,primary,primary,none,10.5m,33.0,0.2345,0.3565,0.5656,0.2993,0.2508,0.6614,0.5688,0.71,0.35,0.4223,0.0817,0.4308,0.56,0.4234,0.46,-3.7326,0.7,0.08,0.4386,0.4236,0.467,6
SOUTHEAST / IT CORRIDOR,Bi-directional,12.917242,77.623437,HSR Layout,Silk Board,Outer Ring Road,primary,primary,none,10.5m,37.0,0.4331,0.461,0.4777,0.2052,0.3656,0.6692,0.5124,0.6,0.44,0.4551,0.0659,0.4494,0.5,0.3872,0.44,3.7125,0.69,0.151,0.6232,0.4392,0.436,4
SOUTHEAST / IT CORRIDOR,Bi-directional,12.909858,77.639197,HSR Layout,Silk Board,Sarjapur Road,primary,primary,none,10.5m,31.0,0.5763,0.4704,0.6755,0.4721,0.4313,0.8262,0.6022,0.68,0.37,0.4819,0.0996,0.3998,0.46,0.3499,0.38,4.0888,0.59,0.213,0.3372,0.5229,0.458,7
SOUTHEAST / IT CORRIDOR,Bi-directional,12.91284,77.634597,HSR Layout,Silk Board,Sarjapur Road,primary,primary,none,10.5m,30.0,0.2361,0.4732,0.6093,0.4538,0.0863,0.42,0.5639,0.65,0.41,0.417,0.1094,0.478,0.42,0.36,0.44,0.132,0.6,0.24,0.4002,0.481,0.468,4
SOUTHEAST / IT CORRIDOR,Bi-directional,12.91328,77.631477,HSR Layout,Silk Board,Sarjapur Road,primary,primary,none,10.5m,30.0,0.3712,0.2971,0.5588,0.3749,0.1498,0.7766,0.6053,0.57,0.33,0.3504,0.0986,0.5022,0.49,0.3745,0.39,10.7748,0.62,0.172,0.3709,0.3874,0.373,5
SOUTHEAST / IT CORRIDOR,Bi-directional,12.916423,77.626057,HSR Layout,Silk Board,Sarjapur Road,primary,primary,none,10.5m,42.0,0.275,0.4964,0.4968,0.3023,0.2656,0.6266,0.5738,0.57,0.38,0.5026,0.0551,0.5269,0.59,0.2984,0.42,9.8451,0.62,0.241,0.4484,0.3735,0.396,4
SOUTHEAST / IT CORRIDOR,Bi-directional,12.918295,77.62385,HSR Layout,Silk Board,Sarjapur Road,primary,primary,none,10.5m,32.0,0.3292,0.3378,0.5401,0.2007,0.3076,0.4229,0.492,0.52,0.36,0.3792,0.1213,0.602,0.52,0.4674,0.41,-1.2663,0.64,0.171,0.5762,0.3516,0.469,5
SOUTHEAST / IT CORRIDOR,Bi-directional,12.917533,77.623938,Silk Board,HSR Layout,27th Main Road,primary,primary,none,10.5m,39.0,0.4501,0.265,0.5174,0.2435,0.3185,0.5333,0.4967,0.71,0.37,0.3944,0.11,0.4932,0.43,0.3767,0.43,15.694,0.61,0.223,0.4873,0.343,0.349,7
SOUTHEAST / IT CORRIDOR,Bi-directional,12.916,77.62532,Silk Board,HSR Layout,27th Main Road,primary,primary,none,10.5m,43.0,0.1549,0.4434,0.5578,0.2982,0.3897,0.5089,0.5408,0.67,0.38,0.424,0.1364,0.4154,0.48,0.3413,0.48,-12.1122,0.68,0.174,0.2803,0.457,0.456,4
SOUTHEAST / IT CORRIDOR,Bi-directional,12.913078,77.63174,Silk Board,HSR Layout,27th Main Road,primary,primary,none,10.5m,35.0,0.4144,0.3765,0.58,0.3664,0.2912,0.6474,0.5826,0.63,0.46,0.481,0.1645,0.477,0.53,0.3491,0.42,11.7086,0.65,0.164,0.3201,0.5272,0.433,5
SOUTHEAST / IT CORRIDOR,Bi-directional,12.914293,77.634297,Silk Board,HSR Layout,27th Main Road,primary,primary,none,10.5m,30.0,0.3872,0.3627,0.6033,0.4122,0.3198,0.5554,0.5675,0.76,0.46,0.3708,0.1102,0.5764,0.49,0.4333,0.41,5.253,0.65,0.165,0.3923,0.537,0.457,7
SOUTHEAST / IT CORRIDOR,Bi-directional,12.9106,77.63904,Silk Board,HSR Layout,27th Main Road,primary,primary,none,10.5m,34.0,0.4649,0.4935,0.5977,0.4932,0.4033,0.4375,0.6142,0.66,0.41,0.4467,0.1274,0.4663,0.47,0.3441,0.35,3.6763,0.61,0.219,0.3806,0.398,0.462,4
SOUTHEAST / IT CORRIDOR,Bi-directional,12.919431,77.62372,Silk Board,HSR Layout,Outer Ring Road,primary,primary,none,10.5m,30.0,0.4827,0.4682,0.5164,0.2156,0.3872,0.4778,0.5532,0.58,0.31,0.4617,0.1062,0.3983,0.47,0.4079,0.42,6.2729,0.68,0.075,0.2908,0.4497,0.399,5
SOUTHEAST / IT CORRIDOR,Bi-directional,12.916013,77.629167,Silk Board,HSR Layout,Outer Ring Road,primary,primary,none,10.5m,30.0,0.2366,0.7135,0.4881,0.2925,0.3805,0.6054,0.5286,0.58,0.38,0.3282,0.126,0.4627,0.56,0.3137,0.43,9.3703,0.67,0.105,0.3437,0.5107,0.445,7
SOUTHEAST / IT CORRIDOR,Bi-directional,12.914259,77.629194,Silk Board,HSR Layout,Outer Ring Road,primary,primary,none,10.5m,35.0,0.1555,0.5327,0.6699,0.3744,0.2233,0.4968,0.5846,0.63,0.42,0.4412,0.1739,0.5575,0.5,0.3506,0.43,6.5263,0.6,0.118,0.4443,0.5042,0.478,5
SOUTHEAST / IT CORRIDOR,Bi-directional,12.911682,77.633948,Silk Board,HSR Layout,Outer Ring Road,primary,primary,none,10.5m,30.0,0.3279,0.4669,0.5513,0.4191,0.3743,0.6254,0.578,0.68,0.35,0.4261,0.1619,0.4944,0.48,0.2625,0.4,8.8738,0.59,0.185,0.4367,0.4542,0.433,5
SOUTHEAST / IT CORRIDOR,Bi-directional,12.910839,77.638988,Silk Board,HSR Layout,Outer Ring Road,primary,primary,none,10.5m,30.0,0.499,0.3475,0.7184,0.51,0.0674,0.6239,0.5671,0.64,0.39,0.4855,0.1462,0.4978,0.53,0.2746,0.4,18.0278,0.62,0.276,0.4188,0.4794,0.431,7
SOUTHEAST / IT CORRIDOR,Bi-directional,12.916054,77.621406,Silk Board,HSR Layout,Sarjapur Road,primary,primary,none,10.5m,30.0,0.4019,0.3845,0.4878,0.2354,0.181,0.688,0.5402,0.55,0.33,0.4879,0.0914,0.534,0.51,0.368,0.52,-1.2875,0.65,0.173,0.5553,0.4321,0.451,5
SOUTHEAST / IT CORRIDOR,Bi-directional,12.917944,77.62822,Silk Board,HSR Layout,Sarjapur Road,primary,primary,none,10.5m,30.0,0.2312,0.5053,0.5687,0.2868,0.4122,0.3951,0.6118,0.67,0.3,0.5251,0.1075,0.5433,0.52,0.3818,0.46,11.7721,0.65,0.199,0.4115,0.4522,0.422,4
SOUTHEAST / IT CORRIDOR,Bi-directional,12.913404,77.629554,Silk Board,HSR Layout,Sarjapur Road,primary,primary,none,10.5m,42.0,0.3785,0.498,0.5988,0.3783,0.1072,0.8469,0.5209,0.64,0.45,0.5319,0.1465,0.4258,0.52,0.3616,0.43,0.0975,0.69,0.178,0.3365,0.4256,0.44,7
SOUTHEAST / IT CORRIDOR,Bi-directional,12.912637,77.633032,Silk Board,HSR Layout,Sarjapur Road,primary,primary,none,10.5m,32.0,0.3257,0.3966,0.621,0.3948,0.3607,0.2425,0.5843,0.64,0.33,0.4655,0.0766,0.454,0.45,0.3633,0.4,4.2424,0.63,0.133,0.3658,0.3836,0.451,5
SOUTHEAST / IT CORRIDOR,Bi-directional,12.912937,77.636933,Silk Board,HSR Layout,Sarjapur Road,primary,primary,none,10.5m,32.0,0.2369,0.5381,0.754,0.4943,0.2368,0.4922,0.5938,0.68,0.32,0.4268,0.1402,0.4415,0.47,0.3958,0.4,6.2566,0.58,0.118,0.3687,0.4869,0.398,7
SOUTHEAST / IT CORRIDOR,Bi-directional,12.912105,77.637485,HSR Layout,Mahadevapura,Sarjapur Road,primary,primary,none,10.5m,32.0,0.3288,0.3715,0.6026,0.5105,0.3411,0.7253,0.5312,0.71,0.38,0.4659,0.1519,0.4247,0.43,0.3623,0.42,4.653,0.62,0.206,0.2986,0.4685,0.321,7
SOUTHEAST / IT CORRIDOR,Bi-directional,12.933042,77.650877,HSR Layout,Mahadevapura,Sarjapur Road,primary,primary,none,10.5m,32.0,0.467,0.311,0.6421,0.4281,0.1757,0.3877,0.5548,0.66,0.39,0.4388,0.1096,0.4236,0.48,0.338,0.44,8.8561,0.52,0.132,0.3358,0.434,0.358,6
SOUTHEAST / IT CORRIDOR,Bi-directional,12.954556,77.666187,HSR Layout,Mahadevapura,Sarjapur Road,primary,primary,none,10.5m,31.0,0.2703,0.5585,0.5721,0.3235,0.0438,0.6966,0.545,0.61,0.36,0.3823,0.0926,0.418,0.42,0.3569,0.42,8.3188,0.56,0.218,0.4391,0.4548,0.46,5
SOUTHEAST / IT CORRIDOR,Bi-directional,12.972501,77.678829,HSR Layout,Mahadevapura,Sarjapur Road,primary,primary,none,10.5m,31.0,0.3683,0.4922,0.5916,0.3126,0.1358,0.6721,0.488,0.49,0.38,0.4017,0.0945,0.5051,0.47,0.394,0.42,-2.3068,0.5,0.15,0.3738,0.247,0.482,7
SOUTHEAST / IT CORRIDOR,Bi-directional,12.995164,77.692141,HSR Layout,Mahadevapura,Sarjapur Road,primary,primary,none,10.5m,31.0,0.2784,0.3191,0.4896,0.2274,0.011,0.2799,0.4412,0.54,0.38,0.3196,0.1376,0.4377,0.49,0.4607,0.46,-1.6111,0.52,0.238,0.4452,0.3614,0.453,6
SOUTHEAST / IT CORRIDOR,Bi-directional,12.913488,77.640301,HSR Layout,Mahadevapura,Outer Ring Road,primary,primary,none,10.5m,30.0,0.451,0.2758,0.6389,0.5272,0.2485,0.7005,0.4978,0.64,0.44,0.4154,0.1561,0.4377,0.53,0.3859,0.43,3.7179,0.61,0.138,0.3724,0.4049,0.42,6
SOUTHEAST / IT CORRIDOR,Bi-directional,12.93333,77.652323,HSR Layout,Mahadevapura,Outer Ring Road,primary,primary,none,10.5m,30.0,0.389,0.3674,0.605,0.4053,0.1818,0.9368,0.5778,0.68,0.4,0.3655,0.1362,0.4927,0.48,0.3979,0.44,13.6767,0.56,0.122,0.3514,0.5054,0.352,6
SOUTHEAST / IT CORRIDOR,Bi-directional,12.952853,77.665849,HSR Layout,Mahadevapura,Outer Ring Road,primary,primary,none,10.5m,30.0,0.3206,0.4192,0.5949,0.3616,0.3214,0.2591,0.5002,0.62,0.35,0.4512,0.1024,0.4463,0.51,0.3462,0.43,-0.0733,0.54,0.181,0.3053,0.4351,0.452,5
SOUTHEAST / IT CORRIDOR,Bi-directional,12.97209,77.676811,HSR Layout,Mahadevapura,Outer Ring Road,primary,primary,none,10.5m,30.0,0.2749,0.3283,0.5579,0.2862,0.3353,0.4683,0.4351,0.51,0.38,0.3425,0.1084,0.4843,0.55,0.478,0.43,2.5259,0.56,0.158,0.3533,0.3678,0.521,5
SOUTHEAST / IT CORRIDOR,Bi-directional,12.995355,77.691814,HSR Layout,Mahadevapura,Outer Ring Road,primary,primary,none,10.5m,31.0,0.518,0.3295,0.5655,0.221,0.4344,0.6602,0.3551,0.57,0.43,0.3992,0.09,0.4637,0.52,0.4533,0.47,10.6183,0.49,0.206,0.3893,0.3365,0.457,4
SOUTHEAST / IT CORRIDOR,Bi-directional,12.91039,77.639202,HSR Layout,Mahadevapura,Varthur Road,primary,primary,none,10.5m,31.0,0.387,0.5704,0.6932,0.4722,0.3764,0.4788,0.5267,0.65,0.44,0.472,0.1252,0.5174,0.46,0.2784,0.38,7.6206,0.6,0.238,0.3712,0.4472,0.418,4
SOUTHEAST / IT CORRIDOR,Bi-directional,12.933252,77.652538,HSR Layout,Mahadevapura,Varthur Road,primary,primary,none,10.5m,31.0,0.2982,0.5181,0.6423,0.4242,0.3098,0.4523,0.5266,0.55,0.37,0.3588,0.1055,0.4701,0.45,0.3513,0.42,4.8797,0.56,0.189,0.3883,0.4372,0.411,5
SOUTHEAST / IT CORRIDOR,Bi-directional,12.952212,77.666045,HSR Layout,Mahadevapura,Varthur Road,primary,primary,none,10.5m,33.0,0.4571,0.4529,0.5327,0.3596,0.419,0.7402,0.5293,0.56,0.46,0.4395,0.0974,0.4561,0.53,0.3607,0.44,10.4861,0.55,0.238,0.2894,0.5075,0.443,5
SOUTHEAST / IT CORRIDOR,Bi-directional,12.97351,77.679744,HSR Layout,Mahadevapura,Varthur Road,primary,primary,none,10.5m,30.0,0.4514,0.3685,0.5335,0.2586,0.1309,0.7889,0.5237,0.52,0.44,0.3453,0.1421,0.4679,0.59,0.3919,0.42,-6.7424,0.54,0.222,0.425,0.4306,0.464,5
SOUTHEAST / IT CORRIDOR,Bi-directional,12.993462,77.693845,HSR Layout,Mahadevapura,Varthur Road,primary,primary,none,10.5m,31.0,0.2978,0.4832,0.5164,0.218,0.1724,0.4011,0.4808,0.58,0.42,0.3244,0.1313,0.4846,0.57,0.4361,0.44,6.0948,0.47,0.182,0.428,0.3725,0.452,5
EAST BANGALORE,Bi-directional,12.995017,77.691986,Mahadevapura,HSR Layout,Sarjapur Road,primary,primary,none,10.5m,30.0,0.2691,0.456,0.5281,0.2234,0.3348,0.4109,0.4727,0.66,0.4,0.3626,0.0816,0.5065,0.57,0.413,0.47,6.7445,0.53,0.258,0.3588,0.3167,0.471,7
EAST BANGALORE,Bi-directional,12.974397,77.680554,Mahadevapura,HSR Layout,Sarjapur Road,primary,primary,none,10.5m,30.0,0.4386,0.381,0.5068,0.2974,0.0761,0.5785,0.3839,0.53,0.46,0.346,0.109,0.5019,0.48,0.4399,0.47,7.5932,0.48,0.156,0.5207,0.3554,0.577,7
EAST BANGALORE,Bi-directional,12.95375,77.665899,Mahadevapura,HSR Layout,Sarjapur Road,primary,primary,none,10.5m,30.0,0.2592,0.5349,0.5149,0.3801,0.314,0.1308,0.4968,0.67,0.31,0.4137,0.0947,0.4043,0.6,0.3901,0.44,5.1645,0.49,0.122,0.4308,0.4137,0.408,4
EAST BANGALORE,Bi-directional,12.932084,77.653475,Mahadevapura,HSR Layout,Sarjapur Road,primary,primary,none,10.5m,30.0,0.3055,0.2985,0.5795,0.4422,0.1353,0.6857,0.5437,0.63,0.37,0.468,0.1478,0.4588,0.54,0.3504,0.44,4.462,0.58,0.161,0.3471,0.4043,0.449,4
EAST BANGALORE,Bi-directional,12.910716,77.639218,Mahadevapura,HSR Layout,Sarjapur Road,primary,primary,none,10.5m,30.0,0.2776,0.4852,0.6642,0.5193,0.2715,0.6896,0.5446,0.66,0.43,0.5045,0.0802,0.4043,0.51,0.3227,0.41,9.3354,0.6,0.184,0.3888,0.5209,0.287,7
EAST BANGALORE,Bi-directional,12.993909,77.69189,Mahadevapura,HSR Layout,Outer Ring Road,primary,primary,none,10.5m,31.0,0.4933,0.3562,0.4827,0.2297,0.2171,0.3852,0.4541,0.61,0.44,0.3456,0.1701,0.4592,0.57,0.4079,0.43,2.087,0.52,0.195,0.4049,0.427,0.493,6
EAST BANGALORE,Bi-directional,12.974468,77.678464,Mahadevapura,HSR Layout,Outer Ring Road,primary,primary,none,10.5m,31.0,0.3284,0.3278,0.5881,0.2914,0.0312,0.2375,0.4741,0.53,0.34,0.4725,0.1441,0.2994,0.5,0.4084,0.4,7.846,0.45,0.241,0.455,0.478,0.386,5
EAST BANGALORE,Bi-directional,12.953618,77.665468,Mahadevapura,HSR Layout,Outer Ring Road,primary,primary,none,10.5m,31.0,0.2655,0.4781,0.5741,0.3714,0.3251,0.6885,0.5204,0.67,0.42,0.3747,0.1887,0.4553,0.48,0.4492,0.48,5.5114,0.54,0.172,0.4085,0.4648,0.465,7
EAST BANGALORE,Bi-directional,12.933753,77.653619,Mahadevapura,HSR Layout,Outer Ring Road,primary,primary,none,10.5m,31.0,0.4668,0.4389,0.5715,0.3242,0.0654,0.2521,0.5563,0.59,0.3,0.4291,0.0923,0.4647,0.53,0.3809,0.36,6.0748,0.57,0.116,0.2719,0.4319,0.475,7
EAST BANGALORE,Bi-directional,12.91016,77.638953,Mahadevapura,HSR Layout,Outer Ring Road,primary,primary,none,10.5m,30.0,0.303,0.6331,0.6157,0.5298,0.3745,0.1624,0.5491,0.71,0.33,0.5172,0.1243,0.4451,0.52,0.347,0.39,5.0573,0.61,0.176,0.3755,0.4315,0.445,6
EAST BANGALORE,Bi-directional,12.994866,77.692492,Mahadevapura,HSR Layout,Varthur Road,primary,primary,none,10.5m,32.0,0.2983,0.5233,0.5086,0.2433,0.419,0.4456,0.5428,0.61,0.38,0.3722,0.1319,0.4319,0.61,0.4563,0.43,0.3838,0.48,0.217,0.3682,0.3599,0.502,5
EAST BANGALORE,Bi-directional,12.974227,77.679962,Mahadevapura,HSR Layout,Varthur Road,primary,primary,none,10.5m,30.0,0.2638,0.253,0.555,0.2937,0.3908,0.5422,0.5491,0.55,0.44,0.3526,0.1461,0.3582,0.53,0.3386,0.43,7.4205,0.52,0.134,0.4242,0.3721,0.431,7
EAST BANGALORE,Bi-directional,12.953465,77.664443,Mahadevapura,HSR Layout,Varthur Road,primary,primary,none,10.5m,30.0,0.2627,0.4702,0.5131,0.3732,0.2839,0.6748,0.5021,0.66,0.41,0.4036,0.1772,0.4439,0.49,0.3901,0.42,7.2872,0.62,0.18,0.3784,0.443,0.491,4
EAST BANGALORE,Bi-directional,12.930632,77.651911,Mahadevapura,HSR Layout,Varthur Road,primary,primary,none,10.5m,31.0,0.2749,0.4554,0.5781,0.4245,0.4717,0.4457,0.5414,0.62,0.39,0.4549,0.1321,0.4563,0.51,0.363,0.42,-1.7424,0.68,0.208,0.3237,0.448,0.372,4
EAST BANGALORE,Bi-directional,12.910615,77.63859,Mahadevapura,HSR Layout,Varthur Road,primary,primary,none,10.5m,32.0,0.1865,0.5222,0.5977,0.4495,0.1313,0.4142,0.6054,0.71,0.36,0.4627,0.1397,0.4337,0.53,0.3324,0.41,0.3631,0.6,0.212,0.3289,0.3692,0.405,4
SOUTHEAST / IT CORRIDOR,Bi-directional,12.912745,77.638408,HSR Layout,BTM Layout,27th Main Road,primary,primary,none,10.5m,32.0,0.2833,0.3933,0.7131,0.5541,0.4125,0.6428,0.5622,0.53,0.4,0.4647,0.1291,0.45,0.46,0.3561,0.43,8.8745,0.63,0.195,0.3442,0.4638,0.422,5
SOUTHEAST / IT CORRIDOR,Bi-directional,12.910771,77.631113,HSR Layout,BTM Layout,27th Main Road,primary,primary,none,10.5m,30.0,0.3927,0.5807,0.6623,0.5115,0.244,0.4473,0.5994,0.6,0.3,0.4003,0.1513,0.4511,0.53,0.3991,0.39,10.1081,0.58,0.144,0.3648,0.4766,0.408,6
SOUTHEAST / IT CORRIDOR,Bi-directional,12.913941,77.623799,HSR Layout,BTM Layout,27th Main Road,primary,primary,none,10.5m,32.0,0.3358,0.4968,0.6998,0.474,0.1626,0.2956,0.5696,0.75,0.33,0.5079,0.1057,0.424,0.55,0.3195,0.42,5.9889,0.58,0.214,0.359,0.3939,0.376,6
SOUTHEAST / IT CORRIDOR,Bi-directional,12.913132,77.616402,HSR Layout,BTM Layout,27th Main Road,primary,primary,none,10.5m,30.0,0.4634,0.3942,0.6313,0.4941,0.0936,0.6058,0.5415,0.6,0.34,0.4298,0.1133,0.3857,0.53,0.2822,0.35,10.4675,0.62,0.271,0.3169,0.4833,0.453,5
SOUTHEAST / IT CORRIDOR,Bi-directional,12.914856,77.610542,HSR Layout,BTM Layout,27th Main Road,primary,primary,none,10.5m,31.0,0.3349,0.2159,0.6515,0.4914,0.1244,0.3668,0.5793,0.59,0.43,0.4345,0.1156,0.386,0.53,0.4145,0.43,2.099,0.66,0.16,0.4222,0.4966,0.281,7
SOUTHEAST / IT CORRIDOR,Bi-directional,12.909869,77.637913,HSR Layout,BTM Layout,Sarjapur Road,primary,primary,none,10.5m,30.0,0.3955,0.5405,0.695,0.4544,0.1341,0.6966,0.5777,0.66,0.39,0.5414,0.1114,0.4952,0.53,0.2651,0.39,3.654,0.63,0.224,0.3757,0.4413,0.379,5
SOUTHEAST / IT CORRIDOR,Bi-directional,12.911838,77.633687,HSR Layout,BTM Layout,Sarjapur Road,primary,primary,none,10.5m,30.0,0.4228,0.4185,0.6115,0.5397,0.0571,0.7577,0.5844,0.62,0.38,0.4442,0.1499,0.4828,0.54,0.3613,0.41,12.163,0.65,0.148,0.3953,0.5007,0.406,5
SOUTHEAST / IT CORRIDOR,Bi-directional,12.912597,77.625461,HSR Layout,BTM Layout,Sarjapur Road,primary,primary,none,10.5m,30.0,0.4213,0.3966,0.6121,0.4703,0.4453,0.4313,0.5267,0.67,0.37,0.5782,0.1024,0.5295,0.56,0.3146,0.41,1.8054,0.58,0.153,0.3683,0.3927,0.429,4
SOUTHEAST / IT CORRIDOR,Bi-directional,12.914045,77.61947,HSR Layout,BTM Layout,Sarjapur Road,primary,primary,none,10.5m,30.0,0.3038,0.5322,0.6755,0.4908,0.2743,0.7692,0.5637,0.64,0.34,0.4694,0.0531,0.4368,0.51,0.2769,0.39,7.1821,0.62,0.178,0.3751,0.4644,0.468,7
SOUTHEAST / IT CORRIDOR,Bi-directional,12.913955,77.611116,HSR Layout,BTM Layout,Sarjapur Road,primary,primary,none,10.5m,30.0,0.5137,0.5542,0.6116,0.4782,0.3124,0.5205,0.5617,0.63,0.4,0.4362,0.0476,0.456,0.45,0.3627,0.38,-2.0268,0.54,0.174,0.3703,0.3885,0.365,4
SOUTHEAST / IT CORRIDOR,Bi-directional,12.911877,77.638429,HSR Layout,BTM Layout,24th Main Road,primary,primary,none,10.5m,31.0,0.4218,0.2097,0.7367,0.4565,0.5173,0.8542,0.5235,0.69,0.34,0.4368,0.1062,0.4668,0.53,0.2819,0.43,5.2853,0.52,0.148,0.4297,0.4474,0.34,4
SOUTHEAST / IT CORRIDOR,Bi-directional,12.913587,77.631109,HSR Layout,BTM Layout,24th Main Road,primary,primary,none,10.5m,30.0,0.3105,0.4633,0.6707,0.4675,0.2887,0.4889,0.5442,0.64,0.42,0.4426,0.1334,0.3893,0.56,0.3074,0.42,4.7424,0.61,0.19,0.3553,0.3723,0.464,5
SOUTHEAST / IT CORRIDOR,Bi-directional,12.913515,77.623774,HSR Layout,BTM Layout,24th Main Road,primary,primary,none,10.5m,34.0,0.352,0.3543,0.7296,0.4528,0.0236,0.5832,0.5196,0.7,0.37,0.4867,0.1684,0.3889,0.49,0.3265,0.45,3.0399,0.58,0.194,0.3371,0.4699,0.348,4
SOUTHEAST / IT CORRIDOR,Bi-directional,12.914026,77.615899,HSR Layout,BTM Layout,24th Main Road,primary,primary,none,10.5m,30.0,0.3846,0.2677,0.6654,0.4371,0.3528,0.3439,0.592,0.66,0.3,0.4217,0.1523,0.486,0.46,0.3864,0.41,7.4046,0.56,0.152,0.3798,0.4445,0.285,5
SOUTHEAST / IT CORRIDOR,Bi-directional,12.91401,77.612468,HSR Layout,BTM Layout,24th Main Road,primary,primary,none,10.5m,35.0,0.4396,0.5614,0.6337,0.4985,0.1784,0.4666,0.5427,0.61,0.3,0.5082,0.1062,0.4313,0.49,0.3172,0.4,7.6652,0.59,0.26,0.4119,0.4342,0.426,5
SOUTHEAST / IT CORRIDOR,Bi-directional,12.913018,77.612595,BTM Layout,HSR Layout,27th Main Road,primary,primary,none,10.5m,30.0,0.3837,0.5424,0.6996,0.431,0.2683,0.3417,0.5415,0.68,0.43,0.3666,0.1303,0.5202,0.53,0.3294,0.4,7.9292,0.59,0.171,0.3416,0.4626,0.476,4
SOUTHEAST / IT CORRIDOR,Bi-directional,12.911915,77.619246,BTM Layout,HSR Layout,27th Main Road,primary,primary,none,10.5m,34.0,0.3671,0.2024,0.6615,0.5144,0.2888,0.5745,0.4907,0.62,0.4,0.4762,0.1634,0.4388,0.53,0.3286,0.39,-1.8914,0.63,0.182,0.3353,0.3805,0.442,5
SOUTHEAST / IT CORRIDOR,Bi-directional,12.913758,77.62384,BTM Layout,HSR Layout,27th Main Road,primary,primary,none,10.5m,30.0,0.462,0.6191,0.5762,0.4319,0.1979,0.746,0.58,0.6,0.41,0.4216,0.1524,0.4724,0.48,0.3269,0.45,-1.0594,0.62,0.119,0.3609,0.4849,0.503,7
SOUTHEAST / IT CORRIDOR,Bi-directional,12.912825,77.63231,BTM Layout,HSR Layout,27th Main Road,primary,primary,none,10.5m,30.0,0.1169,0.5566,0.6505,0.4483,0.3073,0.9075,0.5619,0.69,0.34,0.3897,0.1531,0.4718,0.5,0.4002,0.37,1.1359,0.58,0.153,0.4228,0.4673,0.408,5
SOUTHEAST / IT CORRIDOR,Bi-directional,12.910895,77.640764,BTM Layout,HSR Layout,27th Main Road,primary,primary,none,10.5m,30.0,0.4538,0.3123,0.6289,0.4501,0.2752,0.7084,0.5595,0.62,0.45,0.4845,0.1332,0.4396,0.54,0.3436,0.4,4.8412,0.55,0.116,0.3488,0.5249,0.374,7
SOUTHEAST / IT CORRIDOR,Bi-directional,12.91477,77.611169,BTM Layout,HSR Layout,Sarjapur Road,primary,primary,none,10.5m,30.0,0.4294,0.3426,0.6311,0.4753,0.3088,0.6814,0.6086,0.65,0.43,0.4425,0.1546,0.4566,0.54,0.3416,0.37,1.4242,0.62,0.092,0.3984,0.4998,0.427,6
SOUTHEAST / IT CORRIDOR,Bi-directional,12.915375,77.616193,BTM Layout,HSR Layout,Sarjapur Road,primary,primary,none,10.5m,33.0,0.3136,0.3658,0.5622,0.473,0.3498,0.5189,0.5517,0.66,0.36,0.4671,0.1145,0.4008,0.51,0.3243,0.46,2.4008,0.6,0.161,0.3426,0.485,0.512,7
SOUTHEAST / IT CORRIDOR,Bi-directional,12.913901,77.625148,BTM Layout,HSR Layout,Sarjapur Road,primary,primary,none,10.5m,32.0,0.3708,0.353,0.7222,0.4294,0.0697,0.5692,0.5279,0.7,0.31,0.502,0.1509,0.4523,0.43,0.2623,0.42,4.4541,0.63,0.168,0.355,0.3427,0.451,4
SOUTHEAST / IT CORRIDOR,Bi-directional,12.913173,77.630743,BTM Layout,HSR Layout,Sarjapur Road,primary,primary,none,10.5m,32.0,0.0774,0.337,0.5742,0.5437,0.2308,0.5553,0.553,0.7,0.42,0.4534,0.1774,0.4555,0.46,0.3351,0.43,5.1786,0.58,0.252,0.3117,0.3278,0.487,4
SOUTHEAST / IT CORRIDOR,Bi-directional,12.909722,77.638634,BTM Layout,HSR Layout,Sarjapur Road,primary,primary,none,10.5m,33.0,0.3735,0.4457,0.6981,0.4842,0.4167,0.403,0.5951,0.71,0.33,0.4497,0.1594,0.4969,0.51,0.3016,0.44,10.9038,0.55,0.113,0.3704,0.4987,0.406,7
SOUTHEAST / IT CORRIDOR,Bi-directional,12.913458,77.611944,BTM Layout,HSR Layout,24th Main Road,primary,primary,none,10.5m,30.0,0.3785,0.5067,0.6827,0.4795,0.16,0.2363,0.5347,0.6,0.4,0.4936,0.1326,0.4455,0.51,0.3615,0.37,1.2112,0.69,0.114,0.3853,0.4932,0.327,5
SOUTHEAST / IT CORRIDOR,Bi-directional,12.913618,77.618226,BTM Layout,HSR Layout,24th Main Road,primary,primary,none,10.5m,31.0,0.3594,0.6226,0.697,0.4267,0.3309,0.7059,0.6152,0.64,0.36,0.4189,0.136,0.483,0.5,0.3226,0.36,9.2534,0.55,0.192,0.3722,0.4621,0.417,4
SOUTHEAST / IT CORRIDOR,Bi-directional,12.91128,77.626496,BTM Layout,HSR Layout,24th Main Road,primary,primary,none,10.5m,30.0,0.4303,0.5147,0.6566,0.4591,0.0717,0.5066,0.5251,0.61,0.42,0.496,0.1114,0.3717,0.48,0.3682,0.43,3.6599,0.61,0.073,0.2703,0.5598,0.437,5
SOUTHEAST / IT CORRIDOR,Bi-directional,12.911124,77.633372,BTM Layout,HSR Layout,24th Main Road,primary,primary,none,10.5m,30.0,0.2371,0.4982,0.6349,0.412,0.2104,0.6726,0.5517,0.73,0.4,0.4774,0.1216,0.4441,0.51,0.3188,0.43,2.2203,0.55,0.117,0.4471,0.4911,0.43,6
SOUTHEAST / IT CORRIDOR,Bi-directional,12.910895,77.639446,BTM Layout,HSR Layout,24th Main Road,primary,primary,none,10.5m,31.0,0.4516,0.5189,0.6978,0.4554,0.3341,0.4964,0.61,0.67,0.35,0.4769,0.1496,0.4262,0.52,0.2762,0.43,5.8839,0.63,0.192,0.3443,0.4252,0.372,4
SOUTHEAST / IT CORRIDOR,Bi-directional,12.916227,77.623957,Silk Board,Mahadevapura,Outer Ring Road,primary,primary,none,10.5m,31.0,0.1952,0.4657,0.4503,0.2336,0.1713,0.0116,0.5761,0.66,0.45,0.3443,0.0999,0.4748,0.54,0.3088,0.46,3.3297,0.61,0.135,0.4259,0.3442,0.47,6
SOUTHEAST / IT CORRIDOR,Bi-directional,12.937136,77.641472,Silk Board,Mahadevapura,Outer Ring Road,primary,primary,none,10.5m,46.0,0.3373,0.4453,0.5435,0.224,0.1504,0.5585,0.5722,0.57,0.41,0.4067,0.1339,0.4787,0.49,0.3868,0.43,7.2927,0.61,0.147,0.3631,0.4299,0.374,5
SOUTHEAST / IT CORRIDOR,Bi-directional,12.957043,77.657432,Silk Board,Mahadevapura,Outer Ring Road,primary,primary,none,10.5m,32.0,0.4124,0.4322,0.5565,0.2155,0.1947,0.7399,0.4872,0.67,0.42,0.3822,0.0685,0.4463,0.52,0.4542,0.49,2.2933,0.64,0.223,0.455,0.4122,0.36,4
SOUTHEAST / IT CORRIDOR,Bi-directional,12.976807,77.674598,Silk Board,Mahadevapura,Outer Ring Road,primary,primary,none,10.5m,33.0,0.4367,0.5674,0.506,0.2194,0.3551,0.4591,0.4934,0.6,0.43,0.3774,0.1055,0.5495,0.59,0.3841,0.42,1.6233,0.6,0.282,0.3584,0.3753,0.423,4
SOUTHEAST / IT CORRIDOR,Bi-directional,12.994695,77.690131,Silk Board,Mahadevapura,Outer Ring Road,primary,primary,none,10.5m,30.0,0.3268,0.4887,0.5129,0.2515,0.255,0.1719,0.6156,0.52,0.43,0.2829,0.1302,0.3863,0.37,0.4282,0.45,4.1741,0.54,0.178,0.3908,0.3532,0.461,7
SOUTHEAST / IT CORRIDOR,Bi-directional,12.917157,77.622222,Silk Board,Mahadevapura,Hosur Road,primary,primary,none,10.5m,56.0,0.2106,0.4608,0.4584,0.2101,0.0814,0.5702,0.5338,0.57,0.42,0.474,0.1318,0.5555,0.49,0.3906,0.43,-2.7335,0.69,0.182,0.3888,0.4515,0.509,4
SOUTHEAST / IT CORRIDOR,Bi-directional,12.937189,77.640056,Silk Board,Mahadevapura,Hosur Road,primary,primary,none,10.5m,48.0,0.4756,0.4122,0.4612,0.2085,0.0757,0.4903,0.5931,0.6,0.39,0.4683,0.1085,0.6031,0.61,0.3858,0.43,10.782,0.63,0.119,0.4729,0.4687,0.451,5
SOUTHEAST / IT CORRIDOR,Bi-directional,12.957646,77.657654,Silk Board,Mahadevapura,Hosur Road,primary,primary,none,10.5m,46.0,0.3376,0.3253,0.4488,0.2199,0.1391,0.5851,0.5301,0.58,0.41,0.3913,0.1759,0.4895,0.56,0.3484,0.41,8.7907,0.54,0.151,0.4616,0.3607,0.394,7
SOUTHEAST / IT CORRIDOR,Bi-directional,12.97495,77.675276,Silk Board,Mahadevapura,Hosur Road,primary,primary,none,10.5m,35.0,0.3869,0.4831,0.4994,0.179,0.1501,0.5365,0.3756,0.57,0.41,0.4011,0.1396,0.498,0.59,0.464,0.45,4.9673,0.57,0.174,0.4532,0.3926,0.44,5
SOUTHEAST / IT CORRIDOR,Bi-directional,12.992186,77.690544,Silk Board,Mahadevapura,Hosur Road,primary,primary,none,10.5m,33.0,0.1637,0.4817,0.5085,0.2298,0.4245,0.3413,0.5277,0.47,0.41,0.4053,0.0085,0.4287,0.51,0.4406,0.49,1.6221,0.47,0.196,0.4489,0.3691,0.464,5
SOUTHEAST / IT CORRIDOR,Bi-directional,12.917045,77.622477,Silk Board,Mahadevapura,Sarjapur Road,primary,primary,none,10.5m,37.0,0.3583,0.3196,0.495,0.2368,0.1289,0.6979,0.5243,0.7,0.34,0.3893,0.1058,0.4572,0.49,0.366,0.45,5.926,0.68,0.086,0.4175,0.4288,0.52,7
SOUTHEAST / IT CORRIDOR,Bi-directional,12.936575,77.640835,Silk Board,Mahadevapura,Sarjapur Road,primary,primary,none,10.5m,30.0,0.31,0.4968,0.4728,0.2444,0.3367,0.5106,0.5809,0.61,0.36,0.4944,0.1293,0.3849,0.47,0.3922,0.37,2.7583,0.64,0.17,0.3084,0.3903,0.501,6
SOUTHEAST / IT CORRIDOR,Bi-directional,12.957844,77.658219,Silk Board,Mahadevapura,Sarjapur Road,primary,primary,none,10.5m,36.0,0.3955,0.5591,0.4413,0.2359,0.3587,0.4299,0.4828,0.55,0.32,0.4164,0.188,0.4105,0.49,0.4076,0.4,2.2343,0.6,0.137,0.4627,0.3315,0.492,7
SOUTHEAST / IT CORRIDOR,Bi-directional,12.974068,77.676359,Silk Board,Mahadevapura,Sarjapur Road,primary,primary,none,10.5m,30.0,0.5801,0.4675,0.5172,0.2058,0.3993,0.702,0.4176,0.57,0.37,0.4654,0.1639,0.3501,0.47,0.3888,0.46,13.7298,0.57,0.213,0.3492,0.3893,0.436,6
SOUTHEAST / IT CORRIDOR,Bi-directional,12.992508,77.690515,Silk Board,Mahadevapura,Sarjapur Road,primary,primary,none,10.5m,30.0,0.4063,0.446,0.4468,0.2595,0.2235,0.7095,0.5233,0.5,0.43,0.3179,0.0704,0.407,0.53,0.4219,0.44,10.5567,0.53,0.149,0.4257,0.3543,0.358,5
EAST BANGALORE,Bi-directional,12.993331,77.690439,Mahadevapura,Silk Board,Outer Ring Road,primary,primary,none,10.5m,30.0,0.4075,0.5064,0.5419,0.2628,0.2009,0.569,0.4843,0.55,0.41,0.3337,0.1324,0.3577,0.49,0.4749,0.47,6.4148,0.5,0.234,0.4551,0.3294,0.402,4
EAST BANGALORE,Bi-directional,12.972948,77.676868,Mahadevapura,Silk Board,Outer Ring Road,primary,primary,none,10.5m,31.0,0.2027,0.4291,0.5217,0.2085,0.2587,0.2955,0.4727,0.5,0.3,0.3807,0.1057,0.4094,0.48,0.5254,0.46,9.3278,0.53,0.214,0.3747,0.3343,0.541,6
EAST BANGALORE,Bi-directional,12.954604,77.658924,Mahadevapura,Silk Board,Outer Ring Road,primary,primary,none,10.5m,30.0,0.281,0.5092,0.4915,0.2374,0.1939,0.5754,0.536,0.61,0.43,0.3686,0.1416,0.4632,0.47,0.3298,0.4,-6.2114,0.62,0.166,0.3943,0.3816,0.477,6
EAST BANGALORE,Bi-directional,12.938298,77.641531,Mahadevapura,Silk Board,Outer Ring Road,primary,primary,none,10.5m,30.0,0.3454,0.2142,0.5134,0.2379,0.3361,0.444,0.5369,0.69,0.45,0.4094,0.1246,0.5363,0.43,0.3775,0.48,12.4587,0.66,0.101,0.3867,0.3837,0.46,4
EAST BANGALORE,Bi-directional,12.919535,77.623068,Mahadevapura,Silk Board,Outer Ring Road,primary,primary,none,10.5m,44.0,0.4824,0.3586,0.4309,0.2221,0.0825,0.9612,0.5023,0.66,0.42,0.447,0.182,0.4488,0.46,0.3352,0.47,5.8053,0.65,0.197,0.4391,0.4465,0.483,5
EAST BANGALORE,Bi-directional,12.995957,77.693596,Mahadevapura,Silk Board,Hosur Road,primary,primary,none,10.5m,31.0,0.3743,0.44,0.5045,0.2277,0.2272,0.5955,0.4277,0.51,0.39,0.3296,0.0919,0.4605,0.48,0.4085,0.44,1.0149,0.52,0.174,0.3588,0.3256,0.504,4
EAST BANGALORE,Bi-directional,12.974234,77.673445,Mahadevapura,Silk Board,Hosur Road,primary,primary,none,10.5m,33.0,0.248,0.4872,0.5143,0.2168,0.238,0.3337,0.5462,0.58,0.32,0.3719,0.1273,0.3015,0.58,0.3852,0.5,9.7413,0.51,0.172,0.4418,0.3578,0.508,5
EAST BANGALORE,Bi-directional,12.95564,77.659368,Mahadevapura,Silk Board,Hosur Road,primary,primary,none,10.5m,30.0,0.308,0.3528,0.5051,0.2518,0.0729,0.3677,0.4826,0.57,0.42,0.3814,0.1336,0.4058,0.52,0.4385,0.42,10.4796,0.61,0.237,0.3765,0.4069,0.448,6
EAST BANGALORE,Bi-directional,12.938486,77.641785,Mahadevapura,Silk Board,Hosur Road,primary,primary,none,10.5m,36.0,0.299,0.3591,0.4769,0.2337,0.2308,0.4676,0.5497,0.67,0.44,0.3849,0.1478,0.6067,0.52,0.3883,0.44,0.16,0.68,0.175,0.3802,0.4438,0.481,6
EAST BANGALORE,Bi-directional,12.916527,77.623794,Mahadevapura,Silk Board,Hosur Road,primary,primary,none,10.5m,43.0,0.2883,0.6313,0.4825,0.2226,0.1638,0.4387,0.5072,0.7,0.29,0.4666,0.1445,0.5715,0.51,0.3288,0.44,10.8895,0.69,0.193,0.4838,0.4617,0.447,5
EAST BANGALORE,Bi-directional,12.994697,77.691706,Mahadevapura,Silk Board,Sarjapur Road,primary,primary,none,10.5m,36.0,0.4291,0.3173,0.495,0.2427,0.2664,0.6154,0.5221,0.64,0.35,0.348,0.1108,0.3188,0.55,0.4579,0.43,-2.2869,0.51,0.23,0.4607,0.3171,0.509,6
EAST BANGALORE,Bi-directional,12.975391,77.673646,Mahadevapura,Silk Board,Sarjapur Road,primary,primary,none,10.5m,32.0,0.3202,0.548,0.5475,0.2012,0.2011,0.6147,0.4692,0.53,0.43,0.3133,0.1137,0.4593,0.48,0.4521,0.43,12.8899,0.56,0.222,0.4315,0.341,0.366,5
EAST BANGALORE,Bi-directional,12.954467,77.657037,Mahadevapura,Silk Board,Sarjapur Road,primary,primary,none,10.5m,30.0,0.3422,0.6396,0.5588,0.2376,0.196,0.2637,0.5506,0.61,0.36,0.3685,0.139,0.3924,0.52,0.3576,0.51,2.2818,0.63,0.121,0.3789,0.4295,0.501,7
EAST BANGALORE,Bi-directional,12.936725,77.639052,Mahadevapura,Silk Board,Sarjapur Road,primary,primary,none,10.5m,40.0,0.4888,0.4287,0.4752,0.2203,0.144,0.6343,0.6162,0.57,0.3,0.4529,0.1299,0.4803,0.59,0.3325,0.4,5.601,0.65,0.16,0.5494,0.3968,0.416,5
EAST BANGALORE,Bi-directional,12.917774,77.623715,Mahadevapura,Silk Board,Sarjapur Road,primary,primary,none,10.5m,45.0,0.3038,0.4644,0.5138,0.2398,0.2467,0.5197,0.5631,0.66,0.31,0.4421,0.1292,0.3887,0.56,0.3948,0.52,6.8668,0.73,0.202,0.5216,0.3856,0.411,5
SOUTHEAST / IT CORRIDOR,Bi-directional,12.916483,77.623241,Silk Board,BTM Layout,Hosur Road,primary,primary,none,10.5m,34.0,0.4651,0.3736,0.4861,0.1975,0.2905,0.562,0.5438,0.62,0.35,0.4538,0.1187,0.489,0.52,0.4273,0.46,8.2853,0.74,0.196,0.4797,0.463,0.342,6
SOUTHEAST / IT CORRIDOR,Bi-directional,12.915973,77.622136,Silk Board,BTM Layout,Hosur Road,primary,primary,none,10.5m,30.0,0.3946,0.6173,0.5207,0.269,0.236,0.5889,0.5204,0.68,0.48,0.4526,0.1117,0.4913,0.57,0.3704,0.45,10.2456,0.63,0.198,0.3006,0.4069,0.488,5
SOUTHEAST / IT CORRIDOR,Bi-directional,12.913896,77.61676,Silk Board,BTM Layout,Hosur Road,primary,primary,none,10.5m,34.0,0.3322,0.2637,0.5691,0.3433,0.3417,0.3691,0.5535,0.67,0.37,0.3709,0.1539,0.5039,0.52,0.3528,0.38,9.2055,0.71,0.118,0.4516,0.5006,0.37,6
SOUTHEAST / IT CORRIDOR,Bi-directional,12.912975,77.613523,Silk Board,BTM Layout,Hosur Road,primary,primary,none,10.5m,36.0,0.3308,0.3813,0.6256,0.42,0.0724,0.6671,0.5987,0.68,0.33,0.4371,0.161,0.3924,0.54,0.3368,0.43,2.0345,0.65,0.188,0.2942,0.4511,0.447,5
SOUTHEAST / IT CORRIDOR,Bi-directional,12.915245,77.611895,Silk Board,BTM Layout,Hosur Road,primary,primary,none,10.5m,31.0,0.2278,0.3734,0.7074,0.4442,0.2441,0.3122,0.5621,0.63,0.43,0.4893,0.1124,0.4389,0.5,0.2756,0.39,4.8583,0.63,0.183,0.349,0.5028,0.415,6
SOUTHEAST / IT CORRIDOR,Bi-directional,12.918692,77.621666,Silk Board,BTM Layout,Outer Ring Road,primary,primary,none,10.5m,37.0,0.1741,0.4049,0.4926,0.2276,0.2585,0.59,0.6266,0.6,0.39,0.4876,0.0655,0.4854,0.42,0.476,0.46,9.5441,0.61,0.148,0.3569,0.5199,0.474,6
SOUTHEAST / IT CORRIDOR,Bi-directional,12.918692,77.620795,Silk Board,BTM Layout,Outer Ring Road,primary,primary,none,10.5m,32.0,0.3645,0.5967,0.5477,0.2887,0.2407,0.3255,0.5339,0.74,0.35,0.4321,0.1593,0.3496,0.54,0.2947,0.45,6.2389,0.69,0.123,0.3506,0.4717,0.405,5
SOUTHEAST / IT CORRIDOR,Bi-directional,12.915894,77.615665,Silk Board,BTM Layout,Outer Ring Road,primary,primary,none,10.5m,30.0,0.3697,0.5736,0.5872,0.3414,0.1856,0.7445,0.5373,0.77,0.31,0.457,0.166,0.41,0.5,0.3767,0.44,8.2299,0.7,0.157,0.4568,0.3611,0.476,6
SOUTHEAST / IT CORRIDOR,Bi-directional,12.91513,77.614347,Silk Board,BTM Layout,Outer Ring Road,primary,primary,none,10.5m,37.0,0.4539,0.3383,0.5705,0.3683,0.3694,0.4085,0.4981,0.63,0.37,0.4621,0.133,0.4013,0.55,0.3143,0.42,7.4668,0.61,0.147,0.3988,0.4094,0.401,6
SOUTHEAST / IT CORRIDOR,Bi-directional,12.915667,77.609997,Silk Board,BTM Layout,Outer Ring Road,primary,primary,none,10.5m,35.0,0.3881,0.6301,0.6637,0.4214,0.1219,0.7004,0.5874,0.58,0.37,0.4496,0.1047,0.3708,0.49,0.2923,0.38,6.4965,0.63,0.153,0.2717,0.4427,0.436,4
SOUTHEAST / IT CORRIDOR,Bi-directional,12.918067,77.621351,Silk Board,BTM Layout,Bannerghatta Road,primary,primary,none,10.5m,30.0,0.2787,0.3908,0.4985,0.2119,0.2031,0.8116,0.5806,0.58,0.42,0.4591,0.1164,0.4096,0.47,0.3861,0.42,14.1463,0.74,0.172,0.4684,0.413,0.4,4
SOUTHEAST / IT CORRIDOR,Bi-directional,12.918742,77.619385,Silk Board,BTM Layout,Bannerghatta Road,primary,primary,none,10.5m,42.0,0.5046,0.3662,0.5677,0.2714,0.3891,0.795,0.5052,0.67,0.43,0.4263,0.138,0.5027,0.61,0.2781,0.43,-0.5264,0.67,0.134,0.3679,0.3964,0.438,6
SOUTHEAST / IT CORRIDOR,Bi-directional,12.917058,77.61871,Silk Board,BTM Layout,Bannerghatta Road,primary,primary,none,10.5m,37.0,0.3878,0.367,0.5458,0.3611,0.1664,0.516,0.5502,0.66,0.42,0.3916,0.0659,0.418,0.6,0.4337,0.48,4.8135,0.58,0.056,0.3422,0.4356,0.487,4
SOUTHEAST / IT CORRIDOR,Bi-directional,12.91532,77.615668,Silk Board,BTM Layout,Bannerghatta Road,primary,primary,none,10.5m,30.0,0.381,0.5359,0.6582,0.4032,0.268,0.5475,0.5957,0.67,0.41,0.4883,0.1844,0.4156,0.59,0.4334,0.41,4.243,0.62,0.208,0.2767,0.4269,0.406,4
SOUTHEAST / IT CORRIDOR,Bi-directional,12.912861,77.611688,Silk Board,BTM Layout,Bannerghatta Road,primary,primary,none,10.5m,30.0,0.4707,0.3839,0.7213,0.5013,0.3042,0.2959,0.5377,0.69,0.34,0.4489,0.15,0.4154,0.48,0.2619,0.4,6.3514,0.58,0.176,0.3524,0.4248,0.45,5
SOUTHEAST / IT CORRIDOR,Bi-directional,12.915504,77.61054,BTM Layout,Silk Board,Hosur Road,primary,primary,none,10.5m,34.0,0.3497,0.4374,0.6083,0.4791,0.0972,0.1459,0.5874,0.67,0.42,0.4259,0.1414,0.4223,0.5,0.3613,0.41,2.535,0.56,0.193,0.4084,0.4192,0.443,7
SOUTHEAST / IT CORRIDOR,Bi-directional,12.915291,77.614861,BTM Layout,Silk Board,Hosur Road,primary,primary,none,10.5m,38.0,0.3456,0.5229,0.6757,0.4103,0.2095,0.2158,0.544,0.69,0.42,0.472,0.1091,0.3333,0.49,0.3271,0.41,7.2234,0.71,0.181,0.3586,0.4386,0.424,4
SOUTHEAST / IT CORRIDOR,Bi-directional,12.916302,77.61574,BTM Layout,Silk Board,Hosur Road,primary,primary,none,10.5m,43.0,0.3403,0.4112,0.5622,0.315,0.1716,0.6934,0.4604,0.65,0.38,0.4497,0.1454,0.4591,0.49,0.3243,0.47,10.4147,0.77,0.161,0.3409,0.4674,0.445,6
SOUTHEAST / IT CORRIDOR,Bi-directional,12.914993,77.620802,BTM Layout,Silk Board,Hosur Road,primary,primary,none,10.5m,31.0,0.4321,0.4098,0.5481,0.2658,0.1993,0.3115,0.622,0.71,0.4,0.5294,0.1447,0.4475,0.53,0.4224,0.41,-0.0997,0.68,0.144,0.2437,0.3783,0.415,4
SOUTHEAST / IT CORRIDOR,Bi-directional,12.918156,77.622125,BTM Layout,Silk Board,Hosur Road,primary,primary,none,10.5m,34.0,0.3071,0.5638,0.5278,0.2562,0.1818,0.5887,0.5418,0.65,0.3,0.3734,0.1184,0.3991,0.56,0.3071,0.4,4.335,0.62,0.261,0.3784,0.4036,0.461,6
SOUTHEAST / IT CORRIDOR,Bi-directional,12.912948,77.610095,BTM Layout,Silk Board,Outer Ring Road,primary,primary,none,10.5m,39.0,0.2951,0.5152,0.5929,0.4515,0.2174,0.5724,0.4468,0.66,0.33,0.4705,0.0961,0.4002,0.51,0.2887,0.4,1.2444,0.54,0.226,0.3056,0.4486,0.446,6
SOUTHEAST / IT CORRIDOR,Bi-directional,12.914759,77.614017,BTM Layout,Silk Board,Outer Ring Road,primary,primary,none,10.5m,34.0,0.3125,0.504,0.6202,0.4004,0.1137,0.3875,0.6704,0.68,0.43,0.436,0.0996,0.4963,0.43,0.3138,0.41,8.3881,0.65,0.152,0.3877,0.4365,0.468,4
SOUTHEAST / IT CORRIDOR,Bi-directional,12.914565,77.61739,BTM Layout,Silk Board,Outer Ring Road,primary,primary,none,10.5m,40.0,0.4279,0.4106,0.6087,0.3965,0.1324,0.5977,0.6265,0.68,0.34,0.4548,0.1647,0.3887,0.51,0.3412,0.41,6.7858,0.65,0.207,0.4402,0.383,0.428,5
SOUTHEAST / IT CORRIDOR,Bi-directional,12.916723,77.619876,BTM Layout,Silk Board,Outer Ring Road,primary,primary,none,10.5m,41.0,0.3113,0.2642,0.5003,0.2617,0.1857,0.47,0.5641,0.64,0.38,0.5137,0.1474,0.5151,0.42,0.3309,0.39,2.125,0.7,0.154,0.4501,0.4732,0.433,4
SOUTHEAST / IT CORRIDOR,Bi-directional,12.919184,77.622154,BTM Layout,Silk Board,Outer Ring Road,primary,primary,none,10.5m,40.0,0.3162,0.2296,0.4634,0.2413,-0.0395,0.7112,0.564,0.7,0.36,0.3456,0.1325,0.5635,0.56,0.3455,0.45,3.5821,0.65,0.224,0.3094,0.3893,0.38,4
SOUTHEAST / IT CORRIDOR,Bi-directional,12.914782,77.6111,BTM Layout,Silk Board,Bannerghatta Road,primary,primary,none,10.5m,33.0,0.2201,0.3865,0.5827,0.4798,0.3933,0.0911,0.6133,0.68,0.33,0.4676,0.0959,0.4689,0.52,0.3382,0.39,2.3352,0.64,0.151,0.3687,0.4794,0.402,6
SOUTHEAST / IT CORRIDOR,Bi-directional,12.914971,77.612298,BTM Layout,Silk Board,Bannerghatta Road,primary,primary,none,10.5m,31.0,0.3997,0.4413,0.6105,0.3778,0.2387,0.4562,0.5131,0.66,0.4,0.4366,0.1535,0.4659,0.46,0.39,0.44,8.5909,0.65,0.058,0.4237,0.4542,0.435,5
SOUTHEAST / IT CORRIDOR,Bi-directional,12.916836,77.61729,BTM Layout,Silk Board,Bannerghatta Road,primary,primary,none,10.5m,30.0,0.3997,0.2729,0.5607,0.3137,0.3283,0.1946,0.5358,0.58,0.33,0.4152,0.1632,0.4332,0.6,0.4302,0.49,5.4227,0.66,0.194,0.356,0.466,0.38,4
SOUTHEAST / IT CORRIDOR,Bi-directional,12.918486,77.619804,BTM Layout,Silk Board,Bannerghatta Road,primary,primary,none,10.5m,34.0,0.2815,0.3801,0.5626,0.2709,0.341,0.7123,0.472,0.7,0.49,0.4493,0.1395,0.534,0.5,0.3714,0.4,7.1263,0.69,0.201,0.4497,0.4012,0.404,7
SOUTHEAST / IT CORRIDOR,Bi-directional,12.919231,77.622488,BTM Layout,Silk Board,Bannerghatta Road,primary,primary,none,10.5m,30.0,0.4265,0.4672,0.4821,0.2,0.3212,0.565,0.5556,0.65,0.34,0.4262,0.1058,0.5616,0.49,0.3475,0.48,14.8771,0.69,0.167,0.3651,0.431,0.392,5
EAST BANGALORE,Bi-directional,12.994088,77.691424,Mahadevapura,BTM Layout,Outer Ring Road,primary,primary,none,10.5m,32.0,0.3434,0.532,0.4734,0.2116,0.2852,0.7511,0.4941,0.58,0.33,0.362,0.0898,0.5296,0.46,0.4102,0.41,5.6015,0.53,0.27,0.4298,0.3139,0.499,7
EAST BANGALORE,Bi-directional,12.973202,77.671511,Mahadevapura,BTM Layout,Outer Ring Road,primary,primary,none,10.5m,37.0,0.1169,0.5459,0.5015,0.2633,0.3756,0.3579,0.5169,0.64,0.39,0.4094,0.1266,0.4414,0.48,0.4782,0.46,7.1576,0.58,0.154,0.4294,0.4407,0.392,6
EAST BANGALORE,Bi-directional,12.953189,77.651332,Mahadevapura,BTM Layout,Outer Ring Road,primary,primary,none,10.5m,31.0,0.3329,0.58,0.586,0.3336,0.3601,0.5023,0.4809,0.66,0.39,0.4009,0.1305,0.3798,0.49,0.3824,0.43,9.4042,0.58,0.227,0.375,0.4491,0.455,6
EAST BANGALORE,Bi-directional,12.935617,77.629467,Mahadevapura,BTM Layout,Outer Ring Road,primary,primary,none,10.5m,33.0,0.2991,0.3812,0.6309,0.3573,0.2333,0.6174,0.57,0.61,0.37,0.3665,0.1041,0.358,0.54,0.3843,0.41,1.257,0.61,0.136,0.3996,0.5201,0.386,4
EAST BANGALORE,Bi-directional,12.914775,77.6127,Mahadevapura,BTM Layout,Outer Ring Road,primary,primary,none,10.5m,35.0,0.4379,0.3226,0.7115,0.4721,0.1107,0.7889,0.5447,0.57,0.35,0.4169,0.1068,0.422,0.51,0.3158,0.41,5.8689,0.59,0.234,0.3087,0.4873,0.485,6
EAST BANGALORE,Bi-directional,12.994739,77.690847,Mahadevapura,BTM Layout,Hosur Road,primary,primary,none,10.5m,31.0,0.3409,0.6694,0.4803,0.2478,0.2428,0.4972,0.4986,0.53,0.33,0.3081,0.0637,0.4647,0.54,0.4937,0.46,8.269,0.52,0.216,0.447,0.3537,0.441,7
EAST BANGALORE,Bi-directional,12.975885,77.672684,Mahadevapura,BTM Layout,Hosur Road,primary,primary,none,10.5m,30.0,0.3131,0.3122,0.5515,0.3141,0.2757,0.7255,0.5441,0.61,0.38,0.3736,0.1463,0.4128,0.42,0.4275,0.41,0.9803,0.55,0.183,0.307,0.3811,0.491,4
EAST BANGALORE,Bi-directional,12.953122,77.652145,Mahadevapura,BTM Layout,Hosur Road,primary,primary,none,10.5m,30.0,0.3996,0.536,0.5165,0.3646,0.1206,0.4575,0.5596,0.66,0.44,0.3565,0.1014,0.4075,0.51,0.3899,0.46,1.3906,0.54,0.256,0.3174,0.4344,0.434,4
EAST BANGALORE,Bi-directional,12.934577,77.629206,Mahadevapura,BTM Layout,Hosur Road,primary,primary,none,10.5m,30.0,0.2551,0.2932,0.5726,0.3572,0.135,0.3068,0.545,0.65,0.4,0.4779,0.124,0.3999,0.61,0.3866,0.43,4.816,0.61,0.17,0.3743,0.4529,0.393,5
EAST BANGALORE,Bi-directional,12.913976,77.610242,Mahadevapura,BTM Layout,Hosur Road,primary,primary,none,10.5m,34.0,0.4735,0.3631,0.7162,0.5047,0.0177,0.5124,0.5579,0.73,0.39,0.5154,0.1038,0.3608,0.49,0.3829,0.44,10.3748,0.56,0.227,0.3951,0.4434,0.447,7
EAST BANGALORE,Bi-directional,12.992486,77.69096,Mahadevapura,BTM Layout,Bannerghatta Road,primary,primary,none,10.5m,30.0,0.4227,0.5055,0.5281,0.2369,0.3692,0.518,0.4859,0.61,0.35,0.3095,0.0897,0.4409,0.42,0.4543,0.45,10.5149,0.49,0.182,0.4488,0.4028,0.435,6
EAST BANGALORE,Bi-directional,12.973508,77.669807,Mahadevapura,BTM Layout,Bannerghatta Road,primary,primary,none,10.5m,32.0,0.4744,0.4454,0.5952,0.2989,0.3837,0.8628,0.4859,0.59,0.36,0.4364,0.1992,0.475,0.44,0.379,0.47,0.2218,0.52,0.156,0.3768,0.385,0.37,6
EAST BANGALORE,Bi-directional,12.954384,77.650452,Mahadevapura,BTM Layout,Bannerghatta Road,primary,primary,none,10.5m,30.0,0.1341,0.3871,0.6527,0.3558,0.3312,0.5031,0.5032,0.6,0.39,0.3552,0.1476,0.4993,0.51,0.3637,0.41,11.1765,0.55,0.217,0.3652,0.3909,0.405,7
EAST BANGALORE,Bi-directional,12.934811,77.630106,Mahadevapura,BTM Layout,Bannerghatta Road,primary,primary,none,10.5m,30.0,0.3428,0.5269,0.7024,0.4197,0.2612,0.302,0.5748,0.65,0.36,0.41,0.1143,0.4442,0.45,0.3977,0.45,4.0351,0.58,0.178,0.3752,0.4155,0.469,4
EAST BANGALORE,Bi-directional,12.915337,77.610017,Mahadevapura,BTM Layout,Bannerghatta Road,primary,primary,none,10.5m,35.0,0.3347,0.5137,0.6149,0.5108,0.4422,0.5806,0.4709,0.63,0.41,0.4392,0.1657,0.4768,0.49,0.3276,0.39,3.8693,0.59,0.234,0.4545,0.3876,0.327,5
SOUTHEAST / IT CORRIDOR,Bi-directional,12.912921,77.609812,BTM Layout,Mahadevapura,Outer Ring Road,primary,primary,none,10.5m,31.0,0.4053,0.5226,0.7219,0.4948,0.1014,0.6661,0.6147,0.73,0.33,0.4488,0.1563,0.3841,0.45,0.3377,0.4,0.1067,0.66,0.184,0.3394,0.4104,0.42,5
SOUTHEAST / IT CORRIDOR,Bi-directional,12.933966,77.629199,BTM Layout,Mahadevapura,Outer Ring Road,primary,primary,none,10.5m,30.0,0.2393,0.34,0.6513,0.4511,0.0307,0.4335,0.558,0.63,0.33,0.4089,0.1353,0.4253,0.52,0.3537,0.41,7.1043,0.57,0.13,0.4721,0.4259,0.311,7
SOUTHEAST / IT CORRIDOR,Bi-directional,12.952193,77.652939,BTM Layout,Mahadevapura,Outer Ring Road,primary,primary,none,10.5m,35.0,0.1354,0.4673,0.6197,0.3901,0.3178,0.3423,0.4818,0.57,0.4,0.3808,0.0363,0.3739,0.5,0.334,0.4,12.2387,0.57,0.164,0.4075,0.4532,0.534,7
SOUTHEAST / IT CORRIDOR,Bi-directional,12.973446,77.671352,BTM Layout,Mahadevapura,Outer Ring Road,primary,primary,none,10.5m,30.0,0.421,0.6258,0.5809,0.3099,0.2524,0.1971,0.4726,0.57,0.36,0.375,0.137,0.4815,0.5,0.343,0.43,5.1674,0.61,0.159,0.4076,0.3865,0.452,6
SOUTHEAST / IT CORRIDOR,Bi-directional,12.993946,77.693553,BTM Layout,Mahadevapura,Outer Ring Road,primary,primary,none,10.5m,30.0,0.2588,0.4717,0.5125,0.2194,-0.1004,0.3848,0.5149,0.62,0.35,0.422,0.0775,0.3854,0.56,0.4639,0.45,-0.0433,0.47,0.155,0.3276,0.3516,0.459,6
SOUTHEAST / IT CORRIDOR,Bi-directional,12.912339,77.610658,BTM Layout,Mahadevapura,Hosur Road,primary,primary,none,10.5m,30.0,0.4156,0.3902,0.6808,0.4391,0.1183,0.534,0.5457,0.69,0.42,0.4418,0.1379,0.425,0.55,0.3348,0.4,2.506,0.63,0.233,0.4015,0.4114,0.375,4
SOUTHEAST / IT CORRIDOR,Bi-directional,12.933273,77.629708,BTM Layout,Mahadevapura,Hosur Road,primary,primary,none,10.5m,31.0,0.2497,0.5058,0.6474,0.3582,0.1566,0.4817,0.5737,0.66,0.27,0.4166,0.1404,0.3989,0.48,0.3277,0.41,1.5038,0.62,0.137,0.3202,0.4109,0.49,4
SOUTHEAST / IT CORRIDOR,Bi-directional,12.954836,77.649789,BTM Layout,Mahadevapura,Hosur Road,primary,primary,none,10.5m,33.0,0.4496,0.3715,0.5538,0.3799,0.3184,0.4962,0.5289,0.6,0.41,0.3868,0.1332,0.3558,0.48,0.3583,0.42,1.3982,0.55,0.108,0.4017,0.3981,0.364,4
SOUTHEAST / IT CORRIDOR,Bi-directional,12.975803,77.673145,BTM Layout,Mahadevapura,Hosur Road,primary,primary,none,10.5m,35.0,0.2104,0.4703,0.5237,0.2799,0.2243,0.4891,0.5446,0.67,0.41,0.3323,0.1193,0.4488,0.49,0.4004,0.44,8.2,0.57,0.157,0.4118,0.4479,0.386,4
SOUTHEAST / IT CORRIDOR,Bi-directional,12.995478,77.690389,BTM Layout,Mahadevapura,Hosur Road,primary,primary,none,10.5m,31.0,0.4457,0.3005,0.4843,0.2098,0.1502,0.5266,0.4953,0.6,0.41,0.3728,0.0833,0.5137,0.5,0.4744,0.41,4.0685,0.57,0.194,0.3455,0.3998,0.414,5
SOUTHEAST / IT CORRIDOR,Bi-directional,12.913652,77.609358,BTM Layout,Mahadevapura,Bannerghatta Road,primary,primary,none,10.5m,38.0,0.3528,0.5147,0.6986,0.4564,0.1152,0.2243,0.5348,0.71,0.42,0.4676,0.1391,0.4383,0.5,0.3,0.37,9.0105,0.62,0.154,0.4417,0.5554,0.534,6
SOUTHEAST / IT CORRIDOR,Bi-directional,12.935425,77.630048,BTM Layout,Mahadevapura,Bannerghatta Road,primary,primary,none,10.5m,34.0,0.3617,0.6211,0.6155,0.4227,0.3222,0.4717,0.5598,0.6,0.36,0.374,0.1335,0.4593,0.57,0.3825,0.41,0.8829,0.61,0.235,0.4035,0.4803,0.416,6
SOUTHEAST / IT CORRIDOR,Bi-directional,12.952973,77.653245,BTM Layout,Mahadevapura,Bannerghatta Road,primary,primary,none,10.5m,35.0,0.2119,0.4457,0.598,0.3551,0.2152,0.3984,0.5203,0.62,0.35,0.3665,0.1607,0.444,0.41,0.4254,0.42,5.0145,0.59,0.109,0.3603,0.4608,0.484,4
SOUTHEAST / IT CORRIDOR,Bi-directional,12.974082,77.670592,BTM Layout,Mahadevapura,Bannerghatta Road,primary,primary,none,10.5m,35.0,0.3662,0.481,0.5564,0.2957,0.1248,0.4401,0.4836,0.55,0.41,0.3465,0.114,0.3649,0.53,0.4434,0.43,8.3464,0.54,0.06,0.3781,0.3665,0.454,6
SOUTHEAST / IT CORRIDOR,Bi-directional,12.993076,77.692494,BTM Layout,Mahadevapura,Bannerghatta Road,primary,primary,none,10.5m,33.0,0.4033,0.5617,0.5476,0.2154,0.2384,0.7562,0.5418,0.55,0.41,0.373,0.1731,0.45,0.45,0.4214,0.53,-0.6968,0.53,0.311,0.3429,0.2347,0.357,6
