zone,direction,segments,risk_mean,risk_median,risk_p95,risk_max,contextual_mean,confidence_mean,uncertainty_mean,crime_mean,lighting_mean,police_mean,cctv_mean,congestion_mean,travel_time_mean,connectivity_mean,isolation_mean,road_risk_mean,behav_adj_mean,poi_interaction_mean
NORTH BANGALORE,Bi-directional,4498,75.77,77.33,97.19,100.0,86.37,0.23,0.89,0.4638629835482437,0.9938223210315696,0.6779574255224544,0.22719237438861717,0.52,12.15,0.5,0.87,0.61,0.17735882614495332,-0.0016808136949755447
EAST BANGALORE,Bi-directional,3593,73.64,76.67,96.03,100.0,85.39,0.25,0.86,0.4559237684386307,0.9868369885889229,0.6957031450041747,0.2579646534929029,0.53,12.31,0.49,0.87,0.61,0.16467019204007793,0.0021599499025883664
WEST BANGALORE,Bi-directional,3698,72.68,75.46,95.7,100.0,84.85,0.27,0.85,0.46159870200108166,0.9909335045970795,0.6626384802595998,0.2464351811790157,0.53,12.24,0.51,0.85,0.6,0.16787993510005406,-0.0014385613845321794
LOGISTICS / HIGH TRAFFIC ZONES,Bi-directional,1344,72.42,75.26,95.53,100.0,84.57,0.3,0.83,0.4524497023809524,0.9873418898809524,0.6763366071428571,0.25315617559523806,0.53,12.31,0.5,0.85,0.6,0.1691517857142857,-0.0025194196428571427
SOUTH BANGALORE,Bi-directional,4249,72.26,75.4,95.91,100.0,84.53,0.31,0.81,0.4605662979524594,0.9886889621087315,0.6825164509296305,0.2530269945869616,0.54,12.38,0.5,0.87,0.61,0.16339373970345963,-0.0036983760884914097
AIRPORT & PERIPHERAL ZONES,Bi-directional,643,70.6,73.33,94.05,100.0,83.42,0.14,0.96,0.28150777604976673,0.9884923794712286,0.7860782270606532,0.24081057542768272,0.49,11.8,0.48,0.9,0.6,0.17076205287713841,6.220839813374805e-07
SOUTHEAST / IT CORRIDOR,Bi-directional,3119,59.14,62.68,93.83,100.0,77.83,0.25,0.86,0.44142443090734207,0.9583011542160949,0.6861868226995832,0.2899859249759538,0.54,12.36,0.49,0.87,0.6,0.10855402372555306,0.0019372234690605964
CENTRAL BANGALORE,Bi-directional,3952,32.43,29.43,54.3,95.6,63.1,0.53,0.59,0.4171949139676113,0.8916046811740891,0.6694700151821862,0.3639778846153846,0.56,12.66,0.49,0.8,0.57,0.007664979757085019,0.00011950910931174094
