zone,lat,lng,final_risk_score,road_risk_score,confidence_score,uncertainty_level,risk_band
EAST BANGALORE,12.961054,77.7187,100.0,0.603,0.5182,0.6151,Critical
EAST BANGALORE,12.954901,77.7198,100.0,0.6317,0.5211,0.6151,Critical
SOUTHEAST / IT CORRIDOR,12.898912,77.676315,99.48,0.5941,0.5102,0.6151,Critical
WEST BANGALORE,12.97615,77.63307,98.97,0.6136,0.7529,0.2464,Critical
EAST BANGALORE,12.959116,77.72201,98.73,0.614,0.521,0.6151,Critical
EAST BANGALORE,12.957783,77.71976,98.71,0.5407,0.5225,0.6151,Critical
LOGISTICS / HIGH TRAFFIC ZONES,12.914344,77.62649,98.4,0.6484,0.5524,0.5843,Critical
EAST BANGALORE,12.961126,77.71827,97.76,0.5993,0.5194,0.6151,Critical
LOGISTICS / HIGH TRAFFIC ZONES,12.916897,77.61656,97.63,0.6176,0.5673,0.5556,Critical
SOUTH BANGALORE,12.942486,77.580376,97.45,0.6522,0.5631,0.5556,Critical
EAST BANGALORE,12.957989,77.71926,96.01,0.5876,0.5238,0.6151,Critical
SOUTHEAST / IT CORRIDOR,12.914032,77.61862,95.94,0.5652,0.5661,0.5556,Critical
WEST BANGALORE,12.980294,77.63475,95.75,0.5064,0.7785,0.2143,Critical
EAST BANGALORE,12.960674,77.71865,95.57,0.5711,0.5227,0.6151,Critical
SOUTH BANGALORE,12.914046,77.63438,95.49,0.611,0.587,0.5286,Critical
WEST BANGALORE,12.97815,77.63309,95.31,0.5195,0.758,0.2464,Critical
WEST BANGALORE,13.017895,77.53912,95.13,0.649,0.5818,0.5286,Critical
WEST BANGALORE,12.973081,77.63588,95.08,0.5232,0.7946,0.1835,Critical
WEST BANGALORE,12.973787,77.62941,94.66,0.6389,0.5861,0.5286,Critical
EAST BANGALORE,12.961703,77.71867,94.61,0.6169,0.5197,0.6151,Critical
EAST BANGALORE,12.958631,77.71793,94.53,0.5947,0.5172,0.6151,Critical
WEST BANGALORE,13.001833,77.54648,94.44,0.6398,0.5263,0.6151,Critical
NORTH BANGALORE,12.943803,77.59121,94.27,0.5905,0.503,0.6486,Critical
SOUTHEAST / IT CORRIDOR,12.903547,77.67659,94.26,0.6148,0.5188,0.6151,Critical
SOUTH BANGALORE,12.927903,77.59679,93.99,0.5859,0.5004,0.6486,Critical
WEST BANGALORE,12.97443,77.63241,93.88,0.5667,0.6931,0.3521,Critical
WEST BANGALORE,12.9776,77.63083,93.82,0.5572,0.6967,0.3521,Critical
WEST BANGALORE,12.976294,77.63164,93.81,0.6343,0.6917,0.3521,Critical
WEST BANGALORE,12.975702,77.63703,93.57,0.5536,0.8077,0.1538,Critical
LOGISTICS / HIGH TRAFFIC ZONES,12.917408,77.61788,93.44,0.5748,0.5684,0.5556,Critical
SOUTHEAST / IT CORRIDOR,12.915117,77.62813,93.4,0.6447,0.5476,0.5843,Critical
EAST BANGALORE,12.936857,77.70673,93.38,0.6093,0.5517,0.5843,Critical
EAST BANGALORE,12.960459,77.72276,93.27,0.5966,0.5249,0.6151,Critical
CENTRAL BANGALORE,12.993923,77.59443,93.27,0.6321,0.5248,0.6151,Critical
SOUTHEAST / IT CORRIDOR,12.900618,77.67773,93.24,0.6806,0.5141,0.6151,Critical
LOGISTICS / HIGH TRAFFIC ZONES,12.915769,77.61691,93.18,0.595,0.5641,0.5556,Critical
WEST BANGALORE,12.997603,77.54206,93.11,0.6947,0.5234,0.6151,Critical
WEST BANGALORE,12.976957,77.63321,93.04,0.5347,0.7592,0.2464,Critical
EAST BANGALORE,12.962788,77.71775,93.02,0.64,0.52,0.6151,Critical
WEST BANGALORE,12.975983,77.63626,92.98,0.4827,0.8106,0.1538,Critical
NORTH BANGALORE,13.072071,77.583954,92.97,0.5812,0.527,0.6151,Critical
EAST BANGALORE,12.959956,77.71938,92.89,0.5864,0.5201,0.6151,Critical
SOUTHEAST / IT CORRIDOR,12.901546,77.67872,92.87,0.5793,0.5212,0.6151,Critical
NORTH BANGALORE,13.050196,77.601295,92.81,0.6506,0.5491,0.5843,Critical
LOGISTICS / HIGH TRAFFIC ZONES,12.915945,77.62637,92.67,0.6527,0.5473,0.5843,Critical
WEST BANGALORE,12.975327,77.63235,92.67,0.6325,0.6917,0.3521,Critical
SOUTH BANGALORE,12.91548,77.63057,92.58,0.633,0.5866,0.5286,Critical
WEST BANGALORE,13.015599,77.53919,92.55,0.6621,0.5456,0.5843,Critical
EAST BANGALORE,12.959526,77.71895,92.52,0.6694,0.5157,0.6151,Critical
SOUTH BANGALORE,12.923443,77.61663,92.39,0.615,0.6351,0.4557,Critical
SOUTHEAST / IT CORRIDOR,12.915281,77.64322,92.36,0.6,0.6186,0.4788,Critical
WEST BANGALORE,12.974675,77.63756,92.35,0.4939,0.8135,0.1538,Critical
SOUTHEAST / IT CORRIDOR,12.903919,77.67666,92.34,0.6171,0.5236,0.6151,Critical
SOUTHEAST / IT CORRIDOR,12.964566,77.638756,92.33,0.6222,0.5866,0.5286,Critical
WEST BANGALORE,12.978125,77.63354,92.29,0.4996,0.7611,0.2464,Critical
EAST BANGALORE,12.937768,77.71195,92.27,0.6494,0.5463,0.5843,Critical
EAST BANGALORE,12.957349,77.717834,92.13,0.5934,0.5187,0.6151,Critical
EAST BANGALORE,12.957398,77.71958,92.12,0.6033,0.5233,0.6151,Critical
SOUTH BANGALORE,12.91083,77.635635,92.11,0.6037,0.6195,0.4788,Critical
WEST BANGALORE,13.015912,77.53441,92.1,0.6438,0.548,0.5843,Critical
SOUTHEAST / IT CORRIDOR,12.912781,77.63047,92.01,0.636,0.5895,0.5286,Critical
EAST BANGALORE,12.954182,77.72113,92.0,0.6589,0.5232,0.6151,Critical
SOUTH BANGALORE,12.940743,77.60195,91.9,0.6332,0.6049,0.5031,Critical
EAST BANGALORE,12.950657,77.714226,91.87,0.6089,0.5455,0.5843,Critical
SOUTH BANGALORE,12.924986,77.616295,91.83,0.6175,0.6997,0.3521,Critical
EAST BANGALORE,12.935939,77.7049,91.82,0.6616,0.6229,0.4788,Critical
SOUTHEAST / IT CORRIDOR,12.959003,77.64017,91.79,0.6042,0.5864,0.5286,Critical
WEST BANGALORE,12.974812,77.63128,91.79,0.5931,0.6711,0.3914,Critical
WEST BANGALORE,12.974496,77.638794,91.77,0.5064,0.8102,0.1538,Critical
WEST BANGALORE,12.975852,77.632,91.74,0.5549,0.6976,0.3521,Critical
LOGISTICS / HIGH TRAFFIC ZONES,12.914758,77.61884,91.73,0.5739,0.5665,0.5556,Critical
EAST BANGALORE,12.958873,77.71772,91.63,0.5718,0.5197,0.6151,Critical
SOUTHEAST / IT CORRIDOR,12.922589,77.667984,91.62,0.5505,0.5268,0.6151,Critical
SOUTHEAST / IT CORRIDOR,12.921948,77.614174,91.57,0.5522,0.6236,0.4788,Critical
SOUTH BANGALORE,12.862258,77.590576,91.56,0.6889,0.5219,0.6151,Critical
SOUTH BANGALORE,12.917023,77.63174,91.48,0.6211,0.5871,0.5286,Critical
WEST BANGALORE,12.973932,77.63768,91.43,0.508,0.7934,0.1835,Critical
WEST BANGALORE,12.973512,77.63807,91.34,0.4969,0.795,0.1835,Critical
EAST BANGALORE,12.959898,77.71786,91.3,0.5924,0.515,0.6151,Critical
CENTRAL BANGALORE,12.994251,77.57894,91.16,0.5214,0.5326,0.6151,Critical
SOUTHEAST / IT CORRIDOR,12.915389,77.6167,91.16,0.6085,0.5647,0.5556,Critical
SOUTH BANGALORE,12.919066,77.63429,91.1,0.5315,0.5924,0.5286,Critical
WEST BANGALORE,12.974469,77.63859,91.08,0.4489,0.815,0.1538,Critical
EAST BANGALORE,12.948172,77.71554,91.04,0.6649,0.5449,0.5843,Critical
EAST BANGALORE,12.959086,77.71813,91.02,0.5555,0.5223,0.6151,Critical
EAST BANGALORE,12.981598,77.71632,91.01,0.6548,0.5232,0.6151,Critical
LOGISTICS / HIGH TRAFFIC ZONES,12.922582,77.620255,91.01,0.6533,0.637,0.4557,Critical
EAST BANGALORE,12.980797,77.71459,90.94,0.6853,0.5208,0.6151,Critical
SOUTH BANGALORE,12.943478,77.59531,90.91,0.637,0.5487,0.5843,Critical
SOUTH BANGALORE,12.921577,77.59795,90.86,0.5904,0.5053,0.6486,Critical
SOUTH BANGALORE,12.91531,77.61704,90.86,0.5127,0.5706,0.5556,Critical
SOUTH BANGALORE,12.946263,77.591545,90.75,0.6252,0.5879,0.5286,Critical
NORTH BANGALORE,13.071278,77.58342,90.67,0.5515,0.5318,0.6151,Critical
SOUTH BANGALORE,12.919238,77.61629,90.66,0.5972,0.5258,0.6151,Critical
EAST BANGALORE,12.957318,77.71828,90.63,0.6436,0.5192,0.6151,Critical
SOUTH BANGALORE,12.865067,77.58843,90.54,0.7188,0.5217,0.6151,Critical
EAST BANGALORE,12.959457,77.72031,90.53,0.5674,0.522,0.6151,Critical
SOUTHEAST / IT CORRIDOR,12.916377,77.62903,90.53,0.668,0.5851,0.5286,Critical
EAST BANGALORE,12.960369,77.71987,90.5,0.6351,0.5188,0.6151,Critical
WEST BANGALORE,12.974328,77.62971,90.48,0.6505,0.6171,0.4788,Critical
WEST BANGALORE,12.998973,77.5451,90.44,0.6427,0.5257,0.6151,Critical
WEST BANGALORE,12.972105,77.63186,90.43,0.5722,0.6191,0.4788,Critical
WEST BANGALORE,12.977938,77.55046,90.41,0.5452,0.5302,0.6151,Critical
EAST BANGALORE,12.933211,77.70386,90.39,0.5541,0.532,0.6151,Critical
LOGISTICS / HIGH TRAFFIC ZONES,12.917377,77.616905,90.38,0.5681,0.5681,0.5556,Critical
SOUTHEAST / IT CORRIDOR,12.845728,77.650154,90.38,0.5664,0.5027,0.6486,Critical
WEST BANGALORE,12.980988,77.635345,90.37,0.5716,0.7778,0.2143,Critical
SOUTH BANGALORE,12.863952,77.58843,90.31,0.6876,0.5223,0.6151,Critical
SOUTHEAST / IT CORRIDOR,12.967088,77.63939,90.3,0.618,0.5875,0.5286,Critical
SOUTHEAST / IT CORRIDOR,12.958394,77.64091,90.21,0.5768,0.6194,0.4788,Critical
SOUTH BANGALORE,12.920586,77.597565,90.16,0.5946,0.5042,0.6486,Critical
SOUTH BANGALORE,12.942563,77.57979,90.14,0.6741,0.5667,0.5556,Critical
SOUTH BANGALORE,12.914078,77.63604,90.12,0.6023,0.6498,0.4334,Critical
WEST BANGALORE,12.974022,77.637344,90.11,0.5567,0.7929,0.1835,Critical
SOUTH BANGALORE,12.914786,77.63979,90.09,0.5543,0.6478,0.4334,Critical
EAST BANGALORE,12.955287,77.7218,90.06,0.6402,0.5247,0.6151,Critical
EAST BANGALORE,12.955821,77.720924,90.03,0.6178,0.5273,0.6151,Critical
SOUTH BANGALORE,12.941147,77.60352,90.02,0.687,0.6038,0.5031,Critical
SOUTH BANGALORE,12.91435,77.579636,89.85,0.5987,0.5278,0.6151,Critical
EAST BANGALORE,12.968158,77.718346,89.85,0.5872,0.5259,0.6151,Critical
EAST BANGALORE,12.957799,77.71937,89.85,0.5571,0.5217,0.6151,Critical
SOUTH BANGALORE,12.943837,77.59403,89.8,0.6059,0.5068,0.6486,Critical
WEST BANGALORE,13.027125,77.536995,89.79,0.5981,0.5543,0.5843,Critical
WEST BANGALORE,12.975023,77.63253,89.79,0.5523,0.6954,0.3521,Critical
SOUTHEAST / IT CORRIDOR,12.902993,77.67737,89.76,0.6501,0.5201,0.6151,Critical
LOGISTICS / HIGH TRAFFIC ZONES,12.916286,77.62692,89.75,0.5473,0.5542,0.5843,Critical
EAST BANGALORE,12.940062,77.70593,89.72,0.6308,0.6265,0.4788,Critical
SOUTH BANGALORE,12.9508,77.601974,89.72,0.6534,0.5512,0.5843,Critical
SOUTHEAST / IT CORRIDOR,12.915393,77.61708,89.71,0.5436,0.5665,0.5556,Critical
SOUTH BANGALORE,12.930028,77.607475,89.68,0.6115,0.6391,0.4557,Critical
EAST BANGALORE,12.936231,77.70059,89.66,0.657,0.6213,0.4788,Critical
SOUTH BANGALORE,12.95019,77.60346,89.63,0.687,0.5454,0.5843,Critical
WEST BANGALORE,12.977816,77.630264,89.61,0.5393,0.6739,0.3914,Critical
SOUTH BANGALORE,12.924147,77.61628,89.61,0.5705,0.6366,0.4557,Critical
SOUTH BANGALORE,12.87439,77.60128,89.57,0.6013,0.5896,0.5286,Critical
EAST BANGALORE,12.957771,77.72006,89.52,0.6843,0.5201,0.6151,Critical
EAST BANGALORE,12.938412,77.70242,89.51,0.6147,0.588,0.5286,Critical
SOUTH BANGALORE,12.926323,77.605156,89.49,0.619,0.6093,0.5031,Critical
EAST BANGALORE,12.938666,77.70947,89.46,0.6514,0.5459,0.5843,Critical
CENTRAL BANGALORE,12.99582,77.5885,89.46,0.638,0.5271,0.6151,Critical
EAST BANGALORE,12.955243,77.72098,89.42,0.5574,0.5278,0.6151,Critical
LOGISTICS / HIGH TRAFFIC ZONES,12.968781,77.58323,89.37,0.6103,0.5911,0.5286,Critical
SOUTHEAST / IT CORRIDOR,12.899366,77.67658,89.35,0.648,0.5115,0.6151,Critical
SOUTHEAST / IT CORRIDOR,12.922582,77.620255,89.34,0.5909,0.6365,0.4557,Critical
WEST BANGALORE,12.990521,77.54213,89.28,0.5746,0.5735,0.5556,Critical
SOUTH BANGALORE,12.941155,77.607445,89.28,0.5995,0.6416,0.4557,Critical
CENTRAL BANGALORE,12.993049,77.593544,89.26,0.5955,0.5274,0.6151,Critical
SOUTH BANGALORE,12.952318,77.60098,89.26,0.6647,0.5469,0.5843,Critical
WEST BANGALORE,13.01763,77.54119,89.2,0.6005,0.5817,0.5286,Critical
WEST BANGALORE,12.973837,77.63785,89.19,0.5415,0.7994,0.1835,Critical
SOUTH BANGALORE,12.942934,77.59827,89.18,0.619,0.5041,0.6486,Critical
SOUTH BANGALORE,12.924436,77.61366,89.16,0.5885,0.6228,0.4788,Critical
SOUTH BANGALORE,12.944213,77.59607,89.08,0.5688,0.5564,0.5843,Critical
SOUTH BANGALORE,12.943508,77.59471,89.06,0.6735,0.5034,0.6486,Critical
EAST BANGALORE,12.937298,77.70638,89.01,0.6828,0.6217,0.4788,Critical
NORTH BANGALORE,13.052496,77.59908,88.99,0.6009,0.5477,0.5843,Critical
EAST BANGALORE,12.95497,77.72113,88.98,0.6059,0.5257,0.6151,Critical
EAST BANGALORE,12.958591,77.71874,88.92,0.67,0.5181,0.6151,Critical
SOUTH BANGALORE,12.910923,77.6306,88.91,0.5688,0.5032,0.6486,Critical
SOUTH BANGALORE,12.945918,77.5776,88.9,0.6579,0.603,0.5031,Critical
SOUTH BANGALORE,12.926115,77.60143,88.89,0.6745,0.504,0.6486,Critical
EAST BANGALORE,12.957408,77.719345,88.86,0.5735,0.5185,0.6151,Critical
EAST BANGALORE,12.963412,77.72434,88.82,0.6593,0.5273,0.6151,Critical
SOUTH BANGALORE,12.924141,77.6154,88.8,0.5667,0.606,0.5031,Critical
EAST BANGALORE,12.941305,77.70402,88.79,0.64,0.6239,0.4788,Critical
WEST BANGALORE,13.019183,77.5381,88.76,0.7133,0.5818,0.5286,Critical
SOUTH BANGALORE,12.918078,77.63603,88.76,0.6195,0.619,0.4788,Critical
NORTH BANGALORE,12.945174,77.59835,88.7,0.6609,0.5513,0.5843,Critical
WEST BANGALORE,12.973302,77.63821,88.7,0.515,0.7953,0.1835,Critical
SOUTH BANGALORE,12.925137,77.60596,88.7,0.596,0.5042,0.6486,Critical
SOUTHEAST / IT CORRIDOR,12.917744,77.6305,88.68,0.6444,0.5902,0.5286,Critical
SOUTHEAST / IT CORRIDOR,12.962291,77.63929,88.66,0.63,0.5871,0.5286,Critical
EAST BANGALORE,12.959486,77.719734,88.63,0.6198,0.519,0.6151,Critical
SOUTHEAST / IT CORRIDOR,12.913338,77.63902,88.62,0.5316,0.653,0.4334,Critical
WEST BANGALORE,12.976897,77.63202,88.61,0.5457,0.7185,0.3151,Critical
EAST BANGALORE,12.955117,77.71982,88.56,0.6008,0.523,0.6151,Critical
EAST BANGALORE,12.926989,77.67783,88.53,0.581,0.5225,0.6151,Critical
NORTH BANGALORE,12.955788,77.589035,88.53,0.6467,0.5246,0.6151,Critical
EAST BANGALORE,12.934933,77.69997,88.52,0.6564,0.5211,0.6151,Critical
SOUTH BANGALORE,12.918963,77.594215,88.45,0.6247,0.5001,0.6486,Critical
WEST BANGALORE,13.019409,77.53674,88.37,0.6401,0.586,0.5286,Critical
WEST BANGALORE,13.01913,77.53958,88.37,0.5904,0.5834,0.5286,Critical
SOUTHEAST / IT CORRIDOR,12.961406,77.64265,88.34,0.6142,0.5811,0.5286,Critical
EAST BANGALORE,12.967856,77.71897,88.34,0.6241,0.525,0.6151,Critical
EAST BANGALORE,12.955634,77.72015,88.32,0.6301,0.5223,0.6151,Critical
SOUTH BANGALORE,12.861344,77.61227,88.17,0.6957,0.5,0.6486,Critical
SOUTHEAST / IT CORRIDOR,12.906423,77.63422,88.17,0.5807,0.5051,0.6486,Critical
WEST BANGALORE,12.980406,77.63547,88.16,0.4696,0.7991,0.1835,Critical
SOUTH BANGALORE,12.90719,77.638565,88.13,0.6661,0.5474,0.5843,Critical
WEST BANGALORE,12.970412,77.63595,88.11,0.6153,0.6133,0.4788,Critical
EAST BANGALORE,12.93709,77.70442,88.09,0.6865,0.6221,0.4788,Critical
SOUTH BANGALORE,12.923398,77.633896,88.09,0.5605,0.6226,0.4788,Critical
SOUTHEAST / IT CORRIDOR,12.918646,77.63073,88.06,0.584,0.5895,0.5286,Critical
EAST BANGALORE,12.936525,77.7039,87.98,0.6484,0.6558,0.4334,Critical
NORTH BANGALORE,13.049777,77.60431,87.98,0.6218,0.5007,0.6486,Critical
EAST BANGALORE,12.959956,77.71938,87.98,0.5546,0.52,0.6151,Critical
SOUTH BANGALORE,12.928824,77.58946,87.96,0.6071,0.6245,0.4788,Critical
SOUTH BANGALORE,12.920589,77.632645,87.95,0.5889,0.5498,0.5843,Critical
SOUTH BANGALORE,12.870457,77.61203,87.93,0.6445,0.5007,0.6486,Critical
NORTH BANGALORE,12.94757,77.60004,87.88,0.5959,0.5529,0.5843,Critical
SOUTH BANGALORE,12.919173,77.63651,87.88,0.5547,0.6192,0.4788,Critical
SOUTH BANGALORE,12.916424,77.64238,87.84,0.5639,0.65,0.4334,Critical
SOUTH BANGALORE,12.944492,77.60903,87.81,0.6689,0.6059,0.5031,Critical
SOUTHEAST / IT CORRIDOR,12.914001,77.61978,87.75,0.583,0.5255,0.6151,Critical
SOUTH BANGALORE,12.930328,77.6027,87.74,0.6503,0.6053,0.5031,Critical
NORTH BANGALORE,13.047451,77.63148,87.73,0.6067,0.5265,0.6151,Critical
WEST BANGALORE,12.988943,77.541245,87.72,0.5859,0.5756,0.5556,Critical
SOUTH BANGALORE,12.918886,77.63695,87.72,0.6429,0.6153,0.4788,Critical
SOUTH BANGALORE,12.926511,77.60447,87.7,0.682,0.6065,0.5031,Critical
NORTH BANGALORE,12.946052,77.591354,87.65,0.6584,0.5893,0.5286,Critical
NORTH BANGALORE,12.945416,77.597305,87.58,0.6331,0.549,0.5843,Critical
SOUTH BANGALORE,12.921531,77.63286,87.54,0.6539,0.6168,0.4788,Critical
EAST BANGALORE,12.974833,77.71304,87.52,0.6394,0.5684,0.5556,Critical
SOUTH BANGALORE,12.872813,77.601524,87.51,0.6659,0.6201,0.4788,Critical
WEST BANGALORE,13.028058,77.536766,87.5,0.5879,0.553,0.5843,Critical
SOUTH BANGALORE,12.867674,77.61267,87.44,0.6326,0.5007,0.6486,Critical
NORTH BANGALORE,13.052907,77.60063,87.37,0.646,0.5485,0.5843,Critical
SOUTH BANGALORE,12.94921,77.60537,87.33,0.6237,0.5518,0.5843,Critical
SOUTH BANGALORE,12.922917,77.606766,87.31,0.6347,0.5077,0.6486,Critical
NORTH BANGALORE,13.005807,77.57734,87.3,0.5727,0.5322,0.6151,Critical
WEST BANGALORE,12.970588,77.63897,87.29,0.6596,0.7486,0.263,Critical
WEST BANGALORE,13.016636,77.54125,87.23,0.6109,0.5815,0.5286,Critical
SOUTH BANGALORE,12.860091,77.59405,87.19,0.6251,0.6223,0.4788,Critical
EAST BANGALORE,12.9359,77.69988,87.06,0.5776,0.6249,0.4788,Critical
EAST BANGALORE,12.934207,77.7097,87.04,0.674,0.5472,0.5843,Critical
WEST BANGALORE,13.015011,77.53964,87.03,0.6348,0.5454,0.5843,Critical
WEST BANGALORE,12.980058,77.63433,86.95,0.4666,0.7608,0.2464,Critical
NORTH BANGALORE,13.048848,77.63212,86.95,0.6081,0.5217,0.6151,Critical
EAST BANGALORE,12.959895,77.72029,86.94,0.6185,0.5185,0.6151,Critical
WEST BANGALORE,12.977559,77.63658,86.91,0.497,0.8169,0.1538,Critical
EAST BANGALORE,12.925951,77.67792,86.9,0.6541,0.5213,0.6151,Critical
SOUTH BANGALORE,12.926505,77.61067,86.88,0.6073,0.6389,0.4557,Critical
SOUTH BANGALORE,12.922005,77.634094,86.83,0.5706,0.5887,0.5286,Critical
SOUTH BANGALORE,12.94179,77.60756,86.82,0.631,0.6409,0.4557,Critical
SOUTH BANGALORE,12.934981,77.578186,86.75,0.6208,0.7149,0.3333,Critical
EAST BANGALORE,12.957292,77.71861,86.68,0.5738,0.5225,0.6151,Critical
EAST BANGALORE,12.967827,77.718704,86.68,0.6106,0.5308,0.6151,Critical
EAST BANGALORE,12.982059,77.71655,86.65,0.6034,0.5263,0.6151,Critical
LOGISTICS / HIGH TRAFFIC ZONES,12.968771,77.58159,86.63,0.5802,0.5946,0.5286,Critical
NORTH BANGALORE,13.050062,77.6038,86.63,0.5499,0.5047,0.6486,Critical
LOGISTICS / HIGH TRAFFIC ZONES,12.968755,77.58429,86.62,0.6252,0.5528,0.5843,Critical
SOUTH BANGALORE,12.947738,77.57084,86.62,0.6001,0.5271,0.6151,Critical
SOUTHEAST / IT CORRIDOR,12.965242,77.64409,86.61,0.5314,0.5925,0.5286,Critical
SOUTH BANGALORE,12.92957,77.598114,86.6,0.5992,0.5021,0.6486,Critical
EAST BANGALORE,12.981872,77.7167,86.6,0.6549,0.5228,0.6151,Critical
SOUTHEAST / IT CORRIDOR,12.915936,77.61365,86.59,0.5224,0.6497,0.4334,Critical
WEST BANGALORE,13.012588,77.55032,86.52,0.6479,0.5008,0.6486,Critical
SOUTHEAST / IT CORRIDOR,12.957086,77.64204,86.51,0.5894,0.6243,0.4788,Critical
WEST BANGALORE,13.026831,77.53915,86.5,0.5548,0.5928,0.5286,Critical
SOUTH BANGALORE,12.943996,77.60347,86.48,0.6605,0.6061,0.5031,Critical
SOUTHEAST / IT CORRIDOR,12.918137,77.63396,86.48,0.5756,0.5866,0.5286,Critical
EAST BANGALORE,12.935795,77.70127,86.44,0.6369,0.6202,0.4788,Critical
EAST BANGALORE,12.966058,77.714195,86.38,0.5702,0.571,0.5556,Critical
NORTH BANGALORE,13.07171,77.583466,86.37,0.5832,0.5268,0.6151,Critical
SOUTH BANGALORE,12.873932,77.60638,86.36,0.6754,0.5005,0.6486,Critical
SOUTH BANGALORE,12.934932,77.56927,86.35,0.5904,0.5547,0.5843,Critical
SOUTH BANGALORE,12.920694,77.63412,86.32,0.5269,0.5487,0.5843,Critical
SOUTH BANGALORE,12.927503,77.606255,86.32,0.6158,0.6071,0.5031,Critical
SOUTH BANGALORE,12.92805,77.607994,86.25,0.6293,0.6064,0.5031,Critical
SOUTH BANGALORE,12.920828,77.635124,86.21,0.6232,0.5439,0.5843,Critical
SOUTHEAST / IT CORRIDOR,12.92042,77.61121,86.2,0.5679,0.5901,0.5286,Critical
WEST BANGALORE,13.016473,77.540436,86.2,0.686,0.5821,0.5286,Critical
NORTH BANGALORE,13.048106,77.600586,86.19,0.6301,0.6363,0.4557,Critical
WEST BANGALORE,12.973396,77.63069,86.19,0.5632,0.618,0.4788,Critical
SOUTHEAST / IT CORRIDOR,12.962297,77.64264,86.18,0.629,0.584,0.5286,Critical
SOUTHEAST / IT CORRIDOR,12.917402,77.63283,86.15,0.6122,0.5495,0.5843,Critical
SOUTH BANGALORE,12.915921,77.6127,86.12,0.5519,0.6516,0.4334,Critical
LOGISTICS / HIGH TRAFFIC ZONES,12.970396,77.58382,86.11,0.6028,0.5533,0.5843,Critical
SOUTHEAST / IT CORRIDOR,12.910053,77.633224,86.09,0.5954,0.505,0.6486,Critical
SOUTH BANGALORE,12.925992,77.59809,86.08,0.6381,0.5003,0.6486,Critical
SOUTH BANGALORE,12.94898,77.60521,86.07,0.6464,0.5504,0.5843,Critical
EAST BANGALORE,12.935847,77.70526,86.06,0.6539,0.6208,0.4788,Critical
SOUTHEAST / IT CORRIDOR,12.917199,77.64611,86.04,0.553,0.5273,0.6151,Critical
LOGISTICS / HIGH TRAFFIC ZONES,12.912311,77.627174,86.0,0.6066,0.5539,0.5843,Critical
SOUTHEAST / IT CORRIDOR,12.965269,77.64062,85.98,0.6397,0.5869,0.5286,Critical
SOUTH BANGALORE,12.937432,77.61157,85.97,0.6261,0.6677,0.4121,Critical
NORTH BANGALORE,12.94629,77.59166,85.94,0.6581,0.587,0.5286,Critical
LOGISTICS / HIGH TRAFFIC ZONES,13.00785,77.56668,85.93,0.6016,0.5485,0.5843,Critical
SOUTHEAST / IT CORRIDOR,12.965829,77.644165,85.88,0.6129,0.5884,0.5286,Critical
WEST BANGALORE,13.014606,77.5333,85.88,0.6278,0.5503,0.5843,Critical
CENTRAL BANGALORE,12.992255,77.5919,85.87,0.5743,0.5327,0.6151,Critical
SOUTH BANGALORE,12.913643,77.639336,85.85,0.5488,0.6513,0.4334,Critical
SOUTHEAST / IT CORRIDOR,12.963767,77.64094,85.78,0.6486,0.5855,0.5286,Critical
WEST BANGALORE,13.02909,77.528984,85.71,0.6311,0.5027,0.6486,Critical
SOUTHEAST / IT CORRIDOR,12.917757,77.64381,85.71,0.5364,0.6226,0.4788,Critical
WEST BANGALORE,13.01713,77.532295,85.7,0.6718,0.5454,0.5843,Critical
SOUTH BANGALORE,12.91301,77.64105,85.69,0.5833,0.6507,0.4334,Critical
SOUTH BANGALORE,12.910908,77.64202,85.67,0.5261,0.627,0.4788,Critical
LOGISTICS / HIGH TRAFFIC ZONES,12.915628,77.617134,85.66,0.5519,0.5692,0.5556,Critical
SOUTHEAST / IT CORRIDOR,12.91435,77.61898,85.65,0.5505,0.5695,0.5556,Critical
WEST BANGALORE,13.026731,77.53873,85.65,0.6672,0.5893,0.5286,Critical
LOGISTICS / HIGH TRAFFIC ZONES,13.007637,77.56814,85.62,0.5617,0.5949,0.5286,Critical
SOUTH BANGALORE,12.92252,77.58614,85.62,0.5833,0.629,0.4788,Critical
SOUTH BANGALORE,12.921971,77.6094,85.6,0.611,0.5055,0.6486,Critical
EAST BANGALORE,12.968642,77.71839,85.58,0.7058,0.5212,0.6151,Critical
SOUTH BANGALORE,12.926573,77.60946,85.51,0.6236,0.6378,0.4557,Critical
SOUTH BANGALORE,12.927534,77.603325,85.47,0.5703,0.6107,0.5031,Critical
EAST BANGALORE,12.968528,77.71837,85.42,0.6228,0.527,0.6151,Critical
SOUTH BANGALORE,12.919861,77.61511,85.41,0.5592,0.5262,0.6151,Critical
EAST BANGALORE,12.926025,77.67759,85.41,0.6653,0.5186,0.6151,Critical
SOUTH BANGALORE,12.920667,77.61277,85.38,0.5805,0.5883,0.5286,Critical
SOUTHEAST / IT CORRIDOR,12.967831,77.639305,85.35,0.5468,0.6075,0.5031,Critical
SOUTHEAST / IT CORRIDOR,12.962067,77.64264,85.33,0.5978,0.5829,0.5286,Critical
SOUTH BANGALORE,12.946306,77.60302,85.33,0.5438,0.5563,0.5843,Critical
NORTH BANGALORE,12.9716,77.5946,85.32,0.5534,0.5251,0.6151,Critical
WEST BANGALORE,13.005988,77.55161,85.31,0.6912,0.5871,0.5286,Critical
SOUTHEAST / IT CORRIDOR,12.850049,77.64916,85.3,0.5514,0.506,0.6486,Critical
LOGISTICS / HIGH TRAFFIC ZONES,12.919477,77.61976,85.28,0.6033,0.5275,0.6151,Critical
SOUTHEAST / IT CORRIDOR,12.908561,77.640594,85.28,0.5411,0.5952,0.5286,Critical
SOUTH BANGALORE,12.942908,77.60317,85.26,0.6095,0.6091,0.5031,Critical
NORTH BANGALORE,13.047591,77.63235,85.23,0.5281,0.5271,0.6151,Critical
EAST BANGALORE,12.960423,77.71716,85.21,0.5482,0.5218,0.6151,Critical
SOUTH BANGALORE,12.950973,77.60263,85.21,0.6783,0.5474,0.5843,Critical
SOUTH BANGALORE,12.919021,77.63362,85.2,0.6272,0.5476,0.5843,Critical
SOUTH BANGALORE,12.943066,77.60852,85.17,0.6123,0.6363,0.4557,Critical
WEST BANGALORE,13.001353,77.5557,85.16,0.5894,0.6246,0.4788,Critical
SOUTH BANGALORE,12.911757,77.62971,85.15,0.6378,0.5481,0.5843,Critical
SOUTH BANGALORE,12.9716,77.5946,85.13,0.5384,0.5309,0.6151,Critical
SOUTH BANGALORE,12.915457,77.62907,85.13,0.5967,0.5892,0.5286,Critical
SOUTH BANGALORE,12.926002,77.61644,85.12,0.5527,0.7257,0.3151,Critical
SOUTHEAST / IT CORRIDOR,12.848295,77.65212,85.08,0.5962,0.5942,0.5286,Critical
WEST BANGALORE,12.973643,77.63848,85.08,0.4702,0.7977,0.1835,Critical
SOUTH BANGALORE,12.944725,77.595604,85.02,0.6047,0.5519,0.5843,Critical
SOUTH BANGALORE,12.924398,77.60649,85.02,0.6766,0.5036,0.6486,Critical
WEST BANGALORE,12.975158,77.630714,85.01,0.5858,0.6745,0.3914,Critical
SOUTHEAST / IT CORRIDOR,12.915545,77.61678,84.99,0.5882,0.5706,0.5556,Critical
EAST BANGALORE,12.948884,77.71437,84.99,0.566,0.5028,0.6486,Critical
SOUTHEAST / IT CORRIDOR,12.923587,77.61769,84.98,0.5385,0.636,0.4557,Critical
SOUTH BANGALORE,12.926189,77.60562,84.97,0.6119,0.6091,0.5031,Critical
NORTH BANGALORE,13.044428,77.60109,84.95,0.5657,0.6118,0.5031,Critical
EAST BANGALORE,12.927631,77.677666,84.91,0.6431,0.5199,0.6151,Critical
EAST BANGALORE,12.933278,77.705765,84.89,0.6512,0.547,0.5843,Critical
EAST BANGALORE,12.959895,77.72029,84.88,0.6043,0.5207,0.6151,Critical
SOUTH BANGALORE,12.923222,77.61414,84.82,0.5641,0.5908,0.5286,Critical
SOUTH BANGALORE,12.943122,77.60891,84.76,0.6157,0.6385,0.4557,Critical
EAST BANGALORE,12.982203,77.71668,84.75,0.6689,0.5261,0.6151,Critical
SOUTH BANGALORE,12.941259,77.60363,84.73,0.6636,0.61,0.5031,Critical
SOUTH BANGALORE,12.924962,77.614,84.73,0.5519,0.6818,0.3914,Critical
SOUTHEAST / IT CORRIDOR,12.922927,77.62293,84.72,0.5723,0.6924,0.3715,Critical
SOUTHEAST / IT CORRIDOR,12.921056,77.61645,84.71,0.5966,0.5669,0.5556,Critical
NORTH BANGALORE,13.032837,77.59053,84.71,0.5443,0.5932,0.5286,Critical
SOUTH BANGALORE,12.941404,77.59986,84.69,0.6443,0.6076,0.5031,Critical
WEST BANGALORE,12.995568,77.55537,84.67,0.5873,0.5287,0.6151,Critical
SOUTH BANGALORE,12.950088,77.60247,84.66,0.6863,0.5463,0.5843,Critical
SOUTH BANGALORE,12.947578,77.573265,84.65,0.5313,0.5681,0.5556,Critical
WEST BANGALORE,13.000176,77.566,84.64,0.5315,0.6268,0.4788,Critical
SOUTHEAST / IT CORRIDOR,12.901867,77.67713,84.63,0.6152,0.5215,0.6151,Critical
EAST BANGALORE,12.955077,77.69381,84.6,0.5443,0.5326,0.6151,Critical
SOUTHEAST / IT CORRIDOR,12.964296,77.63969,84.57,0.7091,0.5854,0.5286,Critical
WEST BANGALORE,13.017043,77.541916,84.55,0.6207,0.5835,0.5286,Critical
EAST BANGALORE,12.968055,77.71901,84.52,0.6061,0.5212,0.6151,Critical
SOUTH BANGALORE,12.925474,77.60495,84.51,0.6261,0.5032,0.6486,Critical
SOUTHEAST / IT CORRIDOR,12.926226,77.61115,84.5,0.6125,0.6667,0.4121,Critical
SOUTH BANGALORE,12.919021,77.63617,84.5,0.557,0.5854,0.5286,Critical
WEST BANGALORE,12.989897,77.539154,84.48,0.5914,0.5274,0.6151,Critical
WEST BANGALORE,13.003792,77.57622,84.48,0.6119,0.6064,0.5031,Critical
SOUTHEAST / IT CORRIDOR,12.91512,77.63892,84.47,0.5506,0.6475,0.4334,Critical
SOUTH BANGALORE,12.942977,77.60615,84.45,0.6677,0.6082,0.5031,Critical
EAST BANGALORE,12.937768,77.71195,84.44,0.6698,0.5458,0.5843,Critical
EAST BANGALORE,12.957741,77.71853,84.42,0.5317,0.5239,0.6151,Critical
SOUTHEAST / IT CORRIDOR,12.917345,77.62957,84.41,0.5527,0.5924,0.5286,Critical
CENTRAL BANGALORE,12.993197,77.59252,84.41,0.5617,0.5309,0.6151,Critical
EAST BANGALORE,12.936844,77.70117,84.41,0.6302,0.6229,0.4788,Critical
WEST BANGALORE,13.014586,77.54129,84.41,0.5995,0.5491,0.5843,Critical
SOUTH BANGALORE,12.914789,77.61591,84.39,0.5598,0.6007,0.5031,Critical
WEST BANGALORE,12.973959,77.62892,84.39,0.624,0.5844,0.5286,Critical
SOUTHEAST / IT CORRIDOR,12.958758,77.63924,84.39,0.6409,0.5852,0.5286,Critical
SOUTH BANGALORE,12.925733,77.60412,84.38,0.6423,0.5026,0.6486,Critical
SOUTH BANGALORE,12.914532,77.6302,84.38,0.5562,0.592,0.5286,Critical
EAST BANGALORE,12.982454,77.71641,84.38,0.5769,0.5299,0.6151,Critical
SOUTH BANGALORE,12.943711,77.599304,84.37,0.643,0.5551,0.5843,Critical
SOUTH BANGALORE,12.864858,77.61461,84.37,0.6004,0.5032,0.6486,Critical
SOUTH BANGALORE,12.901799,77.584595,84.34,0.5543,0.5265,0.6151,Critical
SOUTH BANGALORE,12.861541,77.61246,84.34,0.7011,0.5005,0.6486,Critical
WEST BANGALORE,13.003472,77.559814,84.32,0.62,0.5933,0.5286,Critical
WEST BANGALORE,12.991703,77.53896,84.3,0.5748,0.5696,0.5556,Critical
NORTH BANGALORE,13.033078,77.59018,84.29,0.5625,0.5955,0.5286,Critical
SOUTH BANGALORE,12.940274,77.60123,84.27,0.6135,0.61,0.5031,Critical
SOUTH BANGALORE,12.920838,77.59847,84.24,0.6653,0.5005,0.6486,Critical
SOUTH BANGALORE,12.868491,77.61133,84.23,0.6806,0.5019,0.6486,Critical
SOUTHEAST / IT CORRIDOR,12.923197,77.66812,84.22,0.6788,0.5628,0.5556,Critical
NORTH BANGALORE,13.050103,77.60153,84.19,0.6673,0.5457,0.5843,Critical
SOUTHEAST / IT CORRIDOR,12.913188,77.63092,84.15,0.5935,0.5856,0.5286,Critical
WEST BANGALORE,13.017019,77.53811,84.14,0.6742,0.5839,0.5286,Critical
SOUTH BANGALORE,12.949167,77.603455,84.11,0.6425,0.5521,0.5843,Critical
EAST BANGALORE,12.936223,77.701515,84.08,0.6433,0.6223,0.4788,Critical
SOUTHEAST / IT CORRIDOR,12.906564,77.636986,84.08,0.5426,0.5096,0.6486,Critical
SOUTH BANGALORE,12.922694,77.63479,84.08,0.5808,0.6222,0.4788,Critical
SOUTH BANGALORE,12.943989,77.6071,84.08,0.6121,0.6095,0.5031,Critical
SOUTH BANGALORE,12.858648,77.60918,84.07,0.6418,0.5019,0.6486,Critical
SOUTHEAST / IT CORRIDOR,12.91548,77.627884,84.06,0.6471,0.5489,0.5843,Critical
LOGISTICS / HIGH TRAFFIC ZONES,12.968851,77.58141,84.05,0.5099,0.5952,0.5286,Critical
WEST BANGALORE,13.019319,77.53013,84.04,0.6267,0.5044,0.6486,Critical
NORTH BANGALORE,13.049394,77.6294,84.03,0.5413,0.5285,0.6151,Critical
LOGISTICS / HIGH TRAFFIC ZONES,13.021072,77.529175,84.03,0.6896,0.5051,0.6486,Critical
SOUTH BANGALORE,12.908791,77.63625,83.97,0.5886,0.5511,0.5843,Critical
WEST BANGALORE,12.973927,77.62949,83.93,0.6427,0.5842,0.5286,Critical
EAST BANGALORE,12.958144,77.719986,83.9,0.5757,0.5228,0.6151,Critical
EAST BANGALORE,12.935998,77.700775,83.87,0.637,0.6222,0.4788,Critical
SOUTH BANGALORE,12.923398,77.63262,83.86,0.5918,0.588,0.5286,Critical
SOUTHEAST / IT CORRIDOR,12.927669,77.610634,83.86,0.5997,0.7153,0.3333,Critical
SOUTHEAST / IT CORRIDOR,12.913493,77.63376,83.85,0.6175,0.5851,0.5286,Critical
NORTH BANGALORE,12.950589,77.599846,83.85,0.6313,0.5517,0.5843,Critical
WEST BANGALORE,12.980941,77.63037,83.85,0.5559,0.6503,0.4334,Critical
SOUTH BANGALORE,12.943101,77.57959,83.82,0.6185,0.5647,0.5556,Critical
WEST BANGALORE,12.921313,77.5087,83.81,0.6681,0.5007,0.6486,Critical
WEST BANGALORE,13.028205,77.53762,83.79,0.635,0.5514,0.5843,Critical
WEST BANGALORE,13.017605,77.53743,83.79,0.6453,0.5832,0.5286,Critical
SOUTH BANGALORE,12.92008,77.62964,83.76,0.5699,0.6236,0.4788,Critical
NORTH BANGALORE,12.94552,77.59796,83.74,0.6723,0.5525,0.5843,Critical
EAST BANGALORE,12.940845,77.70196,83.74,0.6848,0.5886,0.5286,Critical
SOUTH BANGALORE,12.909052,77.63067,83.71,0.5828,0.5047,0.6486,Critical
EAST BANGALORE,12.961841,77.72044,83.7,0.6214,0.5214,0.6151,Critical
SOUTH BANGALORE,12.925477,77.605545,83.69,0.6413,0.6086,0.5031,Critical
SOUTH BANGALORE,12.917956,77.63198,83.68,0.6051,0.587,0.5286,Critical
EAST BANGALORE,12.939369,77.70428,83.67,0.6324,0.6226,0.4788,Critical
LOGISTICS / HIGH TRAFFIC ZONES,12.916605,77.62703,83.65,0.6095,0.5513,0.5843,Critical
SOUTHEAST / IT CORRIDOR,12.908232,77.63189,83.63,0.6233,0.5023,0.6486,Critical
LOGISTICS / HIGH TRAFFIC ZONES,13.008281,77.56634,83.62,0.6441,0.5487,0.5843,Critical
WEST BANGALORE,12.991343,77.55609,83.62,0.5496,0.5774,0.5556,Critical
EAST BANGALORE,12.936846,77.70459,83.6,0.6751,0.6237,0.4788,Critical
SOUTH BANGALORE,12.926674,77.60081,83.57,0.5423,0.5085,0.6486,Critical
EAST BANGALORE,12.961375,77.722885,83.57,0.6493,0.5198,0.6151,Critical
SOUTHEAST / IT CORRIDOR,12.967397,77.63901,83.56,0.6346,0.6017,0.5031,Critical
SOUTH BANGALORE,12.923587,77.61769,83.56,0.5497,0.6372,0.4557,Critical
CENTRAL BANGALORE,12.992775,77.59283,83.54,0.6304,0.5257,0.6151,Critical
NORTH BANGALORE,12.946576,77.591576,83.52,0.63,0.5857,0.5286,Critical
NORTH BANGALORE,13.051259,77.5975,83.51,0.6486,0.6388,0.4557,Critical
NORTH BANGALORE,12.946319,77.59262,83.51,0.6385,0.5494,0.5843,Critical
EAST BANGALORE,12.959116,77.72201,83.51,0.6204,0.5201,0.6151,Critical
WEST BANGALORE,12.976782,77.62961,83.5,0.5932,0.6473,0.4334,Critical
SOUTHEAST / IT CORRIDOR,12.921115,77.61744,83.47,0.5562,0.6667,0.4121,Critical
SOUTH BANGALORE,12.915741,77.630325,83.46,0.6003,0.5894,0.5286,Critical
SOUTHEAST / IT CORRIDOR,12.911762,77.63662,83.46,0.5913,0.6232,0.4788,Critical
SOUTHEAST / IT CORRIDOR,12.962559,77.64334,83.46,0.5348,0.5864,0.5286,Critical
LOGISTICS / HIGH TRAFFIC ZONES,12.917169,77.628746,83.43,0.5943,0.5928,0.5286,Critical
SOUTH BANGALORE,12.933032,77.588036,83.42,0.5961,0.6274,0.4788,Critical
LOGISTICS / HIGH TRAFFIC ZONES,12.958515,77.57699,83.4,0.6262,0.6524,0.4334,Critical
WEST BANGALORE,12.994085,77.53987,83.39,0.5938,0.572,0.5556,Critical
SOUTHEAST / IT CORRIDOR,12.917122,77.633804,83.37,0.6068,0.5878,0.5286,Critical
LOGISTICS / HIGH TRAFFIC ZONES,12.918646,77.63073,83.33,0.6151,0.5908,0.5286,Critical
WEST BANGALORE,13.007749,77.56342,83.31,0.6169,0.5915,0.5286,Critical
SOUTH BANGALORE,12.858418,77.61006,83.3,0.6225,0.502,0.6486,Critical
WEST BANGALORE,13.004911,77.55122,83.3,0.6483,0.5888,0.5286,Critical
SOUTH BANGALORE,12.938133,77.57862,83.29,0.6155,0.7159,0.3333,Critical
WEST BANGALORE,12.992202,77.53993,83.29,0.6102,0.5677,0.5556,Critical
LOGISTICS / HIGH TRAFFIC ZONES,12.92201,77.61847,83.29,0.5598,0.6381,0.4557,Critical
SOUTH BANGALORE,12.943496,77.60701,83.26,0.5781,0.6075,0.5031,Critical
EAST BANGALORE,12.98187,77.71644,83.26,0.6651,0.5243,0.6151,Critical
SOUTH BANGALORE,12.925673,77.60294,83.24,0.6015,0.506,0.6486,Critical
EAST BANGALORE,12.935077,77.70296,83.22,0.5835,0.6225,0.4788,Critical
NORTH BANGALORE,13.034888,77.5935,83.2,0.5531,0.6715,0.4121,Critical
EAST BANGALORE,12.958718,77.72105,83.19,0.5871,0.5195,0.6151,Critical
NORTH BANGALORE,13.049007,77.60225,83.18,0.607,0.5531,0.5843,Critical
WEST BANGALORE,12.996612,77.54388,83.16,0.5914,0.6088,0.5031,Critical
SOUTHEAST / IT CORRIDOR,12.914344,77.62649,83.13,0.6482,0.549,0.5843,Critical
NORTH BANGALORE,12.957099,77.58759,83.1,0.6196,0.5296,0.6151,Critical
NORTH BANGALORE,12.943219,77.59278,83.09,0.6346,0.5008,0.6486,Critical
WEST BANGALORE,12.996592,77.56496,83.08,0.5514,0.5299,0.6151,Critical
WEST BANGALORE,12.978271,77.55307,83.05,0.5405,0.5283,0.6151,Critical
SOUTH BANGALORE,12.868176,77.59572,83.05,0.6807,0.6516,0.4334,Critical
LOGISTICS / HIGH TRAFFIC ZONES,12.965239,77.57177,83.04,0.6216,0.5952,0.5286,Critical
NORTH BANGALORE,13.039662,77.62676,82.99,0.522,0.5332,0.6151,Critical
NORTH BANGALORE,13.03802,77.591385,82.99,0.5653,0.6686,0.4121,Critical
SOUTH BANGALORE,12.946338,77.5918,82.99,0.6083,0.5921,0.5286,Critical
SOUTH BANGALORE,12.916115,77.636536,82.98,0.5046,0.6535,0.4334,Critical
SOUTHEAST / IT CORRIDOR,12.918183,77.62898,82.95,0.6116,0.5889,0.5286,Critical
WEST BANGALORE,12.988932,77.53865,82.93,0.6063,0.5285,0.6151,Critical
EAST BANGALORE,12.978885,77.71299,82.89,0.6113,0.5241,0.6151,Critical
WEST BANGALORE,12.965129,77.56474,82.88,0.581,0.507,0.6486,Critical
SOUTH BANGALORE,12.919917,77.62905,82.87,0.6365,0.5883,0.5286,Critical
SOUTH BANGALORE,12.941168,77.6021,82.86,0.5791,0.6105,0.5031,Critical
LOGISTICS / HIGH TRAFFIC ZONES,12.915421,77.6275,82.86,0.5654,0.5519,0.5843,Critical
SOUTH BANGALORE,12.943724,77.60841,82.86,0.6872,0.6041,0.5031,Critical
WEST BANGALORE,12.998637,77.56377,82.85,0.6505,0.6517,0.4334,Critical
CENTRAL BANGALORE,12.985572,77.59795,82.85,0.6259,0.5521,0.5843,Critical
SOUTH BANGALORE,12.931582,77.5988,82.84,0.5593,0.5033,0.6486,Critical
EAST BANGALORE,12.955362,77.719826,82.8,0.6314,0.5237,0.6151,Critical
LOGISTICS / HIGH TRAFFIC ZONES,12.91742,77.61723,82.78,0.6049,0.5658,0.5556,Critical
SOUTH BANGALORE,12.942249,77.58078,82.77,0.6039,0.6028,0.5031,Critical
SOUTH BANGALORE,12.935012,77.581184,82.77,0.6044,0.6964,0.3715,Critical
NORTH BANGALORE,13.051258,77.60184,82.76,0.6445,0.5477,0.5843,Critical
EAST BANGALORE,12.933566,77.70878,82.75,0.605,0.5494,0.5843,Critical
SOUTHEAST / IT CORRIDOR,12.968279,77.64035,82.71,0.6291,0.6373,0.4557,Critical
SOUTH BANGALORE,12.913921,77.612274,82.69,0.559,0.6539,0.4334,Critical
SOUTH BANGALORE,12.945509,77.56829,82.68,0.5967,0.5268,0.6151,Critical
SOUTH BANGALORE,12.952637,77.6016,82.66,0.6546,0.548,0.5843,Critical
CENTRAL BANGALORE,12.992044,77.59257,82.62,0.6144,0.5291,0.6151,Critical
SOUTH BANGALORE,12.925489,77.63813,82.62,0.6368,0.5015,0.6486,Critical
WEST BANGALORE,13.006177,77.54837,82.61,0.6277,0.5497,0.5843,Critical
WEST BANGALORE,12.98383,77.63402,82.59,0.5377,0.703,0.3521,Critical
WEST BANGALORE,12.981671,77.55895,82.59,0.633,0.5275,0.6151,Critical
SOUTHEAST / IT CORRIDOR,12.916983,77.61877,82.56,0.5423,0.5324,0.6151,Critical
SOUTH BANGALORE,12.927503,77.606255,82.56,0.6268,0.6061,0.5031,Critical
WEST BANGALORE,12.986977,77.53983,82.55,0.5316,0.5355,0.6151,Critical
WEST BANGALORE,12.992039,77.543816,82.51,0.6058,0.5724,0.5556,Critical
SOUTHEAST / IT CORRIDOR,12.962166,77.63753,82.49,0.6436,0.5877,0.5286,Critical
SOUTH BANGALORE,12.929589,77.60877,82.48,0.5867,0.6722,0.4121,Critical
WEST BANGALORE,12.999793,77.55843,82.47,0.6234,0.6218,0.4788,Critical
SOUTH BANGALORE,12.92371,77.59749,82.45,0.5622,0.5047,0.6486,Critical
SOUTH BANGALORE,12.918749,77.62979,82.44,0.6046,0.5882,0.5286,Critical
SOUTH BANGALORE,12.91993,77.63491,82.43,0.5612,0.5884,0.5286,Critical
WEST BANGALORE,13.008198,77.56879,82.43,0.6044,0.6222,0.4788,Critical
LOGISTICS / HIGH TRAFFIC ZONES,12.917657,77.629166,82.41,0.6573,0.5884,0.5286,Critical
SOUTH BANGALORE,12.940315,77.58235,82.4,0.6285,0.6185,0.4788,Critical
NORTH BANGALORE,12.943685,77.59129,82.4,0.6166,0.5011,0.6486,Critical
SOUTHEAST / IT CORRIDOR,12.964829,77.64307,82.39,0.563,0.5905,0.5286,Critical
EAST BANGALORE,12.959054,77.718864,82.39,0.5738,0.5249,0.6151,Critical
SOUTH BANGALORE,12.950167,77.600845,82.33,0.5674,0.5522,0.5843,Critical
NORTH BANGALORE,13.050026,77.6007,82.32,0.5985,0.64,0.4557,Critical
WEST BANGALORE,13.019075,77.53667,82.31,0.5962,0.5866,0.5286,Critical
NORTH BANGALORE,12.949174,77.59759,82.3,0.561,0.5523,0.5843,Critical
AIRPORT & PERIPHERAL ZONES,12.9716,77.5946,82.29,0.6099,0.528,0.6151,Critical
LOGISTICS / HIGH TRAFFIC ZONES,12.915648,77.62735,82.27,0.6676,0.5471,0.5843,Critical
SOUTHEAST / IT CORRIDOR,12.914503,77.61941,82.27,0.5804,0.5256,0.6151,Critical
SOUTH BANGALORE,12.913945,77.63958,82.25,0.5432,0.6502,0.4334,Critical
SOUTH BANGALORE,12.926758,77.608826,82.25,0.6066,0.6055,0.5031,Critical
EAST BANGALORE,12.967373,77.71572,82.25,0.6366,0.5277,0.6151,Critical
WEST BANGALORE,12.990113,77.53968,82.24,0.6243,0.5665,0.5556,Critical
EAST BANGALORE,12.980838,77.73334,82.23,0.6378,0.5174,0.6151,Critical
SOUTHEAST / IT CORRIDOR,12.908146,77.63393,82.22,0.5624,0.5079,0.6486,Critical
WEST BANGALORE,12.986916,77.53867,82.21,0.6049,0.5307,0.6151,Critical
NORTH BANGALORE,12.946633,77.59054,82.18,0.6632,0.5491,0.5843,Critical
SOUTH BANGALORE,12.921114,77.60398,82.17,0.6311,0.5069,0.6486,Critical
NORTH BANGALORE,13.038974,77.63012,82.14,0.5452,0.5279,0.6151,Critical
CENTRAL BANGALORE,12.993266,77.59297,82.12,0.657,0.5242,0.6151,Critical
CENTRAL BANGALORE,13.00024,77.58088,82.09,0.6121,0.571,0.5556,Critical
NORTH BANGALORE,13.007167,77.57563,82.08,0.6122,0.5272,0.6151,Critical
SOUTH BANGALORE,12.939706,77.59965,82.08,0.6931,0.6028,0.5031,Critical
EAST BANGALORE,12.938015,77.702896,82.06,0.6617,0.5897,0.5286,Critical
SOUTH BANGALORE,12.922189,77.633095,82.04,0.5807,0.6205,0.4788,Critical
WEST BANGALORE,12.993877,77.53928,82.03,0.5518,0.569,0.5556,Critical
SOUTH BANGALORE,12.907732,77.57358,81.98,0.6027,0.5254,0.6151,Critical
SOUTH BANGALORE,12.909272,77.63536,81.95,0.5913,0.5017,0.6486,Critical
SOUTH BANGALORE,12.920313,77.63621,81.94,0.5922,0.5877,0.5286,Critical
SOUTHEAST / IT CORRIDOR,12.908441,77.63443,81.93,0.5712,0.5043,0.6486,Critical
WEST BANGALORE,13.017215,77.541504,81.91,0.6057,0.5866,0.5286,Critical
SOUTH BANGALORE,12.92734,77.63795,81.91,0.6164,0.549,0.5843,Critical
SOUTH BANGALORE,12.943927,77.60939,81.9,0.6612,0.6069,0.5031,Critical
LOGISTICS / HIGH TRAFFIC ZONES,12.915736,77.62598,81.89,0.5673,0.5607,0.5843,Critical
SOUTH BANGALORE,12.922053,77.6068,81.88,0.6594,0.5042,0.6486,Critical
NORTH BANGALORE,13.046638,77.6293,81.84,0.5313,0.5309,0.6151,Critical
SOUTH BANGALORE,12.942116,77.57814,81.8,0.6145,0.6505,0.4334,Critical
SOUTHEAST / IT CORRIDOR,12.967586,77.63852,81.8,0.6289,0.6011,0.5031,Critical
WEST BANGALORE,13.005767,77.551636,81.8,0.6693,0.6221,0.4788,Critical
SOUTH BANGALORE,12.941366,77.60717,81.78,0.5918,0.6425,0.4557,Critical
NORTH BANGALORE,12.944908,77.59235,81.75,0.6362,0.5518,0.5843,Critical
SOUTHEAST / IT CORRIDOR,12.968017,77.64276,81.75,0.5866,0.6933,0.3715,Critical
NORTH BANGALORE,13.051459,77.60263,81.75,0.6077,0.5526,0.5843,Critical
WEST BANGALORE,12.995555,77.54092,81.73,0.5934,0.5736,0.5556,Critical
SOUTH BANGALORE,12.927493,77.60305,81.73,0.6634,0.606,0.5031,Critical
SOUTH BANGALORE,12.873761,77.600525,81.72,0.6663,0.6188,0.4788,Critical
WEST BANGALORE,13.007139,77.54807,81.68,0.6397,0.5009,0.6486,Critical
NORTH BANGALORE,13.04802,77.603745,81.67,0.5971,0.5016,0.6486,Critical
WEST BANGALORE,12.988985,77.540375,81.66,0.5524,0.5746,0.5556,Critical
CENTRAL BANGALORE,12.999493,77.58073,81.64,0.5293,0.5336,0.6151,Critical
LOGISTICS / HIGH TRAFFIC ZONES,12.91736,77.61725,81.63,0.5784,0.572,0.5556,Critical
NORTH BANGALORE,13.004694,77.57886,81.62,0.6212,0.5304,0.6151,Critical
EAST BANGALORE,12.938848,77.7039,81.61,0.6305,0.6242,0.4788,Critical
EAST BANGALORE,12.968869,77.71915,81.57,0.6372,0.527,0.6151,Critical
AIRPORT & PERIPHERAL ZONES,12.9716,77.5946,81.55,0.506,0.5336,0.6151,Critical
NORTH BANGALORE,12.955567,77.58988,81.54,0.6653,0.5649,0.5556,Critical
WEST BANGALORE,12.988108,77.53863,81.54,0.6479,0.5231,0.6151,Critical
SOUTH BANGALORE,12.925372,77.59668,81.54,0.6287,0.503,0.6486,Critical
EAST BANGALORE,12.954882,77.721,81.53,0.5266,0.5338,0.6151,Critical
SOUTHEAST / IT CORRIDOR,12.908569,77.63718,81.52,0.596,0.5907,0.5286,Critical
SOUTH BANGALORE,12.921559,77.63493,81.52,0.5994,0.549,0.5843,Critical
EAST BANGALORE,12.94826,77.714714,81.5,0.6275,0.5472,0.5843,Critical
WEST BANGALORE,12.982006,77.629166,81.47,0.5677,0.5495,0.5843,Critical
SOUTH BANGALORE,12.922297,77.6342,81.46,0.6138,0.6233,0.4788,Critical
NORTH BANGALORE,13.046968,77.60254,81.42,0.573,0.6101,0.5031,Critical
WEST BANGALORE,13.026606,77.53989,81.42,0.629,0.5878,0.5286,Critical
LOGISTICS / HIGH TRAFFIC ZONES,12.912704,77.6279,81.4,0.6201,0.5501,0.5843,Critical
SOUTH BANGALORE,12.925788,77.61453,81.39,0.5492,0.7028,0.3521,Critical
EAST BANGALORE,12.934082,77.70451,81.37,0.6212,0.6213,0.4788,Critical
SOUTH BANGALORE,12.919504,77.63009,81.34,0.6212,0.5847,0.5286,Critical
WEST BANGALORE,12.976281,77.55285,81.34,0.6008,0.5274,0.6151,Critical
SOUTHEAST / IT CORRIDOR,12.920894,77.61942,81.34,0.5673,0.609,0.5031,Critical
SOUTHEAST / IT CORRIDOR,12.907762,77.63016,81.34,0.5713,0.5078,0.6486,Critical
WEST BANGALORE,13.028595,77.53386,81.33,0.5689,0.5541,0.5843,Critical
SOUTH BANGALORE,12.94158,77.60692,81.32,0.5797,0.6415,0.4557,Critical
SOUTH BANGALORE,12.933376,77.61091,81.32,0.595,0.6947,0.3715,Critical
LOGISTICS / HIGH TRAFFIC ZONES,13.014275,77.56564,81.32,0.5843,0.5552,0.5843,Critical
NORTH BANGALORE,12.946901,77.5918,81.31,0.6484,0.5885,0.5286,Critical
SOUTH BANGALORE,12.917642,77.61573,81.3,0.5738,0.5687,0.5556,Critical
CENTRAL BANGALORE,12.973164,77.630714,81.3,0.6149,0.6164,0.4788,Critical
NORTH BANGALORE,13.045963,77.62966,81.3,0.5264,0.5724,0.5556,Critical
SOUTH BANGALORE,12.863226,77.612465,81.29,0.6023,0.5006,0.6486,Critical
WEST BANGALORE,13.005544,77.552155,81.28,0.6127,0.6227,0.4788,Critical
SOUTH BANGALORE,12.945096,77.59773,81.24,0.613,0.5509,0.5843,Critical
SOUTH BANGALORE,12.866076,77.61348,81.24,0.6442,0.502,0.6486,Critical
WEST BANGALORE,12.996153,77.54213,81.22,0.6221,0.5694,0.5556,Critical
NORTH BANGALORE,13.007175,77.57459,81.19,0.6127,0.5268,0.6151,Critical
SOUTH BANGALORE,12.945174,77.59835,81.18,0.6098,0.553,0.5843,Critical
EAST BANGALORE,12.959457,77.72031,81.17,0.5593,0.522,0.6151,Critical
SOUTHEAST / IT CORRIDOR,12.91205,77.627525,81.17,0.6019,0.5473,0.5843,Critical
EAST BANGALORE,12.958609,77.71838,81.13,0.5678,0.5195,0.6151,Critical
NORTH BANGALORE,13.040332,77.62089,81.13,0.5621,0.5714,0.5556,Critical
SOUTHEAST / IT CORRIDOR,12.915145,77.61919,81.11,0.5348,0.5261,0.6151,Critical
SOUTH BANGALORE,12.873844,77.60216,81.1,0.6982,0.5843,0.5286,Critical
SOUTHEAST / IT CORRIDOR,12.921688,77.61277,81.07,0.569,0.5923,0.5286,Critical
EAST BANGALORE,12.979157,77.71318,81.07,0.569,0.5336,0.6151,Critical
SOUTH BANGALORE,12.940482,77.601814,81.06,0.6933,0.6049,0.5031,Critical
WEST BANGALORE,12.997353,77.53996,81.06,0.5662,0.5294,0.6151,Critical
LOGISTICS / HIGH TRAFFIC ZONES,13.009357,77.56528,81.04,0.5454,0.5561,0.5843,Critical
SOUTH BANGALORE,12.902266,77.58171,81.0,0.4344,0.5384,0.6151,Critical
LOGISTICS / HIGH TRAFFIC ZONES,12.966598,77.58348,81.0,0.6213,0.5911,0.5286,Critical
EAST BANGALORE,12.947938,77.71511,81.0,0.6349,0.5481,0.5843,Critical
SOUTH BANGALORE,12.927196,77.60769,80.98,0.6159,0.6083,0.5031,Critical
WEST BANGALORE,13.018671,77.534706,80.96,0.6227,0.5859,0.5286,Critical
NORTH BANGALORE,13.03922,77.622,80.94,0.4564,0.5806,0.5556,Critical
WEST BANGALORE,12.988366,77.53974,80.91,0.5751,0.5275,0.6151,Critical
EAST BANGALORE,12.959696,77.718575,80.9,0.5454,0.521,0.6151,Critical
EAST BANGALORE,12.938756,77.69867,80.89,0.6671,0.5898,0.5286,Critical
SOUTH BANGALORE,12.85968,77.6107,80.88,0.6502,0.502,0.6486,Critical
SOUTH BANGALORE,12.869534,77.6125,80.88,0.5984,0.5019,0.6486,Critical
EAST BANGALORE,12.968507,77.719086,80.87,0.6409,0.5253,0.6151,Critical
WEST BANGALORE,12.999371,77.5474,80.85,0.5936,0.5284,0.6151,Critical
SOUTH BANGALORE,12.943092,77.60166,80.85,0.6224,0.6097,0.5031,Critical
LOGISTICS / HIGH TRAFFIC ZONES,12.92057,77.617195,80.84,0.6045,0.5251,0.6151,Critical
SOUTH BANGALORE,12.937135,77.57827,80.83,0.6137,0.7174,0.3333,Critical
WEST BANGALORE,13.003205,77.57448,80.81,0.5623,0.6113,0.5031,Critical
SOUTH BANGALORE,12.924212,77.61014,80.81,0.5566,0.5065,0.6486,Critical
EAST BANGALORE,12.967215,77.716064,80.81,0.6604,0.5265,0.6151,Critical
SOUTH BANGALORE,12.933086,77.591034,80.79,0.6066,0.5502,0.5843,Critical
EAST BANGALORE,12.933211,77.70386,80.79,0.5598,0.534,0.6151,Critical
WEST BANGALORE,13.013956,77.54066,80.77,0.6696,0.5465,0.5843,Critical
SOUTHEAST / IT CORRIDOR,12.846697,77.67072,80.76,0.5627,0.5029,0.6486,Critical
WEST BANGALORE,12.998736,77.54359,80.75,0.5776,0.5323,0.6151,Critical
NORTH BANGALORE,12.951047,77.59536,80.74,0.5845,0.5559,0.5843,Critical
NORTH BANGALORE,13.051128,77.602104,80.72,0.5526,0.5529,0.5843,Critical
SOUTH BANGALORE,12.929697,77.60757,80.7,0.6082,0.6409,0.4557,Critical
SOUTH BANGALORE,12.949581,77.59649,80.7,0.6566,0.5506,0.5843,Critical
NORTH BANGALORE,13.052722,77.60121,80.68,0.5762,0.5524,0.5843,Critical
NORTH BANGALORE,13.04542,77.63143,80.68,0.5639,0.5296,0.6151,Critical
SOUTHEAST / IT CORRIDOR,12.918798,77.6167,80.65,0.5514,0.5712,0.5556,Critical
WEST BANGALORE,12.998126,77.53997,80.64,0.5625,0.5283,0.6151,Critical
EAST BANGALORE,12.936288,77.701225,80.64,0.6303,0.6207,0.4788,Critical
SOUTH BANGALORE,12.920417,77.6336,80.6,0.5658,0.5512,0.5843,Critical
SOUTHEAST / IT CORRIDOR,12.898535,77.67574,80.59,0.665,0.5321,0.6151,Critical
SOUTHEAST / IT CORRIDOR,12.911757,77.62971,80.58,0.5808,0.5512,0.5843,Critical
SOUTH BANGALORE,12.926554,77.60594,80.57,0.6314,0.6051,0.5031,Critical
SOUTH BANGALORE,12.917193,77.632996,80.55,0.5311,0.5895,0.5286,Critical
SOUTH BANGALORE,12.927846,77.6102,80.54,0.5716,0.694,0.3715,Critical
SOUTH BANGALORE,12.940373,77.60383,80.53,0.6517,0.6059,0.5031,Critical
EAST BANGALORE,12.936247,77.70575,80.53,0.6471,0.6226,0.4788,Critical
SOUTH BANGALORE,12.936982,77.602005,80.5,0.5991,0.6143,0.5031,Critical
SOUTH BANGALORE,12.91932,77.61348,80.49,0.5577,0.5912,0.5286,Critical
SOUTHEAST / IT CORRIDOR,12.91281,77.62724,80.48,0.6307,0.5484,0.5843,Critical
SOUTHEAST / IT CORRIDOR,12.909688,77.63016,80.47,0.647,0.5038,0.6486,Critical
SOUTH BANGALORE,12.926633,77.61315,80.46,0.5574,0.7878,0.2143,Critical
CENTRAL BANGALORE,12.99085,77.59692,80.46,0.6318,0.5507,0.5843,Critical
SOUTH BANGALORE,12.90236,77.584656,80.44,0.5041,0.535,0.6151,Critical
SOUTH BANGALORE,12.921612,77.593185,80.38,0.6194,0.5037,0.6486,Critical
SOUTH BANGALORE,12.911587,77.62841,80.37,0.6372,0.5489,0.5843,Critical
SOUTH BANGALORE,12.942862,77.60896,80.37,0.6677,0.6367,0.4557,Critical
SOUTH BANGALORE,12.953024,77.60069,80.36,0.6545,0.5492,0.5843,Critical
EAST BANGALORE,12.982985,77.718056,80.34,0.6551,0.5278,0.6151,Critical
NORTH BANGALORE,12.944485,77.59191,80.33,0.5979,0.5026,0.6486,Critical
WEST BANGALORE,13.002168,77.5475,80.33,0.5478,0.5391,0.6151,Critical
EAST BANGALORE,12.966419,77.71764,80.32,0.6085,0.5668,0.5556,Critical
CENTRAL BANGALORE,12.950999,77.60854,80.31,0.5742,0.5093,0.6486,Critical
WEST BANGALORE,13.016426,77.53461,80.31,0.6697,0.5801,0.5286,Critical
WEST BANGALORE,12.99753,77.54504,80.3,0.6302,0.5688,0.5556,Critical
SOUTHEAST / IT CORRIDOR,12.940116,77.62699,80.29,0.5879,0.5037,0.6486,Critical
CENTRAL BANGALORE,12.992044,77.59257,80.29,0.5811,0.5291,0.6151,Critical
SOUTHEAST / IT CORRIDOR,12.913507,77.62857,80.28,0.6049,0.5512,0.5843,Critical
CENTRAL BANGALORE,12.992153,77.59263,80.27,0.6314,0.5283,0.6151,Critical
SOUTHEAST / IT CORRIDOR,12.918588,77.6148,80.26,0.5388,0.5724,0.5556,Critical
EAST BANGALORE,12.972609,77.71163,80.23,0.5848,0.5326,0.6151,Critical
SOUTH BANGALORE,12.940765,77.60181,80.23,0.6453,0.6102,0.5031,Critical
SOUTH BANGALORE,12.901836,77.58255,80.21,0.5275,0.5356,0.6151,Critical
SOUTH BANGALORE,12.9438,77.59466,80.21,0.5473,0.5559,0.5843,Critical
EAST BANGALORE,12.9364,77.70627,80.2,0.6296,0.6235,0.4788,Critical
SOUTH BANGALORE,12.916783,77.63739,80.2,0.5529,0.6477,0.4334,Critical
NORTH BANGALORE,13.047739,77.60105,80.2,0.5705,0.6449,0.4557,Critical
SOUTH BANGALORE,12.922849,77.589066,80.19,0.5925,0.5501,0.5843,Critical
SOUTHEAST / IT CORRIDOR,12.922047,77.61266,80.19,0.5623,0.5919,0.5286,Critical
SOUTH BANGALORE,12.946078,77.59272,80.18,0.6021,0.553,0.5843,Critical
SOUTH BANGALORE,12.944124,77.60003,80.18,0.6586,0.5516,0.5843,Critical
NORTH BANGALORE,12.946655,77.59222,80.17,0.6305,0.5877,0.5286,Critical
SOUTH BANGALORE,12.921809,77.638626,80.16,0.5666,0.5902,0.5286,Critical
SOUTH BANGALORE,12.925189,77.617,80.15,0.5292,0.7296,0.3151,Critical
SOUTH BANGALORE,12.928593,77.61066,80.15,0.6392,0.7693,0.2464,Critical
EAST BANGALORE,12.982089,77.71632,80.14,0.6599,0.5258,0.6151,Critical
NORTH BANGALORE,12.944104,77.59418,80.14,0.663,0.5451,0.5843,Critical
NORTH BANGALORE,12.945942,77.59139,80.13,0.633,0.5917,0.5286,Critical
CENTRAL BANGALORE,12.992627,77.59391,80.13,0.6134,0.5271,0.6151,Critical
NORTH BANGALORE,12.943504,77.596725,80.11,0.5847,0.5543,0.5843,Critical
WEST BANGALORE,13.0023,77.575584,80.1,0.5521,0.6093,0.5031,Critical
WEST BANGALORE,12.992433,77.53961,80.09,0.6467,0.5689,0.5556,Critical
CENTRAL BANGALORE,12.959983,77.59904,80.07,0.6191,0.5302,0.6151,Critical
SOUTH BANGALORE,12.94586,77.59255,80.07,0.6232,0.5496,0.5843,Critical
CENTRAL BANGALORE,12.959746,77.599304,80.05,0.5611,0.5339,0.6151,Critical
EAST BANGALORE,12.967441,77.7164,80.04,0.5718,0.5295,0.6151,Critical
WEST BANGALORE,13.003364,77.57218,80.04,0.4846,0.6136,0.5031,Critical
WEST BANGALORE,13.003352,77.56347,80.03,0.5394,0.6289,0.4788,Critical
EAST BANGALORE,12.926278,77.67792,80.0,0.6809,0.5198,0.6151,High
NORTH BANGALORE,12.9716,77.5946,79.99,0.629,0.5275,0.6151,High
SOUTH BANGALORE,12.948698,77.60309,79.97,0.6655,0.549,0.5843,High
EAST BANGALORE,12.965329,77.71754,79.97,0.6465,0.5662,0.5556,High
NORTH BANGALORE,13.052423,77.601036,79.95,0.625,0.5507,0.5843,High
SOUTH BANGALORE,12.951472,77.60059,79.94,0.63,0.5521,0.5843,High
SOUTH BANGALORE,12.935865,77.57613,79.93,0.5909,0.7208,0.3333,High
SOUTH BANGALORE,12.944401,77.609825,79.92,0.6161,0.6061,0.5031,High
SOUTH BANGALORE,12.913446,77.64153,79.92,0.5628,0.6516,0.4334,High
LOGISTICS / HIGH TRAFFIC ZONES,12.9716,77.5946,79.9,0.5707,0.5297,0.6151,High
WEST BANGALORE,12.988607,77.54412,79.89,0.5853,0.6094,0.5031,High
WEST BANGALORE,12.991077,77.54021,79.88,0.6224,0.5686,0.5556,High
EAST BANGALORE,12.937445,77.70215,79.86,0.578,0.6267,0.4788,High
CENTRAL BANGALORE,12.986366,77.597725,79.84,0.6185,0.5537,0.5843,High
LOGISTICS / HIGH TRAFFIC ZONES,12.91665,77.64592,79.82,0.5845,0.6243,0.4788,High
SOUTH BANGALORE,12.85872,77.610115,79.8,0.6452,0.5002,0.6486,High
SOUTHEAST / IT CORRIDOR,12.913215,77.63047,79.8,0.6706,0.5863,0.5286,High
SOUTH BANGALORE,12.863084,77.613945,79.8,0.6364,0.5004,0.6486,High
WEST BANGALORE,13.028034,77.528435,79.8,0.6102,0.502,0.6486,High
SOUTH BANGALORE,12.868132,77.59408,79.77,0.6802,0.65,0.4334,High
SOUTH BANGALORE,12.938983,77.60131,79.77,0.6873,0.6053,0.5031,High
WEST BANGALORE,12.989931,77.54066,79.76,0.5876,0.5733,0.5556,High
CENTRAL BANGALORE,12.9929,77.592865,79.76,0.6424,0.5268,0.6151,High
WEST BANGALORE,12.979519,77.63551,79.75,0.4135,0.8187,0.1538,High
NORTH BANGALORE,12.947333,77.59493,79.74,0.6055,0.5503,0.5843,High
WEST BANGALORE,13.028403,77.528786,79.73,0.6537,0.502,0.6486,High
EAST BANGALORE,12.925023,77.67762,79.71,0.6247,0.5193,0.6151,High
SOUTH BANGALORE,12.924472,77.617455,79.68,0.5948,0.6993,0.3521,High
SOUTH BANGALORE,12.941147,77.60376,79.66,0.63,0.6073,0.5031,High
CENTRAL BANGALORE,12.992151,77.59359,79.66,0.5927,0.5281,0.6151,High
SOUTHEAST / IT CORRIDOR,12.911548,77.62962,79.65,0.5897,0.5506,0.5843,High
SOUTH BANGALORE,12.920955,77.637596,79.64,0.5995,0.5849,0.5286,High
SOUTH BANGALORE,12.926002,77.61644,79.63,0.4776,0.7303,0.3151,High
SOUTH BANGALORE,12.935858,77.581726,79.59,0.5732,0.6954,0.3715,High
WEST BANGALORE,12.997674,77.56012,79.59,0.6214,0.5896,0.5286,High
EAST BANGALORE,12.966623,77.718735,79.58,0.5947,0.5669,0.5556,High
WEST BANGALORE,12.972669,77.629456,79.57,0.5487,0.5872,0.5286,High
SOUTH BANGALORE,12.940697,77.608086,79.57,0.625,0.6398,0.4557,High
EAST BANGALORE,12.964807,77.71805,79.57,0.614,0.5291,0.6151,High
SOUTH BANGALORE,12.917427,77.630424,79.57,0.669,0.5867,0.5286,High
SOUTH BANGALORE,12.951917,77.60022,79.52,0.5971,0.5512,0.5843,High
NORTH BANGALORE,12.951608,77.59675,79.51,0.6014,0.5551,0.5843,High
LOGISTICS / HIGH TRAFFIC ZONES,12.918249,77.62931,79.48,0.545,0.5903,0.5286,High
EAST BANGALORE,12.977606,77.715645,79.48,0.5792,0.5707,0.5556,High
EAST BANGALORE,12.9716,77.5946,79.47,0.5479,0.5268,0.6151,High
EAST BANGALORE,12.95577,77.71843,79.47,0.5281,0.5276,0.6151,High
NORTH BANGALORE,13.044257,77.62888,79.46,0.5235,0.5701,0.5556,High
WEST BANGALORE,12.97917,77.63027,79.43,0.6422,0.6734,0.3914,High
SOUTH BANGALORE,12.922771,77.5961,79.43,0.5939,0.5063,0.6486,High
SOUTH BANGALORE,12.922388,77.63172,79.42,0.5515,0.6561,0.4334,High
SOUTH BANGALORE,12.908119,77.579926,79.42,0.5671,0.573,0.5556,High
SOUTH BANGALORE,12.924352,77.637314,79.4,0.6012,0.5003,0.6486,High
EAST BANGALORE,12.93456,77.7042,79.39,0.6554,0.6197,0.4788,High
SOUTH BANGALORE,12.946587,77.57017,79.39,0.6177,0.5285,0.6151,High
SOUTHEAST / IT CORRIDOR,12.92057,77.66736,79.37,0.6424,0.5285,0.6151,High
SOUTHEAST / IT CORRIDOR,12.916047,77.63011,79.36,0.6636,0.588,0.5286,High
WEST BANGALORE,12.981466,77.55077,79.36,0.519,0.5345,0.6151,High
EAST BANGALORE,12.96044,77.71903,79.33,0.5727,0.5215,0.6151,High
WEST BANGALORE,12.965676,77.56407,79.32,0.7087,0.5017,0.6486,High
SOUTHEAST / IT CORRIDOR,12.967589,77.6402,79.29,0.6122,0.6654,0.4121,High
SOUTH BANGALORE,12.948157,77.57266,79.25,0.6421,0.527,0.6151,High
NORTH BANGALORE,13.072893,77.58554,79.22,0.5217,0.535,0.6151,High
SOUTH BANGALORE,12.946411,77.57327,79.22,0.5972,0.5668,0.5556,High
NORTH BANGALORE,12.945545,77.593185,79.21,0.609,0.5529,0.5843,High
EAST BANGALORE,12.96073,77.69988,79.16,0.5793,0.611,0.5031,High
SOUTHEAST / IT CORRIDOR,12.958876,77.63971,79.16,0.6121,0.585,0.5286,High
LOGISTICS / HIGH TRAFFIC ZONES,12.920848,77.619705,79.16,0.5342,0.6073,0.5031,High
WEST BANGALORE,12.985737,77.53903,79.13,0.5636,0.5303,0.6151,High
SOUTH BANGALORE,12.910619,77.62855,79.13,0.635,0.5501,0.5843,High
SOUTH BANGALORE,12.937286,77.61384,79.12,0.652,0.6914,0.3715,High
SOUTH BANGALORE,12.928146,77.59679,79.12,0.6438,0.5003,0.6486,High
NORTH BANGALORE,13.045943,77.629425,79.12,0.5868,0.5709,0.5556,High
SOUTH BANGALORE,12.925347,77.611015,79.12,0.5466,0.5532,0.5843,High
SOUTH BANGALORE,12.918974,77.59455,79.11,0.6207,0.503,0.6486,High
SOUTH BANGALORE,12.938239,77.5814,79.1,0.6037,0.6976,0.3715,High
SOUTH BANGALORE,12.943804,77.60354,79.1,0.6645,0.6075,0.5031,High
LOGISTICS / HIGH TRAFFIC ZONES,12.967613,77.580605,79.09,0.5257,0.5977,0.5286,High
LOGISTICS / HIGH TRAFFIC ZONES,12.9597,77.57794,79.08,0.6791,0.6524,0.4334,High
SOUTH BANGALORE,12.943265,77.59461,79.08,0.5716,0.5077,0.6486,High
CENTRAL BANGALORE,12.999613,77.577644,79.06,0.5733,0.5738,0.5556,High
NORTH BANGALORE,13.045338,77.63184,79.06,0.5351,0.5306,0.6151,High
WEST BANGALORE,12.997143,77.57724,79.03,0.5911,0.5731,0.5556,High
SOUTH BANGALORE,12.911331,77.5827,79.03,0.5532,0.5748,0.5556,High
SOUTH BANGALORE,12.946192,77.59267,79.03,0.5702,0.5539,0.5843,High
WEST BANGALORE,13.005859,77.5667,79.0,0.5856,0.6234,0.4788,High
SOUTHEAST / IT CORRIDOR,12.84636,77.65217,79.0,0.5378,0.5961,0.5286,High
EAST BANGALORE,12.96309,77.71806,78.98,0.6158,0.5213,0.6151,High
LOGISTICS / HIGH TRAFFIC ZONES,12.913811,77.62016,78.98,0.5875,0.5238,0.6151,High
WEST BANGALORE,13.027582,77.537125,78.97,0.5773,0.5542,0.5843,High
EAST BANGALORE,12.935382,77.70551,78.97,0.6314,0.6234,0.4788,High
LOGISTICS / HIGH TRAFFIC ZONES,12.921245,77.61965,78.96,0.6086,0.6364,0.4557,High
EAST BANGALORE,12.935795,77.70127,78.96,0.635,0.6234,0.4788,High
LOGISTICS / HIGH TRAFFIC ZONES,12.95999,77.578766,78.95,0.5785,0.6593,0.4334,High
SOUTH BANGALORE,12.942156,77.60309,78.92,0.6522,0.6069,0.5031,High
NORTH BANGALORE,13.044359,77.6303,78.91,0.517,0.5739,0.5556,High
WEST BANGALORE,13.03288,77.53258,78.91,0.6328,0.5045,0.6486,High
NORTH BANGALORE,13.038347,77.6225,78.89,0.5466,0.5318,0.6151,High
SOUTH BANGALORE,12.923317,77.63213,78.87,0.5949,0.6203,0.4788,High
EAST BANGALORE,12.935648,77.70699,78.86,0.6221,0.5509,0.5843,High
EAST BANGALORE,12.957833,77.721016,78.83,0.7115,0.517,0.6151,High
SOUTH BANGALORE,12.914873,77.61432,78.83,0.4903,0.6037,0.5031,High
SOUTH BANGALORE,12.924391,77.61276,78.82,0.6041,0.5902,0.5286,High
WEST BANGALORE,12.978248,77.55576,78.82,0.5771,0.5267,0.6151,High
SOUTHEAST / IT CORRIDOR,12.91835,77.612625,78.81,0.5736,0.6247,0.4788,High
EAST BANGALORE,12.933762,77.70146,78.81,0.6539,0.5257,0.6151,High
WEST BANGALORE,12.977607,77.55545,78.74,0.589,0.5286,0.6151,High
WEST BANGALORE,12.993624,77.54362,78.73,0.5808,0.6126,0.5031,High
WEST BANGALORE,12.977578,77.63199,78.73,0.5072,0.721,0.3151,High
NORTH BANGALORE,13.047559,77.600075,78.71,0.5765,0.6449,0.4557,High
EAST BANGALORE,12.935898,77.70159,78.7,0.6318,0.6238,0.4788,High
LOGISTICS / HIGH TRAFFIC ZONES,12.910662,77.62646,78.69,0.5857,0.5556,0.5843,High
SOUTH BANGALORE,12.923781,77.63231,78.69,0.6227,0.6202,0.4788,High
WEST BANGALORE,12.97485,77.62999,78.69,0.5735,0.6218,0.4788,High
WEST BANGALORE,13.017,77.544395,78.67,0.5949,0.5485,0.5843,High
SOUTH BANGALORE,12.907556,77.58438,78.67,0.4952,0.5402,0.6151,High
EAST BANGALORE,12.935265,77.705765,78.66,0.6269,0.6251,0.4788,High
SOUTH BANGALORE,12.940066,77.60849,78.65,0.6853,0.6376,0.4557,High
SOUTH BANGALORE,12.928972,77.600716,78.65,0.6053,0.6086,0.5031,High
SOUTH BANGALORE,12.941159,77.60869,78.64,0.6737,0.636,0.4557,High
SOUTH BANGALORE,12.925394,77.595795,78.63,0.6132,0.504,0.6486,High
SOUTH BANGALORE,12.948837,77.60203,78.63,0.5753,0.5542,0.5843,High
LOGISTICS / HIGH TRAFFIC ZONES,12.916634,77.645454,78.63,0.4969,0.6302,0.4788,High
WEST BANGALORE,13.027759,77.52899,78.61,0.5918,0.5046,0.6486,High
WEST BANGALORE,12.977607,77.55545,78.61,0.6333,0.527,0.6151,High
EAST BANGALORE,12.936438,77.701096,78.59,0.6378,0.6243,0.4788,High
SOUTH BANGALORE,12.932287,77.59204,78.56,0.5609,0.5537,0.5843,High
SOUTH BANGALORE,12.932214,77.59024,78.56,0.5268,0.5565,0.5843,High
EAST BANGALORE,12.935036,77.701485,78.55,0.6177,0.6233,0.4788,High
WEST BANGALORE,12.997434,77.56084,78.53,0.6032,0.5918,0.5286,High
NORTH BANGALORE,13.0422,77.58259,78.53,0.6087,0.5527,0.5843,High
LOGISTICS / HIGH TRAFFIC ZONES,12.9716,77.5946,78.52,0.6084,0.5273,0.6151,High
NORTH BANGALORE,13.038907,77.590836,78.52,0.5554,0.6715,0.4121,High
SOUTHEAST / IT CORRIDOR,12.911225,77.62717,78.51,0.6504,0.5487,0.5843,High
SOUTH BANGALORE,12.930755,77.58892,78.51,0.5954,0.6238,0.4788,High
WEST BANGALORE,12.981805,77.63353,78.51,0.5646,0.699,0.3521,High
WEST BANGALORE,13.000448,77.55821,78.5,0.613,0.6261,0.4788,High
WEST BANGALORE,12.99359,77.56773,78.5,0.5128,0.5759,0.5556,High
SOUTH BANGALORE,12.944288,77.597916,78.49,0.6705,0.5495,0.5843,High
SOUTH BANGALORE,12.9716,77.5946,78.49,0.6136,0.527,0.6151,High
EAST BANGALORE,12.935564,77.70091,78.48,0.5623,0.6263,0.4788,High
SOUTHEAST / IT CORRIDOR,12.909027,77.63408,78.44,0.5906,0.5018,0.6486,High
WEST BANGALORE,13.018516,77.53849,78.42,0.6267,0.5862,0.5286,High
SOUTHEAST / IT CORRIDOR,12.909995,77.63221,78.38,0.5962,0.5052,0.6486,High
NORTH BANGALORE,12.944213,77.59607,78.38,0.7095,0.5468,0.5843,High
EAST BANGALORE,12.95479,77.72137,78.37,0.6221,0.5286,0.6151,High
EAST BANGALORE,12.934392,77.700485,78.37,0.5725,0.5295,0.6151,High
EAST BANGALORE,12.938595,77.70508,78.36,0.5734,0.6276,0.4788,High
EAST BANGALORE,12.965848,77.71504,78.36,0.6196,0.5691,0.5556,High
SOUTHEAST / IT CORRIDOR,12.921093,77.61983,78.35,0.5332,0.6406,0.4557,High
LOGISTICS / HIGH TRAFFIC ZONES,12.967922,77.58113,78.34,0.5361,0.5949,0.5286,High
SOUTHEAST / IT CORRIDOR,12.918467,77.64617,78.33,0.5993,0.5261,0.6151,High
WEST BANGALORE,12.986452,77.544,78.33,0.6184,0.6113,0.5031,High
EAST BANGALORE,12.93608,77.70022,78.32,0.6717,0.6212,0.4788,High
WEST BANGALORE,13.008384,77.56423,78.31,0.6002,0.5946,0.5286,High
SOUTHEAST / IT CORRIDOR,12.963398,77.64095,78.27,0.5724,0.5917,0.5286,High
NORTH BANGALORE,13.046968,77.60254,78.27,0.6294,0.6063,0.5031,High
EAST BANGALORE,12.935008,77.70977,78.27,0.5834,0.5537,0.5843,High
SOUTHEAST / IT CORRIDOR,12.923736,77.62193,78.27,0.5596,0.6924,0.3715,High
SOUTH BANGALORE,12.936728,77.563705,78.27,0.6068,0.5022,0.6486,High
SOUTH BANGALORE,12.908695,77.64095,78.2,0.5685,0.5949,0.5286,High
WEST BANGALORE,12.995251,77.540054,78.17,0.5464,0.577,0.5556,High
WEST BANGALORE,12.99343,77.538155,78.17,0.5668,0.5285,0.6151,High
NORTH BANGALORE,13.048572,77.62574,78.16,0.5014,0.5741,0.5556,High
SOUTH BANGALORE,12.907265,77.63529,78.14,0.5837,0.5073,0.6486,High
WEST BANGALORE,12.97686,77.55366,78.1,0.5636,0.5303,0.6151,High
EAST BANGALORE,12.937601,77.70238,78.09,0.5692,0.5913,0.5286,High
SOUTH BANGALORE,12.947416,77.57681,78.09,0.5536,0.6365,0.4557,High
NORTH BANGALORE,13.038667,77.590805,78.07,0.5877,0.6729,0.4121,High
NORTH BANGALORE,13.041875,77.62796,78.06,0.547,0.5739,0.5556,High
SOUTHEAST / IT CORRIDOR,12.925211,77.61187,78.03,0.5214,0.5914,0.5286,High
NORTH BANGALORE,13.07695,77.588615,78.03,0.5752,0.5311,0.6151,High
CENTRAL BANGALORE,12.99326,77.59281,78.0,0.6067,0.5282,0.6151,High
WEST BANGALORE,13.005045,77.54913,77.99,0.5888,0.5918,0.5286,High
SOUTHEAST / IT CORRIDOR,12.908091,77.63485,77.98,0.5894,0.5047,0.6486,High
NORTH BANGALORE,13.051742,77.601265,77.97,0.5307,0.5577,0.5843,High
SOUTH BANGALORE,12.926236,77.60868,77.97,0.6346,0.6045,0.5031,High
EAST BANGALORE,12.939718,77.701965,77.96,0.6531,0.5893,0.5286,High
LOGISTICS / HIGH TRAFFIC ZONES,12.966769,77.57623,77.96,0.6032,0.5585,0.5843,High
WEST BANGALORE,12.998519,77.54086,77.96,0.5425,0.5315,0.6151,High
SOUTH BANGALORE,12.93654,77.609215,77.95,0.5989,0.6717,0.4121,High
LOGISTICS / HIGH TRAFFIC ZONES,12.913234,77.64643,77.95,0.5552,0.5329,0.6151,High
NORTH BANGALORE,13.045989,77.62988,77.95,0.4824,0.5758,0.5556,High
SOUTH BANGALORE,12.917345,77.62993,77.93,0.5998,0.5875,0.5286,High
WEST BANGALORE,12.998275,77.56605,77.93,0.5068,0.5348,0.6151,High
WEST BANGALORE,13.019647,77.53449,77.92,0.6663,0.5882,0.5286,High
NORTH BANGALORE,13.028174,77.60136,77.89,0.5132,0.5312,0.6151,High
SOUTH BANGALORE,12.946637,77.59261,77.89,0.6403,0.5507,0.5843,High
SOUTH BANGALORE,12.929068,77.58937,77.87,0.522,0.6284,0.4788,High
WEST BANGALORE,13.014245,77.55149,77.84,0.5695,0.5075,0.6486,High
SOUTH BANGALORE,12.869534,77.6125,77.82,0.5983,0.5001,0.6486,High
SOUTH BANGALORE,12.90927,77.63897,77.81,0.5307,0.5968,0.5286,High
NORTH BANGALORE,13.047244,77.60067,77.81,0.6157,0.6399,0.4557,High
SOUTH BANGALORE,12.927509,77.610825,77.8,0.5751,0.6916,0.3715,High
NORTH BANGALORE,13.048572,77.627464,77.79,0.5199,0.5698,0.5556,High
SOUTH BANGALORE,12.951261,77.592964,77.79,0.6153,0.589,0.5286,High
SOUTH BANGALORE,12.871075,77.59743,77.76,0.6187,0.622,0.4788,High
SOUTH BANGALORE,12.926719,77.60477,77.75,0.6084,0.6097,0.5031,High
SOUTH BANGALORE,12.921946,77.6307,77.74,0.5934,0.6804,0.3914,High
SOUTH BANGALORE,12.917687,77.61811,77.74,0.5775,0.5251,0.6151,High
NORTH BANGALORE,13.048621,77.603714,77.72,0.6577,0.5017,0.6486,High
SOUTH BANGALORE,12.946537,77.59302,77.72,0.6294,0.5498,0.5843,High
LOGISTICS / HIGH TRAFFIC ZONES,12.922895,77.619865,77.72,0.53,0.6369,0.4557,High
EAST BANGALORE,12.934505,77.70172,77.71,0.6792,0.6227,0.4788,High
SOUTH BANGALORE,12.935858,77.581726,77.69,0.6282,0.6968,0.3715,High
WEST BANGALORE,12.991538,77.538666,77.69,0.5787,0.5709,0.5556,High
SOUTHEAST / IT CORRIDOR,12.955519,77.64276,77.63,0.5988,0.622,0.4788,High
SOUTH BANGALORE,12.950518,77.60329,77.63,0.6785,0.5473,0.5843,High
NORTH BANGALORE,13.049296,77.62983,77.6,0.5463,0.5331,0.6151,High
SOUTH BANGALORE,12.922363,77.59779,77.6,0.5907,0.504,0.6486,High
WEST BANGALORE,13.031265,77.531845,77.58,0.6544,0.5008,0.6486,High
NORTH BANGALORE,13.048043,77.600975,77.58,0.5671,0.6437,0.4557,High
NORTH BANGALORE,13.040583,77.597984,77.56,0.5687,0.6719,0.4121,High
WEST BANGALORE,13.014243,77.53522,77.55,0.6304,0.5489,0.5843,High
SOUTH BANGALORE,12.932012,77.608955,77.53,0.5887,0.6713,0.4121,High
WEST BANGALORE,13.000102,77.57662,77.52,0.5554,0.5755,0.5556,High
WEST BANGALORE,13.016162,77.538826,77.46,0.587,0.5886,0.5286,High
SOUTH BANGALORE,12.942814,77.60916,77.46,0.6074,0.6382,0.4557,High
NORTH BANGALORE,12.950225,77.59492,77.45,0.705,0.5528,0.5843,High
LOGISTICS / HIGH TRAFFIC ZONES,13.008198,77.56879,77.45,0.6189,0.6229,0.4788,High
NORTH BANGALORE,12.950368,77.59344,77.44,0.5855,0.5544,0.5843,High
SOUTH BANGALORE,12.927097,77.60502,77.43,0.6194,0.6056,0.5031,High
NORTH BANGALORE,13.049869,77.63212,77.42,0.598,0.5246,0.6151,High
WEST BANGALORE,13.007821,77.57201,77.39,0.5533,0.5312,0.6151,High
CENTRAL BANGALORE,12.993276,77.591125,77.38,0.6385,0.525,0.6151,High
EAST BANGALORE,12.966403,77.71736,77.37,0.5719,0.5711,0.5556,High
SOUTH BANGALORE,12.8597,77.60839,77.35,0.6412,0.501,0.6486,High
WEST BANGALORE,13.000242,77.56079,77.33,0.545,0.5933,0.5286,High
SOUTH BANGALORE,12.942467,77.60893,77.33,0.5643,0.6416,0.4557,High
SOUTHEAST / IT CORRIDOR,12.915177,77.642235,77.33,0.5322,0.6526,0.4334,High
WEST BANGALORE,12.97764,77.553024,77.31,0.5727,0.5283,0.6151,High
SOUTH BANGALORE,12.920094,77.61178,77.3,0.5145,0.5926,0.5286,High
SOUTH BANGALORE,12.943253,77.60974,77.29,0.6432,0.6386,0.4557,High
SOUTH BANGALORE,12.920983,77.63497,77.29,0.5676,0.5461,0.5843,High
EAST BANGALORE,12.967393,77.71431,77.29,0.65,0.5264,0.6151,High
SOUTHEAST / IT CORRIDOR,12.912438,77.6335,77.28,0.6021,0.5896,0.5286,High
SOUTH BANGALORE,12.941531,77.59968,77.27,0.661,0.6091,0.5031,High
SOUTHEAST / IT CORRIDOR,12.915261,77.6303,77.24,0.5397,0.5938,0.5286,High
SOUTHEAST / IT CORRIDOR,12.920711,77.61558,77.23,0.5639,0.528,0.6151,High
WEST BANGALORE,13.005423,77.5753,77.23,0.5047,0.5769,0.5556,High
CENTRAL BANGALORE,12.992846,77.591354,77.2,0.6683,0.5262,0.6151,High
SOUTH BANGALORE,12.94625,77.59118,77.19,0.6725,0.5872,0.5286,High
WEST BANGALORE,13.012771,77.55721,77.19,0.6316,0.5474,0.5843,High
EAST BANGALORE,12.935077,77.70296,77.1,0.6253,0.6244,0.4788,High
SOUTHEAST / IT CORRIDOR,12.910923,77.6306,77.08,0.5818,0.5045,0.6486,High
SOUTH BANGALORE,12.922787,77.63401,77.08,0.5944,0.6228,0.4788,High
WEST BANGALORE,13.015774,77.53202,77.07,0.6575,0.5492,0.5843,High
WEST BANGALORE,13.01411,77.53863,77.07,0.6552,0.5867,0.5286,High
SOUTH BANGALORE,12.924326,77.60781,77.06,0.6332,0.5052,0.6486,High
CENTRAL BANGALORE,12.99423,77.5955,77.05,0.5574,0.5309,0.6151,High
SOUTH BANGALORE,12.865362,77.591156,77.05,0.6481,0.5244,0.6151,High
SOUTH BANGALORE,12.925136,77.63274,77.05,0.5696,0.6245,0.4788,High
SOUTH BANGALORE,12.871857,77.60141,77.04,0.6057,0.6283,0.4788,High
SOUTH BANGALORE,12.941154,77.60226,77.03,0.6615,0.607,0.5031,High
EAST BANGALORE,12.9397,77.70476,77.0,0.6349,0.6249,0.4788,High
SOUTH BANGALORE,12.939291,77.578354,76.98,0.5603,0.7139,0.3333,High
SOUTHEAST / IT CORRIDOR,12.911663,77.642685,76.97,0.4789,0.6315,0.4788,High
LOGISTICS / HIGH TRAFFIC ZONES,12.969952,77.57264,76.97,0.5137,0.5981,0.5286,High
LOGISTICS / HIGH TRAFFIC ZONES,12.922728,77.6197,76.96,0.4749,0.6411,0.4557,High
SOUTH BANGALORE,12.929919,77.60709,76.94,0.5779,0.6089,0.5031,High
LOGISTICS / HIGH TRAFFIC ZONES,12.920329,77.6165,76.93,0.567,0.5284,0.6151,High
WEST BANGALORE,12.920822,77.51033,76.92,0.6404,0.5005,0.6486,High
EAST BANGALORE,12.974569,77.71313,76.91,0.6488,0.5708,0.5556,High
SOUTH BANGALORE,12.927375,77.61272,76.91,0.582,0.8056,0.1835,High
EAST BANGALORE,12.935007,77.70942,76.9,0.6331,0.5513,0.5843,High
SOUTH BANGALORE,12.934365,77.59115,76.9,0.657,0.5476,0.5843,High
EAST BANGALORE,12.936639,77.70075,76.9,0.6086,0.6243,0.4788,High
SOUTH BANGALORE,12.929425,77.61157,76.89,0.6402,0.7387,0.2973,High
NORTH BANGALORE,12.944221,77.59103,76.89,0.5997,0.5523,0.5843,High
SOUTH BANGALORE,12.914315,77.633446,76.88,0.5556,0.5907,0.5286,High
NORTH BANGALORE,13.047711,77.60275,76.87,0.6245,0.6087,0.5031,High
SOUTH BANGALORE,12.927084,77.60904,76.86,0.566,0.6431,0.4557,High
SOUTH BANGALORE,12.948483,77.570625,76.86,0.6379,0.5261,0.6151,High
WEST BANGALORE,13.001203,77.568504,76.86,0.5827,0.5722,0.5556,High
SOUTH BANGALORE,12.924828,77.63367,76.84,0.5512,0.591,0.5286,High
SOUTH BANGALORE,12.942688,77.60297,76.83,0.6352,0.6077,0.5031,High
NORTH BANGALORE,13.038714,77.59535,76.8,0.5549,0.6752,0.4121,High
SOUTH BANGALORE,12.921969,77.61021,76.8,0.5874,0.5075,0.6486,High
LOGISTICS / HIGH TRAFFIC ZONES,12.967446,77.58394,76.77,0.5771,0.5949,0.5286,High
SOUTH BANGALORE,12.937199,77.60854,76.76,0.6458,0.7326,0.3151,High
WEST BANGALORE,13.027586,77.52886,76.74,0.5985,0.505,0.6486,High
WEST BANGALORE,12.9716,77.5946,76.71,0.5642,0.5281,0.6151,High
SOUTH BANGALORE,12.865478,77.591606,76.7,0.5781,0.536,0.6151,High
EAST BANGALORE,12.93694,77.70405,76.68,0.6572,0.6221,0.4788,High
SOUTH BANGALORE,12.92697,77.60795,76.68,0.6554,0.6066,0.5031,High
LOGISTICS / HIGH TRAFFIC ZONES,12.978428,77.750786,76.67,0.4988,0.5927,0.5286,High
WEST BANGALORE,13.002408,77.56048,76.66,0.6472,0.5905,0.5286,High
WEST BANGALORE,12.998354,77.54121,76.62,0.5429,0.5274,0.6151,High
WEST BANGALORE,12.988839,77.54571,76.61,0.54,0.6137,0.5031,High
SOUTHEAST / IT CORRIDOR,12.957556,77.64277,76.61,0.597,0.6181,0.4788,High
SOUTH BANGALORE,12.932507,77.60787,76.6,0.6469,0.5923,0.5286,High
SOUTH BANGALORE,12.942717,77.60896,76.6,0.7146,0.6373,0.4557,High
LOGISTICS / HIGH TRAFFIC ZONES,12.968019,77.57802,76.59,0.5087,0.5597,0.5843,High
WEST BANGALORE,12.993463,77.53966,76.57,0.588,0.569,0.5556,High
LOGISTICS / HIGH TRAFFIC ZONES,12.918749,77.62979,76.56,0.6255,0.5863,0.5286,High
CENTRAL BANGALORE,12.992089,77.59331,76.53,0.5821,0.5319,0.6151,High
SOUTH BANGALORE,12.927196,77.63818,76.52,0.6387,0.5507,0.5843,High
CENTRAL BANGALORE,12.993267,77.574936,76.51,0.5466,0.5339,0.6151,High
SOUTH BANGALORE,12.922052,77.63052,76.51,0.576,0.6536,0.4334,High
WEST BANGALORE,13.026288,77.53657,76.5,0.6728,0.5477,0.5843,High
LOGISTICS / HIGH TRAFFIC ZONES,13.014204,77.565506,76.5,0.6057,0.5556,0.5843,High
SOUTH BANGALORE,12.948664,77.5962,76.5,0.5619,0.5559,0.5843,High
LOGISTICS / HIGH TRAFFIC ZONES,12.912655,77.64613,76.49,0.5256,0.5352,0.6151,High
SOUTH BANGALORE,12.942439,77.6145,76.49,0.5369,0.6719,0.4121,High
EAST BANGALORE,12.94837,77.71524,76.48,0.5589,0.5537,0.5843,High
SOUTH BANGALORE,12.914718,77.62928,76.47,0.5686,0.5919,0.5286,High
NORTH BANGALORE,13.052447,77.622925,76.47,0.5765,0.5723,0.5556,High
SOUTH BANGALORE,12.924999,77.61206,76.47,0.5614,0.5896,0.5286,High
EAST BANGALORE,12.93608,77.70022,76.46,0.6081,0.6223,0.4788,High
WEST BANGALORE,12.987614,77.54112,76.45,0.5955,0.573,0.5556,High
SOUTHEAST / IT CORRIDOR,12.915741,77.630325,76.45,0.5786,0.5896,0.5286,High
NORTH BANGALORE,12.943954,77.59983,76.44,0.6496,0.5535,0.5843,High
NORTH BANGALORE,13.051459,77.60263,76.44,0.6424,0.5507,0.5843,High
SOUTH BANGALORE,12.944348,77.60887,76.4,0.628,0.6088,0.5031,High
SOUTH BANGALORE,12.925699,77.61674,76.34,0.5449,0.727,0.3151,High
NORTH BANGALORE,12.951945,77.59588,76.34,0.6175,0.5497,0.5843,High
LOGISTICS / HIGH TRAFFIC ZONES,12.965504,77.57883,76.33,0.6016,0.5512,0.5843,High
WEST BANGALORE,13.014045,77.54039,76.32,0.6444,0.5445,0.5843,High
LOGISTICS / HIGH TRAFFIC ZONES,13.009175,77.565475,76.32,0.6315,0.5536,0.5843,High
SOUTH BANGALORE,12.914697,77.608246,76.3,0.5363,0.6288,0.4788,High
CENTRAL BANGALORE,12.993298,77.57572,76.29,0.481,0.5364,0.6151,High
NORTH BANGALORE,12.951093,77.594894,76.25,0.6121,0.5532,0.5843,High
WEST BANGALORE,13.003143,77.55128,76.25,0.5817,0.5943,0.5286,High
SOUTH BANGALORE,12.93558,77.56969,76.25,0.5242,0.6313,0.4788,High
SOUTH BANGALORE,12.945684,77.60102,76.24,0.6484,0.5531,0.5843,High
NORTH BANGALORE,13.038919,77.6293,76.23,0.5238,0.5318,0.6151,High
SOUTHEAST / IT CORRIDOR,12.846781,77.65163,76.23,0.6264,0.5903,0.5286,High
SOUTH BANGALORE,12.915757,77.63345,76.22,0.6653,0.5871,0.5286,High
SOUTH BANGALORE,12.932957,77.59101,76.22,0.563,0.5534,0.5843,High
SOUTH BANGALORE,12.927704,77.60738,76.22,0.6103,0.6098,0.5031,High
SOUTH BANGALORE,12.927367,77.607185,76.2,0.6496,0.6054,0.5031,High
LOGISTICS / HIGH TRAFFIC ZONES,12.921751,77.618256,76.2,0.5552,0.64,0.4557,High
SOUTH BANGALORE,12.946475,77.60291,76.2,0.6085,0.5498,0.5843,High
LOGISTICS / HIGH TRAFFIC ZONES,12.918467,77.64617,76.17,0.5818,0.5279,0.6151,High
SOUTH BANGALORE,12.936918,77.60135,76.13,0.5662,0.6115,0.5031,High
LOGISTICS / HIGH TRAFFIC ZONES,12.911109,77.63074,76.12,0.646,0.5016,0.6486,High
CENTRAL BANGALORE,12.985505,77.601036,76.12,0.6256,0.6301,0.4788,High
WEST BANGALORE,12.993894,77.54381,76.12,0.5705,0.6102,0.5031,High
EAST BANGALORE,12.938872,77.7026,76.11,0.6265,0.589,0.5286,High
LOGISTICS / HIGH TRAFFIC ZONES,12.962442,77.581474,76.1,0.5139,0.6324,0.4788,High
SOUTH BANGALORE,12.941464,77.59946,76.1,0.6551,0.6063,0.5031,High
SOUTHEAST / IT CORRIDOR,12.917123,77.63006,76.09,0.6334,0.5871,0.5286,High
WEST BANGALORE,12.998956,77.5566,76.09,0.5996,0.5929,0.5286,High
SOUTH BANGALORE,12.94343,77.60289,76.07,0.6328,0.6106,0.5031,High
SOUTH BANGALORE,12.933381,77.57824,76.07,0.5278,0.7246,0.3333,High
NORTH BANGALORE,13.050336,77.60062,76.07,0.6639,0.6361,0.4557,High
LOGISTICS / HIGH TRAFFIC ZONES,13.007731,77.567184,76.05,0.6267,0.5525,0.5843,High
SOUTH BANGALORE,12.9716,77.5946,76.04,0.6316,0.5274,0.6151,High
SOUTH BANGALORE,12.929835,77.608765,76.04,0.6557,0.6653,0.4121,High
SOUTHEAST / IT CORRIDOR,12.901728,77.677795,76.02,0.6111,0.5203,0.6151,High
SOUTHEAST / IT CORRIDOR,12.916652,77.62921,76.02,0.6052,0.5908,0.5286,High
SOUTH BANGALORE,12.927509,77.610825,76.01,0.5508,0.6947,0.3715,High
WEST BANGALORE,12.98737,77.544815,75.99,0.6163,0.611,0.5031,High
SOUTH BANGALORE,12.922808,77.62998,75.99,0.5598,0.6538,0.4334,High
EAST BANGALORE,12.936498,77.700325,75.99,0.6356,0.6262,0.4788,High
WEST BANGALORE,12.989875,77.55677,75.97,0.5172,0.5333,0.6151,High
SOUTH BANGALORE,12.912338,77.6372,75.97,0.575,0.6552,0.4334,High
SOUTH BANGALORE,12.866151,77.59225,75.97,0.595,0.5293,0.6151,High
WEST BANGALORE,12.975939,77.55125,75.96,0.6017,0.5281,0.6151,High
NORTH BANGALORE,13.028117,77.6003,75.96,0.4833,0.5329,0.6151,High
NORTH BANGALORE,12.946673,77.59202,75.96,0.6075,0.5905,0.5286,High
SOUTHEAST / IT CORRIDOR,12.839867,77.653465,75.95,0.5932,0.5523,0.5843,High
SOUTHEAST / IT CORRIDOR,12.922766,77.61711,75.95,0.5279,0.639,0.4557,High
NORTH BANGALORE,13.047843,77.60011,75.92,0.5811,0.6422,0.4557,High
LOGISTICS / HIGH TRAFFIC ZONES,12.922199,77.618126,75.92,0.5731,0.6368,0.4557,High
SOUTH BANGALORE,12.9257,77.60476,75.89,0.6205,0.6096,0.5031,High
SOUTH BANGALORE,12.944015,77.60699,75.89,0.6136,0.6067,0.5031,High
WEST BANGALORE,12.997207,77.56773,75.89,0.5371,0.5767,0.5556,High
WEST BANGALORE,12.978097,77.55371,75.87,0.6087,0.5266,0.6151,High
SOUTH BANGALORE,12.924141,77.6154,75.87,0.531,0.6073,0.5031,High
SOUTHEAST / IT CORRIDOR,12.909787,77.62935,75.86,0.6076,0.5005,0.6486,High
SOUTHEAST / IT CORRIDOR,12.965458,77.63909,75.85,0.6186,0.5895,0.5286,High
LOGISTICS / HIGH TRAFFIC ZONES,12.913417,77.6307,75.85,0.6015,0.5926,0.5286,High
WEST BANGALORE,13.001099,77.56454,75.84,0.4684,0.6902,0.3914,High
NORTH BANGALORE,13.034356,77.589455,75.83,0.5378,0.5935,0.5286,High
LOGISTICS / HIGH TRAFFIC ZONES,13.007821,77.57201,75.82,0.5479,0.5308,0.6151,High
SOUTH BANGALORE,12.943223,77.608894,75.82,0.6421,0.6407,0.4557,High
WEST BANGALORE,13.017141,77.54062,75.81,0.5957,0.5838,0.5286,High
SOUTH BANGALORE,12.871363,77.59799,75.79,0.6231,0.6252,0.4788,High
SOUTH BANGALORE,12.943647,77.609795,75.76,0.6376,0.6403,0.4557,High
NORTH BANGALORE,13.072745,77.58282,75.74,0.5939,0.5287,0.6151,High
SOUTH BANGALORE,12.924901,77.59132,75.72,0.5983,0.5499,0.5843,High
SOUTH BANGALORE,12.949688,77.60224,75.72,0.6162,0.5533,0.5843,High
WEST BANGALORE,12.998985,77.557915,75.72,0.5773,0.5936,0.5286,High
SOUTH BANGALORE,12.937175,77.609344,75.7,0.5844,0.7345,0.3151,High
WEST BANGALORE,12.99933,77.56127,75.69,0.5898,0.594,0.5286,High
SOUTHEAST / IT CORRIDOR,12.914718,77.62928,75.67,0.6233,0.5893,0.5286,High
SOUTH BANGALORE,12.93572,77.57682,75.66,0.5827,0.7436,0.2973,High
SOUTHEAST / IT CORRIDOR,12.915607,77.619095,75.65,0.5223,0.5308,0.6151,High
SOUTHEAST / IT CORRIDOR,12.910919,77.62833,75.62,0.5961,0.5512,0.5843,High
NORTH BANGALORE,13.04579,77.631874,75.61,0.58,0.5291,0.6151,High
SOUTH BANGALORE,12.922501,77.58737,75.58,0.5646,0.6309,0.4788,High
SOUTH BANGALORE,12.927433,77.6091,75.58,0.5559,0.6407,0.4557,High
SOUTH BANGALORE,12.944375,77.60277,75.54,0.5925,0.6464,0.4557,High
NORTH BANGALORE,13.049228,77.604485,75.54,0.6205,0.5014,0.6486,High
SOUTHEAST / IT CORRIDOR,12.9161,77.64566,75.53,0.5632,0.6249,0.4788,High
EAST BANGALORE,12.968307,77.71934,75.53,0.5863,0.5284,0.6151,High
SOUTH BANGALORE,12.912375,77.58265,75.52,0.5849,0.573,0.5556,High
EAST BANGALORE,12.961267,77.72294,75.51,0.537,0.526,0.6151,High
NORTH BANGALORE,13.049844,77.60206,75.51,0.5965,0.5504,0.5843,High
SOUTHEAST / IT CORRIDOR,12.915389,77.6167,75.51,0.5851,0.5674,0.5556,High
NORTH BANGALORE,13.049063,77.60062,75.5,0.6158,0.6393,0.4557,High
SOUTH BANGALORE,12.947333,77.59493,75.5,0.6136,0.5499,0.5843,High
SOUTH BANGALORE,12.932152,77.608665,75.5,0.5712,0.6722,0.4121,High
SOUTHEAST / IT CORRIDOR,12.964251,77.6444,75.49,0.6011,0.591,0.5286,High
WEST BANGALORE,13.001968,77.575096,75.48,0.5408,0.5765,0.5556,High
LOGISTICS / HIGH TRAFFIC ZONES,12.962661,77.583855,75.44,0.5972,0.6265,0.4788,High
SOUTH BANGALORE,12.919498,77.63844,75.43,0.5577,0.6242,0.4788,High
EAST BANGALORE,12.9716,77.5946,75.43,0.5727,0.5301,0.6151,High
SOUTH BANGALORE,12.941858,77.603195,75.42,0.6669,0.6076,0.5031,High
WEST BANGALORE,12.998957,77.57528,75.41,0.5177,0.5828,0.5556,High
SOUTHEAST / IT CORRIDOR,12.923693,77.61252,75.4,0.5854,0.5892,0.5286,High
NORTH BANGALORE,12.944124,77.60003,75.39,0.6391,0.5558,0.5843,High
SOUTH BANGALORE,12.945866,77.57301,75.35,0.6196,0.5663,0.5556,High
SOUTH BANGALORE,12.95068,77.60286,75.35,0.5876,0.551,0.5843,High
EAST BANGALORE,12.934486,77.70015,75.34,0.6577,0.5272,0.6151,High
WEST BANGALORE,13.000022,77.5445,75.33,0.5762,0.5291,0.6151,High
SOUTH BANGALORE,12.9716,77.5946,75.33,0.6065,0.528,0.6151,High
SOUTHEAST / IT CORRIDOR,12.851608,77.64962,75.32,0.6633,0.5052,0.6486,High
WEST BANGALORE,12.96829,77.56319,75.31,0.5771,0.506,0.6486,High
SOUTH BANGALORE,12.926274,77.60716,75.3,0.6113,0.608,0.5031,High
SOUTH BANGALORE,12.918017,77.61431,75.29,0.5675,0.6528,0.4334,High
SOUTH BANGALORE,12.941016,77.602104,75.23,0.6412,0.6083,0.5031,High
SOUTH BANGALORE,12.930442,77.589294,75.23,0.5342,0.628,0.4788,High
SOUTH BANGALORE,12.93959,77.60828,75.22,0.6319,0.6414,0.4557,High
SOUTH BANGALORE,12.915759,77.617195,75.21,0.575,0.5704,0.5556,High
NORTH BANGALORE,13.050051,77.6005,75.21,0.5876,0.6408,0.4557,High
WEST BANGALORE,13.007464,77.55624,75.18,0.647,0.5928,0.5286,High
SOUTH BANGALORE,12.939864,77.607735,75.15,0.6215,0.6438,0.4557,High
WEST BANGALORE,13.004099,77.569984,75.15,0.5329,0.533,0.6151,High
WEST BANGALORE,13.017512,77.53171,75.15,0.6165,0.5528,0.5843,High
SOUTH BANGALORE,12.937646,77.61161,75.15,0.5847,0.6693,0.4121,High
EAST BANGALORE,12.954179,77.72073,75.14,0.5904,0.5273,0.6151,High
SOUTH BANGALORE,12.871928,77.6001,75.12,0.6383,0.624,0.4788,High
WEST BANGALORE,13.016321,77.54188,75.12,0.6253,0.5432,0.5843,High
EAST BANGALORE,12.96603,77.71604,75.12,0.6446,0.5696,0.5556,High
SOUTH BANGALORE,12.923618,77.60551,75.1,0.614,0.5033,0.6486,High
SOUTH BANGALORE,12.942908,77.60317,75.08,0.6633,0.6084,0.5031,High
NORTH BANGALORE,12.9488,77.59516,75.08,0.6127,0.5534,0.5843,High
WEST BANGALORE,13.001704,77.546196,75.06,0.5861,0.5311,0.6151,High
SOUTHEAST / IT CORRIDOR,12.921058,77.61897,75.06,0.5744,0.64,0.4557,High
WEST BANGALORE,12.991301,77.54043,75.06,0.5358,0.5768,0.5556,High
SOUTHEAST / IT CORRIDOR,12.966301,77.64238,75.05,0.6213,0.588,0.5286,High
NORTH BANGALORE,12.945257,77.59395,75.05,0.6302,0.5525,0.5843,High
NORTH BANGALORE,13.039244,77.59833,75.04,0.5411,0.6719,0.4121,High
SOUTH BANGALORE,12.917937,77.6304,75.02,0.6263,0.5897,0.5286,High
SOUTH BANGALORE,12.864246,77.5888,75.01,0.6554,0.5226,0.6151,High
EAST BANGALORE,12.95814,77.72196,75.0,0.534,0.5265,0.6151,High
EAST BANGALORE,12.965504,77.7151,74.98,0.6208,0.5645,0.5556,High
CENTRAL BANGALORE,12.992757,77.594246,74.97,0.5594,0.5302,0.6151,High
EAST BANGALORE,12.972202,77.71106,74.96,0.5095,0.533,0.6151,High
NORTH BANGALORE,13.04873,77.62735,74.95,0.5532,0.573,0.5556,High
SOUTH BANGALORE,12.950536,77.59962,74.93,0.629,0.5512,0.5843,High
NORTH BANGALORE,13.038072,77.5989,74.92,0.5468,0.6755,0.4121,High
NORTH BANGALORE,12.944729,77.5954,74.92,0.5602,0.5541,0.5843,High
NORTH BANGALORE,13.046408,77.62932,74.91,0.5477,0.5713,0.5556,High
EAST BANGALORE,12.964846,77.71794,74.91,0.5667,0.5253,0.6151,High
SOUTH BANGALORE,12.930936,77.60775,74.91,0.6263,0.67,0.4121,High
WEST BANGALORE,12.982143,77.55111,74.91,0.4536,0.5787,0.5556,High
SOUTH BANGALORE,12.928459,77.609474,74.89,0.6228,0.6934,0.3715,High
WEST BANGALORE,13.000907,77.547676,74.89,0.6191,0.5275,0.6151,High
SOUTH BANGALORE,12.908535,77.62964,74.88,0.6386,0.5031,0.6486,High
WEST BANGALORE,13.000028,77.557205,74.87,0.5798,0.6251,0.4788,High
SOUTH BANGALORE,12.93727,77.60891,74.86,0.617,0.7314,0.3151,High
SOUTH BANGALORE,12.922929,77.61125,74.85,0.5647,0.5518,0.5843,High
SOUTHEAST / IT CORRIDOR,12.963658,77.64094,74.85,0.5668,0.5912,0.5286,High
CENTRAL BANGALORE,12.992104,77.59209,74.83,0.5983,0.5283,0.6151,High
WEST BANGALORE,12.980657,77.628426,74.83,0.5447,0.5053,0.6486,High
SOUTHEAST / IT CORRIDOR,12.92109,77.61961,74.83,0.5387,0.6416,0.4557,High
SOUTH BANGALORE,12.862215,77.59115,74.83,0.6235,0.5276,0.6151,High
SOUTHEAST / IT CORRIDOR,12.964449,77.64226,74.83,0.5758,0.5879,0.5286,High
SOUTH BANGALORE,12.92848,77.596504,74.81,0.5477,0.5059,0.6486,High
SOUTHEAST / IT CORRIDOR,12.845869,77.64927,74.81,0.5675,0.507,0.6486,High
CENTRAL BANGALORE,12.985936,77.600334,74.8,0.575,0.6294,0.4788,High
SOUTHEAST / IT CORRIDOR,12.91548,77.63057,74.79,0.6343,0.5881,0.5286,High
SOUTH BANGALORE,12.95087,77.59557,74.78,0.6144,0.5529,0.5843,High
SOUTHEAST / IT CORRIDOR,12.907163,77.63564,74.78,0.5322,0.5066,0.6486,High
SOUTH BANGALORE,12.943821,77.6106,74.76,0.5489,0.6438,0.4557,High
NORTH BANGALORE,13.048654,77.63198,74.76,0.5687,0.5277,0.6151,High
SOUTH BANGALORE,12.921483,77.61128,74.73,0.5472,0.596,0.5286,High
SOUTH BANGALORE,12.936863,77.60194,74.72,0.5461,0.6154,0.5031,High
EAST BANGALORE,12.935036,77.701485,74.67,0.5966,0.6248,0.4788,High
SOUTH BANGALORE,12.925015,77.61094,74.66,0.5844,0.5533,0.5843,High
SOUTH BANGALORE,12.937879,77.61218,74.65,0.5654,0.6715,0.4121,High
WEST BANGALORE,13.017687,77.53966,74.65,0.6236,0.585,0.5286,High
CENTRAL BANGALORE,12.990075,77.59759,74.6,0.5854,0.5561,0.5843,High
SOUTH BANGALORE,12.919609,77.61328,74.59,0.543,0.5957,0.5286,High
LOGISTICS / HIGH TRAFFIC ZONES,12.923042,77.61992,74.57,0.5597,0.6396,0.4557,High
LOGISTICS / HIGH TRAFFIC ZONES,13.007831,77.56384,74.54,0.5621,0.5935,0.5286,High
SOUTHEAST / IT CORRIDOR,12.921863,77.664986,74.54,0.6405,0.5264,0.6151,High
NORTH BANGALORE,13.040921,77.593704,74.54,0.573,0.6716,0.4121,High
EAST BANGALORE,12.968426,77.71907,74.53,0.6036,0.5257,0.6151,High
LOGISTICS / HIGH TRAFFIC ZONES,12.917345,77.62957,74.52,0.5642,0.5924,0.5286,High
SOUTHEAST / IT CORRIDOR,12.915634,77.64204,74.51,0.4961,0.6548,0.4334,High
SOUTH BANGALORE,12.943109,77.61297,74.5,0.5773,0.6455,0.4557,High
SOUTH BANGALORE,12.914502,77.61225,74.48,0.5522,0.6547,0.4334,High
NORTH BANGALORE,12.947638,77.59149,74.47,0.59,0.5909,0.5286,High
LOGISTICS / HIGH TRAFFIC ZONES,12.967025,77.58257,74.46,0.588,0.5915,0.5286,High
SOUTHEAST / IT CORRIDOR,12.91719,77.62558,74.42,0.5792,0.5531,0.5843,High
WEST BANGALORE,13.027416,77.5367,74.42,0.6521,0.5496,0.5843,High
SOUTH BANGALORE,12.926843,77.607925,74.41,0.5949,0.6085,0.5031,High
NORTH BANGALORE,12.94422,77.59228,74.37,0.606,0.5063,0.6486,High
EAST BANGALORE,12.958388,77.71859,74.37,0.602,0.518,0.6151,High
SOUTH BANGALORE,12.929535,77.59038,74.36,0.5549,0.5919,0.5286,High
SOUTH BANGALORE,12.939183,77.570724,74.36,0.5929,0.6544,0.4334,High
SOUTH BANGALORE,12.866892,77.61198,74.36,0.6074,0.5041,0.6486,High
SOUTHEAST / IT CORRIDOR,12.912774,77.632454,74.35,0.5742,0.5552,0.5843,High
NORTH BANGALORE,12.949741,77.595184,74.34,0.613,0.5506,0.5843,High
WEST BANGALORE,12.990711,77.54531,74.33,0.5535,0.6135,0.5031,High
SOUTH BANGALORE,12.928155,77.589554,74.33,0.5854,0.6264,0.4788,High
SOUTH BANGALORE,12.906724,77.63524,74.32,0.5563,0.5061,0.6486,High
SOUTH BANGALORE,12.927669,77.610634,74.32,0.6069,0.7188,0.3333,High
LOGISTICS / HIGH TRAFFIC ZONES,12.969556,77.582535,74.31,0.613,0.5922,0.5286,High
SOUTH BANGALORE,12.928578,77.608055,74.3,0.6214,0.6079,0.5031,High
LOGISTICS / HIGH TRAFFIC ZONES,12.962774,77.58292,74.29,0.628,0.6222,0.4788,High
AIRPORT & PERIPHERAL ZONES,13.197039,77.71072,74.27,0.5598,0.5354,0.6151,High
EAST BANGALORE,12.934098,77.70494,74.24,0.6093,0.6224,0.4788,High
LOGISTICS / HIGH TRAFFIC ZONES,13.007867,77.56892,74.24,0.5656,0.6288,0.4788,High
CENTRAL BANGALORE,12.987907,77.60005,74.24,0.6101,0.5524,0.5843,High
WEST BANGALORE,13.015056,77.53899,74.23,0.5569,0.5504,0.5843,High
EAST BANGALORE,12.936438,77.701096,74.22,0.5943,0.6247,0.4788,High
SOUTH BANGALORE,12.922398,77.59354,74.22,0.5804,0.5071,0.6486,High
SOUTH BANGALORE,12.926811,77.612526,74.21,0.5633,0.7882,0.2143,High
NORTH BANGALORE,13.036651,77.590324,74.19,0.5439,0.6741,0.4121,High
SOUTH BANGALORE,12.922922,77.63779,74.17,0.5531,0.5497,0.5843,High
SOUTH BANGALORE,12.946908,77.59162,74.16,0.6265,0.5889,0.5286,High
WEST BANGALORE,12.965246,77.56597,74.14,0.5247,0.511,0.6486,High
NORTH BANGALORE,13.040493,77.62195,74.14,0.5509,0.5756,0.5556,High
SOUTH BANGALORE,12.874631,77.60422,74.13,0.7005,0.5447,0.5843,High
SOUTH BANGALORE,12.865895,77.59133,74.12,0.6052,0.526,0.6151,High
NORTH BANGALORE,13.04679,77.63287,74.08,0.5534,0.5281,0.6151,High
SOUTH BANGALORE,12.870334,77.596924,74.06,0.5911,0.6549,0.4334,High
SOUTH BANGALORE,12.937312,77.57142,74.05,0.5353,0.6591,0.4334,High
WEST BANGALORE,13.006839,77.5717,74.04,0.5953,0.5734,0.5556,High
NORTH BANGALORE,12.948589,77.5975,74.03,0.5204,0.5602,0.5843,High
NORTH BANGALORE,12.946696,77.59126,74.03,0.6131,0.5906,0.5286,High
SOUTHEAST / IT CORRIDOR,12.915607,77.619095,73.99,0.582,0.5261,0.6151,High
NORTH BANGALORE,13.040035,77.594345,73.95,0.6268,0.671,0.4121,High
SOUTH BANGALORE,12.935343,77.573395,73.95,0.5945,0.6728,0.4121,High
LOGISTICS / HIGH TRAFFIC ZONES,12.9716,77.5946,73.92,0.6112,0.5296,0.6151,High
NORTH BANGALORE,13.047669,77.61914,73.91,0.594,0.5688,0.5556,High
SOUTH BANGALORE,12.932789,77.60893,73.91,0.5936,0.6733,0.4121,High
WEST BANGALORE,12.997967,77.55937,73.9,0.5817,0.5915,0.5286,High
SOUTH BANGALORE,12.925395,77.604515,73.87,0.5687,0.507,0.6486,High
SOUTH BANGALORE,12.907526,77.58407,73.86,0.5662,0.5326,0.6151,High
CENTRAL BANGALORE,12.993746,77.59313,73.85,0.5611,0.5305,0.6151,High
SOUTH BANGALORE,12.938972,77.57927,73.85,0.5199,0.717,0.3333,High
NORTH BANGALORE,12.950902,77.59336,73.84,0.5973,0.5511,0.5843,High
SOUTHEAST / IT CORRIDOR,12.918257,77.63206,73.83,0.583,0.591,0.5286,High
NORTH BANGALORE,13.005881,77.57358,73.79,0.5722,0.5719,0.5556,High
SOUTH BANGALORE,12.924114,77.6104,73.79,0.5708,0.5568,0.5843,High
WEST BANGALORE,12.998933,77.55649,73.78,0.6207,0.5912,0.5286,High
WEST BANGALORE,12.99503,77.54021,73.77,0.5945,0.5734,0.5556,High
SOUTH BANGALORE,12.943117,77.603226,73.77,0.6154,0.609,0.5031,High
WEST BANGALORE,13.006477,77.55482,73.76,0.5939,0.5922,0.5286,High
WEST BANGALORE,13.003355,77.563866,73.74,0.5548,0.6305,0.4788,High
SOUTH BANGALORE,12.930922,77.60737,73.73,0.6201,0.6724,0.4121,High
SOUTH BANGALORE,12.926799,77.60603,73.7,0.6577,0.6072,0.5031,High
NORTH BANGALORE,13.004415,77.57591,73.69,0.5797,0.5733,0.5556,High
SOUTH BANGALORE,12.872387,77.59623,73.68,0.5975,0.5326,0.6151,High
EAST BANGALORE,12.937374,77.70055,73.65,0.6676,0.6244,0.4788,High
SOUTH BANGALORE,12.923774,77.60418,73.65,0.6642,0.506,0.6486,High
EAST BANGALORE,12.938894,77.701675,73.64,0.6902,0.5863,0.5286,High
SOUTH BANGALORE,12.921777,77.60948,73.63,0.5812,0.5077,0.6486,High
NORTH BANGALORE,13.050573,77.62604,73.62,0.5614,0.5695,0.5556,High
NORTH BANGALORE,12.945839,77.59091,73.62,0.6762,0.5455,0.5843,High
SOUTH BANGALORE,12.94139,77.608185,73.61,0.6531,0.6416,0.4557,High
SOUTH BANGALORE,12.950953,77.59916,73.6,0.6392,0.5516,0.5843,High
LOGISTICS / HIGH TRAFFIC ZONES,12.967824,77.58141,73.59,0.518,0.5978,0.5286,High
LOGISTICS / HIGH TRAFFIC ZONES,13.019961,77.53121,73.57,0.5874,0.508,0.6486,High
SOUTH BANGALORE,12.921275,77.60402,73.56,0.5045,0.5155,0.6486,High
SOUTH BANGALORE,12.917669,77.631905,73.54,0.5348,0.5934,0.5286,High
SOUTH BANGALORE,12.926371,77.61245,73.52,0.5762,0.7889,0.2143,High
SOUTH BANGALORE,12.937437,77.61261,73.52,0.6208,0.6692,0.4121,High
WEST BANGALORE,13.003507,77.57104,73.51,0.5379,0.5363,0.6151,High
LOGISTICS / HIGH TRAFFIC ZONES,12.91263,77.61996,73.49,0.6022,0.5238,0.6151,High
WEST BANGALORE,12.998299,77.575005,73.48,0.4981,0.5781,0.5556,High
SOUTH BANGALORE,12.94411,77.60948,73.47,0.5844,0.6134,0.5031,High
SOUTH BANGALORE,12.945943,77.59555,73.47,0.6184,0.5566,0.5843,High
SOUTHEAST / IT CORRIDOR,12.915457,77.62907,73.47,0.6492,0.5885,0.5286,High
SOUTH BANGALORE,12.943241,77.600174,73.45,0.6267,0.6104,0.5031,High
NORTH BANGALORE,13.049007,77.60225,73.45,0.5749,0.5544,0.5843,High
SOUTH BANGALORE,12.925487,77.586586,73.43,0.5261,0.6592,0.4334,High
WEST BANGALORE,13.005687,77.551186,73.37,0.6559,0.6228,0.4788,High
SOUTH BANGALORE,12.917247,77.642715,73.33,0.469,0.6577,0.4334,High
SOUTH BANGALORE,12.936388,77.60865,73.32,0.6407,0.732,0.3151,High
CENTRAL BANGALORE,12.992504,77.59195,73.32,0.6452,0.5253,0.6151,High
SOUTH BANGALORE,12.910359,77.63092,73.32,0.6244,0.5015,0.6486,High
EAST BANGALORE,12.937374,77.70055,73.28,0.5969,0.6266,0.4788,High
SOUTH BANGALORE,12.921667,77.61332,73.26,0.5772,0.5914,0.5286,High
LOGISTICS / HIGH TRAFFIC ZONES,13.008425,77.56695,73.25,0.5705,0.5502,0.5843,High
SOUTH BANGALORE,12.951238,77.600876,73.25,0.6468,0.5498,0.5843,High
LOGISTICS / HIGH TRAFFIC ZONES,12.967442,77.58345,73.24,0.6371,0.5912,0.5286,High
SOUTH BANGALORE,12.941159,77.60869,73.21,0.5911,0.6405,0.4557,High
SOUTH BANGALORE,12.947267,77.6007,73.2,0.5969,0.5551,0.5843,High
CENTRAL BANGALORE,12.993128,77.5938,73.2,0.6459,0.5261,0.6151,High
SOUTH BANGALORE,12.921221,77.61253,73.2,0.5687,0.5962,0.5286,High
SOUTH BANGALORE,12.936708,77.61374,73.19,0.5598,0.7414,0.2973,High
SOUTH BANGALORE,12.932216,77.58921,73.18,0.5235,0.5994,0.5286,High
NORTH BANGALORE,13.045989,77.62988,73.15,0.507,0.5762,0.5556,High
NORTH BANGALORE,12.945388,77.59259,73.15,0.6146,0.5521,0.5843,High
SOUTH BANGALORE,12.920612,77.605286,73.14,0.5062,0.5103,0.6486,High
SOUTHEAST / IT CORRIDOR,12.911757,77.62971,73.13,0.5622,0.5506,0.5843,High
SOUTH BANGALORE,12.930148,77.58952,73.11,0.554,0.6271,0.4788,High
SOUTHEAST / IT CORRIDOR,12.921977,77.61911,73.11,0.4829,0.6435,0.4557,High
LOGISTICS / HIGH TRAFFIC ZONES,12.910666,77.644905,73.11,0.5592,0.5312,0.6151,High
SOUTHEAST / IT CORRIDOR,12.922094,77.61882,73.11,0.4943,0.6418,0.4557,High
SOUTH BANGALORE,12.863073,77.5888,73.1,0.6306,0.5268,0.6151,High
SOUTH BANGALORE,12.925079,77.58764,73.09,0.5154,0.6299,0.4788,High
SOUTHEAST / IT CORRIDOR,12.919233,77.61241,73.09,0.5334,0.5929,0.5286,High
SOUTH BANGALORE,12.925222,77.60922,73.08,0.53,0.5063,0.6486,High
WEST BANGALORE,12.98197,77.55824,73.08,0.5652,0.5281,0.6151,High
SOUTH BANGALORE,12.940352,77.60179,73.06,0.6313,0.6098,0.5031,High
WEST BANGALORE,12.994222,77.54366,73.06,0.6033,0.6099,0.5031,High
SOUTH BANGALORE,12.926086,77.6043,73.05,0.5848,0.6107,0.5031,High
EAST BANGALORE,12.960807,77.72249,73.05,0.5767,0.5256,0.6151,High
NORTH BANGALORE,13.047314,77.599075,73.04,0.627,0.6382,0.4557,High
LOGISTICS / HIGH TRAFFIC ZONES,12.966044,77.58195,73.02,0.6167,0.553,0.5843,High
SOUTH BANGALORE,12.942118,77.5988,73.01,0.6186,0.5038,0.6486,High
WEST BANGALORE,13.001333,77.56504,73.01,0.557,0.6839,0.3914,High
WEST BANGALORE,13.018918,77.534615,72.94,0.5504,0.5923,0.5286,High
WEST BANGALORE,13.009693,77.56369,72.92,0.5805,0.5574,0.5843,High
SOUTH BANGALORE,12.926107,77.612946,72.91,0.5111,0.7401,0.2973,High
SOUTH BANGALORE,12.928031,77.59644,72.9,0.5968,0.5026,0.6486,High
NORTH BANGALORE,13.071857,77.58245,72.88,0.595,0.5298,0.6151,High
CENTRAL BANGALORE,13.00056,77.5754,72.88,0.5458,0.5774,0.5556,High
WEST BANGALORE,12.978025,77.555046,72.88,0.5182,0.5288,0.6151,High
WEST BANGALORE,13.001865,77.55599,72.86,0.5591,0.6267,0.4788,High
SOUTH BANGALORE,12.927377,77.61129,72.86,0.6003,0.7489,0.2799,High
SOUTH BANGALORE,12.925771,77.60399,72.85,0.6032,0.5055,0.6486,High
NORTH BANGALORE,12.94615,77.59186,72.85,0.6272,0.5915,0.5286,High
NORTH BANGALORE,13.004975,77.57593,72.84,0.5231,0.577,0.5556,High
EAST BANGALORE,12.96162,77.69989,72.84,0.4811,0.6124,0.5031,High
WEST BANGALORE,13.004446,77.57488,72.83,0.5926,0.5727,0.5556,High
SOUTH BANGALORE,12.937433,77.60151,72.83,0.5792,0.6133,0.5031,High
NORTH BANGALORE,12.943267,77.59843,72.82,0.6307,0.5519,0.5843,High
SOUTHEAST / IT CORRIDOR,12.918143,77.61345,72.82,0.5412,0.6271,0.4788,High
SOUTHEAST / IT CORRIDOR,12.908842,77.629745,72.81,0.6593,0.5007,0.6486,High
SOUTH BANGALORE,12.926835,77.61127,72.81,0.6205,0.6956,0.3715,High
SOUTHEAST / IT CORRIDOR,12.913869,77.64412,72.79,0.5723,0.6258,0.4788,High
NORTH BANGALORE,13.045923,77.6319,72.79,0.5809,0.5314,0.6151,High
LOGISTICS / HIGH TRAFFIC ZONES,12.917219,77.624626,72.78,0.638,0.5517,0.5843,High
WEST BANGALORE,13.026242,77.53645,72.78,0.6051,0.5511,0.5843,High
SOUTHEAST / IT CORRIDOR,12.966831,77.64146,72.76,0.6124,0.5879,0.5286,High
WEST BANGALORE,13.016184,77.54116,72.75,0.6292,0.5484,0.5843,High
SOUTH BANGALORE,12.925284,77.61688,72.75,0.5745,0.7267,0.3151,High
SOUTH BANGALORE,12.872348,77.60154,72.74,0.6481,0.6235,0.4788,High
NORTH BANGALORE,13.051175,77.628624,72.74,0.5547,0.5282,0.6151,High
LOGISTICS / HIGH TRAFFIC ZONES,12.959277,77.579155,72.73,0.5641,0.6596,0.4334,High
WEST BANGALORE,13.026145,77.53814,72.72,0.6529,0.5899,0.5286,High
CENTRAL BANGALORE,12.992449,77.59151,72.71,0.5995,0.5272,0.6151,High
SOUTHEAST / IT CORRIDOR,12.921527,77.619835,72.69,0.5778,0.6374,0.4557,High
SOUTH BANGALORE,12.931423,77.60978,72.69,0.5712,0.6988,0.3715,High
NORTH BANGALORE,13.045369,77.62846,72.68,0.4952,0.5737,0.5556,High
LOGISTICS / HIGH TRAFFIC ZONES,12.957056,77.5801,72.67,0.5579,0.6886,0.3914,High
SOUTH BANGALORE,12.930603,77.612625,72.66,0.546,0.7611,0.263,High
LOGISTICS / HIGH TRAFFIC ZONES,12.966432,77.58074,72.66,0.5914,0.5551,0.5843,High
SOUTHEAST / IT CORRIDOR,12.909579,77.633125,72.65,0.5637,0.5038,0.6486,High
LOGISTICS / HIGH TRAFFIC ZONES,12.962156,77.5791,72.63,0.6388,0.6567,0.4334,High
WEST BANGALORE,12.980062,77.553795,72.63,0.5067,0.5336,0.6151,High
SOUTH BANGALORE,12.864438,77.58862,72.61,0.6519,0.5245,0.6151,High
SOUTHEAST / IT CORRIDOR,12.917184,77.64571,72.6,0.4988,0.6289,0.4788,High
SOUTH BANGALORE,12.924657,77.61665,72.59,0.4682,0.7077,0.3521,High
SOUTH BANGALORE,12.940832,77.60277,72.59,0.6414,0.6071,0.5031,High
NORTH BANGALORE,12.944821,77.591515,72.58,0.6001,0.5519,0.5843,High
SOUTH BANGALORE,12.936196,77.57087,72.58,0.6253,0.6254,0.4788,High
SOUTH BANGALORE,12.925423,77.61052,72.57,0.5232,0.5532,0.5843,High
SOUTH BANGALORE,12.946025,77.60156,72.57,0.6036,0.5548,0.5843,High
SOUTHEAST / IT CORRIDOR,12.913783,77.633446,72.57,0.618,0.591,0.5286,High
SOUTH BANGALORE,12.95068,77.60286,72.56,0.611,0.5515,0.5843,High
SOUTH BANGALORE,12.929476,77.607124,72.56,0.6417,0.6091,0.5031,High
WEST BANGALORE,12.978114,77.62851,72.56,0.542,0.5502,0.5843,High
SOUTH BANGALORE,12.937081,77.609,72.55,0.6259,0.7324,0.3151,High
SOUTH BANGALORE,12.926931,77.587326,72.54,0.4972,0.6608,0.4334,High
LOGISTICS / HIGH TRAFFIC ZONES,12.96523,77.57915,72.51,0.6087,0.5536,0.5843,High
SOUTHEAST / IT CORRIDOR,12.898541,77.67604,72.51,0.6766,0.5323,0.6151,High
NORTH BANGALORE,13.036841,77.593605,72.51,0.5542,0.6739,0.4121,High
NORTH BANGALORE,13.048747,77.62753,72.49,0.5698,0.5682,0.5556,High
EAST BANGALORE,12.93694,77.70405,72.48,0.679,0.6233,0.4788,High
AIRPORT & PERIPHERAL ZONES,13.198136,77.71229,72.48,0.521,0.5386,0.6151,High
WEST BANGALORE,13.026695,77.53679,72.47,0.7402,0.5465,0.5843,High
LOGISTICS / HIGH TRAFFIC ZONES,12.9594,77.58246,72.47,0.5508,0.6304,0.4788,High
WEST BANGALORE,12.980601,77.628265,72.44,0.6022,0.5018,0.6486,High
SOUTH BANGALORE,12.915618,77.61742,72.43,0.6361,0.5664,0.5556,High
WEST BANGALORE,12.966379,77.5666,72.43,0.5918,0.5095,0.6486,High
WEST BANGALORE,13.026582,77.540306,72.41,0.6295,0.5893,0.5286,High
WEST BANGALORE,12.964729,77.56412,72.4,0.5711,0.5054,0.6486,High
LOGISTICS / HIGH TRAFFIC ZONES,12.921058,77.61897,72.4,0.4993,0.641,0.4557,High
NORTH BANGALORE,13.04889,77.6319,72.39,0.5785,0.5305,0.6151,High
SOUTH BANGALORE,12.917169,77.628746,72.39,0.5968,0.5903,0.5286,High
SOUTH BANGALORE,12.932876,77.60788,72.38,0.5313,0.6001,0.5286,High
WEST BANGALORE,13.003241,77.56458,72.36,0.5819,0.6827,0.3914,High
EAST BANGALORE,12.982543,77.71725,72.36,0.6421,0.5284,0.6151,High
SOUTHEAST / IT CORRIDOR,12.91796,77.617935,72.35,0.6048,0.5293,0.6151,High
SOUTH BANGALORE,12.942765,77.5938,72.34,0.6391,0.5002,0.6486,High
CENTRAL BANGALORE,12.998439,77.581024,72.34,0.4833,0.5777,0.5556,High
NORTH BANGALORE,13.050009,77.60308,72.33,0.619,0.5497,0.5843,High
WEST BANGALORE,12.995345,77.54282,72.31,0.5128,0.5783,0.5556,High
SOUTH BANGALORE,12.943605,77.60726,72.31,0.6979,0.6034,0.5031,High
SOUTH BANGALORE,12.926977,77.59619,72.31,0.5686,0.5079,0.6486,High
SOUTH BANGALORE,12.937556,77.61305,72.3,0.5217,0.675,0.4121,High
NORTH BANGALORE,13.05338,77.59774,72.29,0.6381,0.5511,0.5843,High
SOUTH BANGALORE,12.924832,77.608154,72.27,0.6314,0.5025,0.6486,High
SOUTHEAST / IT CORRIDOR,12.963494,77.64371,72.24,0.5541,0.5916,0.5286,High
LOGISTICS / HIGH TRAFFIC ZONES,13.009338,77.56568,72.23,0.5887,0.5548,0.5843,High
SOUTH BANGALORE,12.912,77.638054,72.23,0.4968,0.6569,0.4334,High
WEST BANGALORE,12.997582,77.5679,72.23,0.4957,0.5781,0.5556,High
SOUTH BANGALORE,12.941153,77.60165,72.22,0.6593,0.6103,0.5031,High
SOUTH BANGALORE,12.864629,77.61353,72.22,0.6646,0.5009,0.6486,High
CENTRAL BANGALORE,13.001718,77.58015,72.19,0.6067,0.5287,0.6151,High
EAST BANGALORE,12.976788,77.71114,72.19,0.589,0.5285,0.6151,High
SOUTH BANGALORE,12.922325,77.63872,72.18,0.5839,0.5491,0.5843,High
EAST BANGALORE,12.96858,77.7183,72.17,0.6186,0.5255,0.6151,High
NORTH BANGALORE,13.048884,77.60354,72.16,0.6159,0.5009,0.6486,High
SOUTH BANGALORE,12.870715,77.597946,72.14,0.6526,0.6554,0.4334,High
WEST BANGALORE,13.001034,77.57522,72.13,0.5649,0.5746,0.5556,High
SOUTH BANGALORE,12.931401,77.61043,72.12,0.624,0.6942,0.3715,High
NORTH BANGALORE,13.04027,77.59838,72.09,0.558,0.6705,0.4121,High
WEST BANGALORE,13.005081,77.549484,72.05,0.5873,0.5907,0.5286,High
SOUTHEAST / IT CORRIDOR,12.919093,77.61143,72.04,0.5629,0.5953,0.5286,High
SOUTH BANGALORE,12.946486,77.59141,72.03,0.5994,0.5922,0.5286,High
SOUTH BANGALORE,12.943117,77.603226,72.02,0.6668,0.6114,0.5031,High
WEST BANGALORE,13.001283,77.566124,71.97,0.5138,0.6613,0.4334,High
WEST BANGALORE,12.999962,77.559166,71.97,0.5903,0.6317,0.4788,High
SOUTH BANGALORE,12.924741,77.60511,71.96,0.6462,0.5017,0.6486,High
SOUTH BANGALORE,12.926464,77.61125,71.95,0.5709,0.6952,0.3715,High
NORTH BANGALORE,13.053534,77.62591,71.95,0.5172,0.5317,0.6151,High
CENTRAL BANGALORE,12.993238,77.592255,71.93,0.5882,0.5274,0.6151,High
SOUTHEAST / IT CORRIDOR,12.922412,77.619026,71.91,0.5427,0.6394,0.4557,High
WEST BANGALORE,12.989424,77.556206,71.91,0.5512,0.5736,0.5556,High
NORTH BANGALORE,13.044497,77.630615,71.87,0.5878,0.5687,0.5556,High
SOUTH BANGALORE,12.926224,77.590675,71.85,0.6469,0.5525,0.5843,High
SOUTH BANGALORE,12.939891,77.61581,71.85,0.5306,0.697,0.3715,High
LOGISTICS / HIGH TRAFFIC ZONES,13.007959,77.562996,71.82,0.6462,0.5896,0.5286,High
SOUTH BANGALORE,12.931819,77.610535,71.81,0.6132,0.6934,0.3715,High
SOUTH BANGALORE,12.951299,77.601456,71.8,0.6496,0.5492,0.5843,High
SOUTH BANGALORE,12.940799,77.60821,71.8,0.5703,0.6436,0.4557,High
SOUTH BANGALORE,12.927084,77.636955,71.8,0.5735,0.5897,0.5286,High
SOUTH BANGALORE,12.924539,77.60378,71.78,0.5682,0.5079,0.6486,High
SOUTH BANGALORE,12.938564,77.57991,71.78,0.6101,0.7171,0.3333,High
WEST BANGALORE,13.015721,77.53529,71.77,0.5783,0.5871,0.5286,High
WEST BANGALORE,13.005848,77.55073,71.75,0.5953,0.5903,0.5286,High
NORTH BANGALORE,13.045943,77.629425,71.73,0.5333,0.5748,0.5556,High
LOGISTICS / HIGH TRAFFIC ZONES,12.916413,77.64483,71.71,0.4196,0.6314,0.4788,High
EAST BANGALORE,12.941102,77.701675,71.7,0.6294,0.5896,0.5286,High
WEST BANGALORE,13.01808,77.538704,71.66,0.6145,0.5841,0.5286,High
SOUTH BANGALORE,12.922269,77.63011,71.64,0.5322,0.6562,0.4334,High
WEST BANGALORE,13.017737,77.53806,71.64,0.637,0.5855,0.5286,High
WEST BANGALORE,12.997655,77.54331,71.62,0.6213,0.6086,0.5031,High
WEST BANGALORE,13.030608,77.52962,71.6,0.6458,0.5005,0.6486,High
EAST BANGALORE,12.965333,77.71895,71.58,0.5607,0.6072,0.5031,High
NORTH BANGALORE,13.005396,77.57653,71.58,0.5145,0.5349,0.6151,High
EAST BANGALORE,12.933762,77.70146,71.57,0.6183,0.5263,0.6151,High
NORTH BANGALORE,13.034187,77.59416,71.51,0.5634,0.6709,0.4121,High
LOGISTICS / HIGH TRAFFIC ZONES,12.915514,77.61745,71.51,0.5506,0.5683,0.5556,High
NORTH BANGALORE,13.039964,77.597824,71.51,0.5111,0.6748,0.4121,High
LOGISTICS / HIGH TRAFFIC ZONES,12.95882,77.57861,71.5,0.5349,0.6617,0.4334,High
WEST BANGALORE,13.000278,77.55895,71.5,0.6254,0.6258,0.4788,High
SOUTH BANGALORE,12.921438,77.6359,71.5,0.5827,0.5475,0.5843,High
WEST BANGALORE,13.000286,77.56047,71.5,0.5751,0.6305,0.4788,High
LOGISTICS / HIGH TRAFFIC ZONES,12.915792,77.61674,71.48,0.5018,0.5732,0.5556,High
WEST BANGALORE,13.001547,77.560814,71.42,0.5346,0.6001,0.5286,High
SOUTH BANGALORE,12.922544,77.60676,71.42,0.5964,0.5065,0.6486,High
NORTH BANGALORE,13.033958,77.59451,71.42,0.4621,0.6755,0.4121,High
SOUTH BANGALORE,12.944272,77.60868,71.41,0.6163,0.6071,0.5031,High
EAST BANGALORE,12.936178,77.70171,71.41,0.5985,0.6248,0.4788,High
NORTH BANGALORE,13.048848,77.63212,71.4,0.561,0.5253,0.6151,High
NORTH BANGALORE,13.077472,77.58873,71.39,0.5683,0.5313,0.6151,High
WEST BANGALORE,13.002932,77.5756,71.38,0.5882,0.6097,0.5031,High
NORTH BANGALORE,13.050408,77.60131,71.36,0.5915,0.552,0.5843,High
WEST BANGALORE,12.988146,77.54122,71.36,0.524,0.6124,0.5031,High
LOGISTICS / HIGH TRAFFIC ZONES,12.914127,77.620094,71.35,0.6267,0.5239,0.6151,High
NORTH BANGALORE,13.071414,77.583,71.33,0.5699,0.5305,0.6151,High
SOUTH BANGALORE,12.913188,77.63092,71.31,0.5971,0.5912,0.5286,High
LOGISTICS / HIGH TRAFFIC ZONES,13.009439,77.5663,71.31,0.5962,0.5545,0.5843,High
SOUTH BANGALORE,12.924927,77.61353,71.28,0.5682,0.6261,0.4788,High
SOUTH BANGALORE,12.919158,77.63473,71.27,0.5739,0.5877,0.5286,High
WEST BANGALORE,13.000219,77.57162,71.25,0.509,0.5796,0.5556,High
SOUTH BANGALORE,12.943002,77.59957,71.22,0.7079,0.5042,0.6486,High
SOUTH BANGALORE,12.935206,77.56983,71.21,0.4987,0.6023,0.5286,High
SOUTH BANGALORE,12.87198,77.599464,71.19,0.6044,0.6268,0.4788,High
NORTH BANGALORE,13.040799,77.59614,71.19,0.5569,0.67,0.4121,High
NORTH BANGALORE,13.004711,77.57577,71.16,0.504,0.5756,0.5556,High
SOUTH BANGALORE,12.947776,77.60206,71.16,0.6723,0.5503,0.5843,High
SOUTH BANGALORE,12.950209,77.602066,71.16,0.619,0.5509,0.5843,High
SOUTH BANGALORE,12.949299,77.59965,71.15,0.5881,0.5556,0.5843,High
WEST BANGALORE,12.964906,77.56388,71.13,0.5629,0.5071,0.6486,High
SOUTH BANGALORE,12.868491,77.61133,71.13,0.6182,0.5025,0.6486,High
SOUTH BANGALORE,12.942223,77.60001,71.12,0.617,0.6117,0.5031,High
SOUTH BANGALORE,12.863314,77.5936,71.11,0.6049,0.6261,0.4788,High
WEST BANGALORE,13.025993,77.53862,71.11,0.6299,0.5869,0.5286,High
SOUTH BANGALORE,12.924288,77.6091,71.08,0.6029,0.5051,0.6486,High
SOUTH BANGALORE,12.937995,77.57844,71.07,0.6167,0.7159,0.3333,High
WEST BANGALORE,12.998587,77.54396,71.07,0.6071,0.5284,0.6151,High
SOUTH BANGALORE,12.946642,77.592415,71.05,0.6063,0.5907,0.5286,High
SOUTH BANGALORE,12.948236,77.60096,71.04,0.641,0.5498,0.5843,High
SOUTHEAST / IT CORRIDOR,12.908854,77.64061,71.04,0.557,0.5928,0.5286,High
NORTH BANGALORE,13.04743,77.60128,71.04,0.6227,0.6092,0.5031,High
SOUTH BANGALORE,12.94186,77.60665,71.04,0.6212,0.6079,0.5031,High
WEST BANGALORE,12.988406,77.53927,71.04,0.5304,0.5321,0.6151,High
WEST BANGALORE,12.997281,77.565445,71.02,0.6287,0.531,0.6151,High
NORTH BANGALORE,13.050844,77.60064,71.02,0.5267,0.5575,0.5843,High
WEST BANGALORE,12.999167,77.56566,71.0,0.5251,0.5324,0.6151,High
SOUTH BANGALORE,12.928173,77.609924,71.0,0.533,0.6977,0.3715,High
EAST BANGALORE,12.961581,77.699036,70.98,0.5236,0.6126,0.5031,High
EAST BANGALORE,12.934085,77.70537,70.98,0.6094,0.5884,0.5286,High
NORTH BANGALORE,13.047232,77.6008,70.96,0.6231,0.6089,0.5031,High
WEST BANGALORE,13.002769,77.56589,70.96,0.5607,0.685,0.3914,High
CENTRAL BANGALORE,12.987907,77.60005,70.95,0.6443,0.5534,0.5843,High
WEST BANGALORE,12.990873,77.546524,70.93,0.5613,0.6437,0.4557,High
SOUTH BANGALORE,12.868083,77.61121,70.92,0.6054,0.5011,0.6486,High
SOUTH BANGALORE,12.920074,77.60828,70.9,0.5269,0.5576,0.5843,High
SOUTH BANGALORE,12.922127,77.59354,70.89,0.6077,0.5063,0.6486,High
WEST BANGALORE,12.999631,77.56728,70.89,0.5243,0.575,0.5556,High
WEST BANGALORE,13.006772,77.5493,70.89,0.5726,0.5545,0.5843,High
WEST BANGALORE,12.991654,77.54242,70.88,0.6031,0.5716,0.5556,High
SOUTH BANGALORE,12.869442,77.61329,70.87,0.6268,0.5008,0.6486,High
NORTH BANGALORE,13.049939,77.59905,70.87,0.5408,0.6454,0.4557,High
SOUTH BANGALORE,12.925086,77.60969,70.86,0.5556,0.504,0.6486,High
WEST BANGALORE,13.018053,77.53607,70.83,0.6133,0.5902,0.5286,High
EAST BANGALORE,12.935122,77.70102,70.83,0.6108,0.6267,0.4788,High
WEST BANGALORE,12.996431,77.54168,70.82,0.5908,0.569,0.5556,High
SOUTH BANGALORE,12.925371,77.61286,70.82,0.5595,0.6265,0.4788,High
WEST BANGALORE,13.003283,77.56913,70.81,0.5342,0.5346,0.6151,High
SOUTH BANGALORE,12.924285,77.63713,70.8,0.56,0.5056,0.6486,High
EAST BANGALORE,12.972323,77.71149,70.79,0.6343,0.528,0.6151,High
SOUTH BANGALORE,12.935985,77.57655,70.77,0.5805,0.7215,0.3333,High
SOUTHEAST / IT CORRIDOR,12.917669,77.631905,70.77,0.5969,0.5899,0.5286,High
SOUTH BANGALORE,12.931018,77.61279,70.76,0.5259,0.7649,0.263,High
WEST BANGALORE,13.031447,77.53203,70.73,0.6368,0.5016,0.6486,High
SOUTH BANGALORE,12.861818,77.61186,70.73,0.6388,0.5016,0.6486,High
SOUTH BANGALORE,12.935346,77.58114,70.72,0.6623,0.693,0.3715,High
NORTH BANGALORE,13.050959,77.62735,70.7,0.5269,0.5752,0.5556,High
SOUTH BANGALORE,12.923929,77.614525,70.69,0.5801,0.6541,0.4334,High
WEST BANGALORE,13.00903,77.56704,70.69,0.6443,0.5497,0.5843,High
SOUTH BANGALORE,12.90765,77.634254,70.67,0.6156,0.5028,0.6486,High
NORTH BANGALORE,13.037988,77.59305,70.66,0.5508,0.6705,0.4121,High
AIRPORT & PERIPHERAL ZONES,12.9716,77.5946,70.65,0.5237,0.5317,0.6151,High
NORTH BANGALORE,13.039679,77.59725,70.64,0.5728,0.6703,0.4121,High
WEST BANGALORE,13.026185,77.53821,70.63,0.5888,0.596,0.5286,High
LOGISTICS / HIGH TRAFFIC ZONES,12.915545,77.61678,70.63,0.5386,0.5692,0.5556,High
NORTH BANGALORE,12.943088,77.59453,70.63,0.6138,0.5092,0.6486,High
SOUTH BANGALORE,12.928345,77.59291,70.61,0.5689,0.5049,0.6486,High
NORTH BANGALORE,13.044959,77.6318,70.6,0.5741,0.5242,0.6151,High
NORTH BANGALORE,13.049414,77.630875,70.6,0.6406,0.5243,0.6151,High
LOGISTICS / HIGH TRAFFIC ZONES,13.010386,77.56682,70.59,0.561,0.5552,0.5843,High
WEST BANGALORE,12.970926,77.63396,70.59,0.5897,0.5832,0.5286,High
EAST BANGALORE,12.934869,77.70958,70.59,0.5799,0.552,0.5843,High
SOUTH BANGALORE,12.921594,77.61237,70.57,0.5658,0.5521,0.5843,High
LOGISTICS / HIGH TRAFFIC ZONES,12.966015,77.57328,70.57,0.4664,0.6029,0.5286,High
WEST BANGALORE,12.994777,77.55222,70.54,0.6032,0.5754,0.5556,High
SOUTH BANGALORE,12.941304,77.599884,70.54,0.5836,0.6128,0.5031,High
SOUTH BANGALORE,12.950132,77.60177,70.52,0.6269,0.5505,0.5843,High
SOUTH BANGALORE,12.927741,77.60676,70.47,0.6081,0.6074,0.5031,High
SOUTHEAST / IT CORRIDOR,12.909534,77.64393,70.43,0.5544,0.5329,0.6151,High
EAST BANGALORE,12.939282,77.704666,70.4,0.6982,0.6221,0.4788,High
SOUTH BANGALORE,12.913481,77.62828,70.39,0.5551,0.555,0.5843,High
LOGISTICS / HIGH TRAFFIC ZONES,12.918412,77.62505,70.39,0.6247,0.5914,0.5286,High
WEST BANGALORE,13.003683,77.57561,70.37,0.5494,0.6115,0.5031,High
WEST BANGALORE,12.966337,77.565315,70.37,0.6319,0.5065,0.6486,High
SOUTH BANGALORE,12.903299,77.57447,70.36,0.5887,0.5265,0.6151,High
LOGISTICS / HIGH TRAFFIC ZONES,12.914941,77.64732,70.32,0.4495,0.5342,0.6151,High
LOGISTICS / HIGH TRAFFIC ZONES,13.009287,77.56299,70.31,0.6144,0.5972,0.5286,High
WEST BANGALORE,12.999711,77.56203,70.29,0.5226,0.5939,0.5286,High
EAST BANGALORE,12.936857,77.70673,70.28,0.5735,0.5518,0.5843,High
SOUTH BANGALORE,12.931018,77.61279,70.26,0.5094,0.7642,0.263,High
SOUTH BANGALORE,12.941464,77.607475,70.26,0.5901,0.6431,0.4557,High
WEST BANGALORE,13.018434,77.53754,70.26,0.614,0.5869,0.5286,High
SOUTH BANGALORE,12.925973,77.60232,70.26,0.5675,0.5059,0.6486,High
SOUTH BANGALORE,12.904385,77.58529,70.25,0.4966,0.5353,0.6151,High
NORTH BANGALORE,12.948082,77.5993,70.2,0.5832,0.5544,0.5843,High
LOGISTICS / HIGH TRAFFIC ZONES,12.969687,77.57368,70.19,0.5285,0.5977,0.5286,High
SOUTH BANGALORE,12.920197,77.636185,70.17,0.5554,0.5915,0.5286,High
SOUTH BANGALORE,12.94457,77.60855,70.16,0.6301,0.6106,0.5031,High
SOUTH BANGALORE,12.942184,77.60265,70.16,0.6582,0.611,0.5031,High
SOUTH BANGALORE,12.928593,77.61066,70.15,0.5876,0.7697,0.2464,High
NORTH BANGALORE,13.046198,77.62998,70.15,0.5255,0.574,0.5556,High
SOUTHEAST / IT CORRIDOR,12.849201,77.653755,70.14,0.5545,0.5976,0.5286,High
SOUTH BANGALORE,12.94468,77.59744,70.12,0.6229,0.5517,0.5843,High
SOUTHEAST / IT CORRIDOR,12.911376,77.63449,70.12,0.5054,0.5943,0.5286,High
SOUTH BANGALORE,12.931915,77.57819,70.12,0.5747,0.7246,0.3333,High
SOUTH BANGALORE,12.874034,77.60123,70.12,0.6276,0.588,0.5286,High
SOUTH BANGALORE,12.943587,77.60018,70.11,0.6495,0.6412,0.4557,High
SOUTH BANGALORE,12.950361,77.60265,70.1,0.5793,0.555,0.5843,High
SOUTH BANGALORE,12.925727,77.59421,70.08,0.5765,0.508,0.6486,High
LOGISTICS / HIGH TRAFFIC ZONES,12.971067,77.57519,70.08,0.5307,0.6,0.5286,High
EAST BANGALORE,12.935265,77.705765,70.08,0.5517,0.6313,0.4788,High
NORTH BANGALORE,13.039775,77.59128,70.07,0.5303,0.6742,0.4121,High
SOUTH BANGALORE,12.941441,77.614716,70.06,0.5795,0.6706,0.4121,High
CENTRAL BANGALORE,12.960962,77.59739,70.02,0.5463,0.5298,0.6151,High
SOUTH BANGALORE,12.921997,77.62911,69.98,0.5564,0.6559,0.4334,High
SOUTH BANGALORE,12.861776,77.61235,69.96,0.6125,0.5007,0.6486,High
SOUTH BANGALORE,12.86314,77.59475,69.93,0.6615,0.6224,0.4788,High
NORTH BANGALORE,12.949672,77.59565,69.93,0.6266,0.5508,0.5843,High
SOUTH BANGALORE,12.925723,77.637,69.92,0.5917,0.5914,0.5286,High
SOUTH BANGALORE,12.941109,77.60729,69.92,0.6034,0.6422,0.4557,High
SOUTH BANGALORE,12.939476,77.60111,69.91,0.6144,0.6113,0.5031,High
SOUTH BANGALORE,12.911863,77.58131,69.9,0.4982,0.5786,0.5556,High
SOUTH BANGALORE,12.912957,77.62858,69.89,0.6589,0.548,0.5843,High
WEST BANGALORE,12.99971,77.56323,69.86,0.5959,0.656,0.4334,High
SOUTHEAST / IT CORRIDOR,12.91281,77.62724,69.86,0.5307,0.5561,0.5843,High
WEST BANGALORE,13.032654,77.53201,69.85,0.6445,0.5029,0.6486,High
SOUTH BANGALORE,12.914221,77.64218,69.85,0.6011,0.6489,0.4334,High
SOUTHEAST / IT CORRIDOR,12.913584,77.62728,69.84,0.592,0.5527,0.5843,High
SOUTH BANGALORE,12.92293,77.57535,69.82,0.5479,0.6303,0.4788,High
NORTH BANGALORE,13.048884,77.60354,69.81,0.6076,0.5029,0.6486,High
SOUTH BANGALORE,12.931136,77.58815,69.81,0.5594,0.6266,0.4788,High
SOUTH BANGALORE,12.949566,77.603966,69.81,0.6672,0.5484,0.5843,High
NORTH BANGALORE,13.032567,77.59573,69.81,0.5307,0.5963,0.5286,High
LOGISTICS / HIGH TRAFFIC ZONES,13.008749,77.5668,69.8,0.5801,0.5551,0.5843,High
SOUTH BANGALORE,12.924065,77.617584,69.79,0.4845,0.6725,0.4121,High
EAST BANGALORE,12.967393,77.71431,69.77,0.6649,0.5248,0.6151,High
SOUTH BANGALORE,12.943586,77.59884,69.77,0.6161,0.5531,0.5843,High
EAST BANGALORE,12.939815,77.703384,69.77,0.6406,0.624,0.4788,High
LOGISTICS / HIGH TRAFFIC ZONES,12.966785,77.573524,69.76,0.5533,0.6016,0.5286,High
SOUTH BANGALORE,12.903481,77.57993,69.74,0.5317,0.5319,0.6151,High
WEST BANGALORE,12.980052,77.55442,69.74,0.4516,0.5382,0.6151,High
LOGISTICS / HIGH TRAFFIC ZONES,12.914032,77.61862,69.71,0.5774,0.5668,0.5556,High
NORTH BANGALORE,13.071638,77.58391,69.64,0.5907,0.531,0.6151,High
SOUTHEAST / IT CORRIDOR,12.908179,77.63253,69.62,0.5626,0.5077,0.6486,High
SOUTH BANGALORE,12.926992,77.59254,69.61,0.5206,0.5076,0.6486,High
WEST BANGALORE,13.027075,77.53983,69.6,0.59,0.5913,0.5286,High
WEST BANGALORE,12.999199,77.57607,69.6,0.5434,0.5758,0.5556,High
SOUTH BANGALORE,12.927509,77.59258,69.6,0.5998,0.5031,0.6486,High
SOUTHEAST / IT CORRIDOR,12.917825,77.64665,69.57,0.5571,0.5294,0.6151,High
NORTH BANGALORE,12.950464,77.598045,69.56,0.589,0.5543,0.5843,High
SOUTH BANGALORE,12.929339,77.608765,69.56,0.5496,0.672,0.4121,High
SOUTHEAST / IT CORRIDOR,12.939069,77.62447,69.56,0.5255,0.5559,0.5843,High
WEST BANGALORE,12.965751,77.564606,69.56,0.5787,0.5058,0.6486,High
EAST BANGALORE,12.936525,77.7039,69.55,0.5601,0.6597,0.4334,High
NORTH BANGALORE,13.039023,77.59423,69.5,0.5458,0.6747,0.4121,High
LOGISTICS / HIGH TRAFFIC ZONES,13.014051,77.56554,69.49,0.5588,0.5578,0.5843,High
EAST BANGALORE,12.96116,77.722946,69.47,0.5895,0.5257,0.6151,High
SOUTH BANGALORE,12.931412,77.59206,69.46,0.5922,0.5538,0.5843,High
SOUTH BANGALORE,12.930762,77.59026,69.45,0.5777,0.5921,0.5286,High
WEST BANGALORE,12.998728,77.56621,69.43,0.5717,0.5308,0.6151,High
SOUTH BANGALORE,12.861555,77.61277,69.43,0.6773,0.5009,0.6486,High
SOUTH BANGALORE,12.94264,77.59998,69.43,0.627,0.6076,0.5031,High
SOUTH BANGALORE,12.941077,77.602234,69.41,0.5831,0.6084,0.5031,High
NORTH BANGALORE,13.006033,77.57682,69.37,0.5307,0.5342,0.6151,High
SOUTH BANGALORE,12.937225,77.60906,69.36,0.6429,0.7325,0.3151,High
SOUTH BANGALORE,12.936192,77.57618,69.35,0.5557,0.722,0.3333,High
SOUTH BANGALORE,12.946651,77.59524,69.32,0.6186,0.5507,0.5843,High
NORTH BANGALORE,13.050275,77.601135,69.32,0.6562,0.6353,0.4557,High
SOUTH BANGALORE,12.943456,77.60178,69.32,0.554,0.6157,0.5031,High
SOUTH BANGALORE,12.926977,77.60352,69.32,0.6081,0.6083,0.5031,High
CENTRAL BANGALORE,12.995189,77.59141,69.29,0.593,0.5303,0.6151,High
NORTH BANGALORE,13.048898,77.627396,69.28,0.5404,0.5733,0.5556,High
SOUTH BANGALORE,12.860082,77.59469,69.27,0.6623,0.6232,0.4788,High
CENTRAL BANGALORE,12.968001,77.58387,69.27,0.56,0.598,0.5286,High
SOUTH BANGALORE,12.917714,77.6334,69.26,0.5691,0.5888,0.5286,High
SOUTH BANGALORE,12.937044,77.60918,69.24,0.6361,0.7302,0.3151,High
CENTRAL BANGALORE,12.992871,77.592606,69.21,0.5719,0.5304,0.6151,High
LOGISTICS / HIGH TRAFFIC ZONES,12.915171,77.64561,69.21,0.5297,0.6282,0.4788,High
LOGISTICS / HIGH TRAFFIC ZONES,12.914718,77.62928,69.2,0.587,0.5941,0.5286,High
NORTH BANGALORE,13.050322,77.602425,69.19,0.5657,0.5504,0.5843,High
SOUTH BANGALORE,12.923321,77.59042,69.18,0.54,0.5564,0.5843,High
SOUTH BANGALORE,12.920212,77.63527,69.17,0.5507,0.587,0.5286,High
NORTH BANGALORE,13.006633,77.57683,69.11,0.5329,0.532,0.6151,High
EAST BANGALORE,12.974145,77.714264,69.1,0.6717,0.567,0.5556,High
SOUTHEAST / IT CORRIDOR,12.916549,77.61636,69.08,0.5596,0.5716,0.5556,High
SOUTH BANGALORE,12.922015,77.61118,69.06,0.5792,0.5069,0.6486,High
SOUTH BANGALORE,12.940304,77.60826,69.0,0.6033,0.6421,0.4557,High
NORTH BANGALORE,13.072292,77.58576,69.0,0.6032,0.533,0.6151,High
WEST BANGALORE,13.009009,77.56527,68.98,0.6008,0.5527,0.5843,High
SOUTH BANGALORE,12.930255,77.59879,68.96,0.58,0.6118,0.5031,High
SOUTH BANGALORE,12.859753,77.6129,68.96,0.6287,0.501,0.6486,High
WEST BANGALORE,13.032022,77.534744,68.95,0.5895,0.5524,0.5843,High
EAST BANGALORE,12.957368,77.72021,68.93,0.5816,0.524,0.6151,High
EAST BANGALORE,12.982304,77.71638,68.92,0.5838,0.5318,0.6151,High
LOGISTICS / HIGH TRAFFIC ZONES,12.920945,77.617676,68.9,0.5417,0.671,0.4121,High
LOGISTICS / HIGH TRAFFIC ZONES,12.916884,77.62926,68.89,0.5433,0.5969,0.5286,High
SOUTHEAST / IT CORRIDOR,12.941471,77.62235,68.88,0.5946,0.5526,0.5843,High
SOUTH BANGALORE,12.936266,77.58131,68.85,0.5212,0.725,0.3333,High
SOUTH BANGALORE,12.91887,77.634735,68.82,0.5688,0.5915,0.5286,High
SOUTHEAST / IT CORRIDOR,12.91783,77.64632,68.82,0.5112,0.5287,0.6151,High
SOUTH BANGALORE,12.862558,77.59198,68.82,0.6385,0.5282,0.6151,High
WEST BANGALORE,12.987192,77.53879,68.81,0.5966,0.5303,0.6151,High
SOUTH BANGALORE,12.955468,77.59102,68.77,0.6261,0.5692,0.5556,High
SOUTH BANGALORE,12.942777,77.59914,68.77,0.6053,0.5067,0.6486,High
WEST BANGALORE,12.965552,77.56431,68.76,0.4979,0.5104,0.6486,High
NORTH BANGALORE,12.950385,77.59836,68.73,0.5961,0.5577,0.5843,High
SOUTH BANGALORE,12.927039,77.59318,68.7,0.5601,0.5108,0.6486,High
SOUTH BANGALORE,12.926409,77.615776,68.7,0.4767,0.7316,0.3151,High
SOUTH BANGALORE,12.940473,77.60813,68.68,0.5833,0.6433,0.4557,High
EAST BANGALORE,12.9362,77.70548,68.68,0.5646,0.6299,0.4788,High
SOUTH BANGALORE,12.917402,77.63283,68.64,0.5626,0.5521,0.5843,High
SOUTH BANGALORE,12.922846,77.60536,68.63,0.6283,0.5065,0.6486,High
NORTH BANGALORE,13.039164,77.594475,68.63,0.5486,0.6748,0.4121,High
SOUTH BANGALORE,12.941016,77.602104,68.63,0.6342,0.6086,0.5031,High
SOUTHEAST / IT CORRIDOR,12.848289,77.651665,68.59,0.5878,0.5556,0.5843,High
SOUTH BANGALORE,12.927737,77.60695,68.59,0.6002,0.6121,0.5031,High
SOUTHEAST / IT CORRIDOR,12.911198,77.63245,68.58,0.5376,0.5554,0.5843,High
EAST BANGALORE,12.93545,77.70798,68.58,0.5537,0.5555,0.5843,High
SOUTHEAST / IT CORRIDOR,12.912711,77.615585,68.57,0.4695,0.6042,0.5031,High
EAST BANGALORE,12.966206,77.71498,68.57,0.5756,0.5721,0.5556,High
SOUTH BANGALORE,12.943149,77.60918,68.56,0.6591,0.6376,0.4557,High
SOUTH BANGALORE,12.918961,77.61594,68.56,0.5634,0.5729,0.5556,High
NORTH BANGALORE,13.048529,77.62728,68.56,0.5604,0.5759,0.5556,High
WEST BANGALORE,12.979215,77.636856,68.55,0.4675,0.8291,0.1538,High
SOUTHEAST / IT CORRIDOR,12.918073,77.617134,68.54,0.6365,0.5702,0.5556,High
NORTH BANGALORE,13.035695,77.594986,68.53,0.5213,0.6784,0.4121,High
LOGISTICS / HIGH TRAFFIC ZONES,12.916472,77.64717,68.52,0.5452,0.5285,0.6151,High
SOUTH BANGALORE,12.947286,77.59968,68.51,0.6061,0.5529,0.5843,High
WEST BANGALORE,13.007729,77.57268,68.51,0.5967,0.5262,0.6151,High
SOUTH BANGALORE,12.943301,77.60292,68.51,0.592,0.6114,0.5031,High
SOUTH BANGALORE,12.92362,77.61172,68.49,0.5165,0.5571,0.5843,High
CENTRAL BANGALORE,12.994058,77.59259,68.49,0.5756,0.5293,0.6151,High
NORTH BANGALORE,13.049818,77.60002,68.47,0.5611,0.6465,0.4557,High
SOUTH BANGALORE,12.932396,77.57764,68.47,0.6287,0.7185,0.3333,High
SOUTH BANGALORE,12.92601,77.60161,68.46,0.558,0.5065,0.6486,High
LOGISTICS / HIGH TRAFFIC ZONES,13.009564,77.564514,68.45,0.5319,0.5576,0.5843,High
NORTH BANGALORE,13.041706,77.62413,68.45,0.4621,0.5787,0.5556,High
SOUTH BANGALORE,12.942353,77.60906,68.44,0.6238,0.6436,0.4557,High
CENTRAL BANGALORE,12.980608,77.59715,68.43,0.6654,0.5552,0.5843,High
NORTH BANGALORE,13.040464,77.59743,68.42,0.5605,0.6704,0.4121,High
SOUTH BANGALORE,12.949661,77.59637,68.41,0.569,0.5537,0.5843,High
SOUTHEAST / IT CORRIDOR,12.910871,77.62865,68.4,0.5442,0.558,0.5843,High
SOUTHEAST / IT CORRIDOR,12.912781,77.63047,68.38,0.5578,0.5937,0.5286,High
SOUTH BANGALORE,12.92659,77.6152,68.37,0.5212,0.73,0.3151,High
WEST BANGALORE,12.972376,77.630905,68.37,0.5783,0.591,0.5286,High
EAST BANGALORE,12.937601,77.70238,68.35,0.6695,0.5865,0.5286,High
SOUTH BANGALORE,12.920608,77.59458,68.35,0.5802,0.5078,0.6486,High
SOUTH BANGALORE,12.922266,77.576996,68.35,0.6201,0.6524,0.4334,High
SOUTHEAST / IT CORRIDOR,12.922476,77.615364,68.34,0.5594,0.5724,0.5556,High
NORTH BANGALORE,13.038258,77.62209,68.34,0.5003,0.5341,0.6151,High
SOUTHEAST / IT CORRIDOR,12.966555,77.64038,68.33,0.6037,0.5916,0.5286,High
SOUTHEAST / IT CORRIDOR,12.847238,77.650024,68.32,0.59,0.5061,0.6486,High
SOUTHEAST / IT CORRIDOR,12.916557,77.61714,68.32,0.5724,0.5699,0.5556,High
SOUTHEAST / IT CORRIDOR,12.961579,77.63881,68.3,0.6198,0.5871,0.5286,High
SOUTH BANGALORE,12.926554,77.60594,68.3,0.6136,0.6069,0.5031,High
SOUTHEAST / IT CORRIDOR,12.911881,77.629105,68.29,0.6094,0.5511,0.5843,High
SOUTH BANGALORE,12.944729,77.5954,68.28,0.6041,0.5537,0.5843,High
WEST BANGALORE,13.000046,77.556984,68.28,0.5469,0.6277,0.4788,High
WEST BANGALORE,13.003691,77.56594,68.24,0.5734,0.6867,0.3914,High
LOGISTICS / HIGH TRAFFIC ZONES,13.019916,77.530464,68.23,0.5687,0.5083,0.6486,High
WEST BANGALORE,13.013399,77.53815,68.2,0.5781,0.5941,0.5286,High
WEST BANGALORE,13.005586,77.5502,68.19,0.6023,0.5872,0.5286,High
EAST BANGALORE,12.93421,77.709366,68.19,0.6134,0.553,0.5843,High
SOUTH BANGALORE,12.937199,77.60854,68.18,0.6019,0.7335,0.3151,High
CENTRAL BANGALORE,12.997707,77.57829,68.16,0.5208,0.5347,0.6151,High
NORTH BANGALORE,12.956713,77.58752,68.15,0.5934,0.5278,0.6151,High
LOGISTICS / HIGH TRAFFIC ZONES,13.008296,77.56814,68.15,0.5109,0.5575,0.5843,High
SOUTHEAST / IT CORRIDOR,12.908483,77.63376,68.14,0.5742,0.5018,0.6486,High
EAST BANGALORE,12.982252,77.71564,68.13,0.6305,0.5249,0.6151,High
LOGISTICS / HIGH TRAFFIC ZONES,13.008629,77.56297,68.12,0.652,0.5939,0.5286,High
SOUTH BANGALORE,12.863898,77.58878,68.09,0.6037,0.5286,0.6151,High
SOUTH BANGALORE,12.922828,77.639465,68.08,0.5628,0.5532,0.5843,High
WEST BANGALORE,12.998532,77.55783,68.04,0.5949,0.5937,0.5286,High
NORTH BANGALORE,12.943541,77.599724,68.03,0.686,0.5509,0.5843,High
SOUTH BANGALORE,12.933426,77.59052,68.02,0.5729,0.5523,0.5843,High
WEST BANGALORE,12.982733,77.63747,68.02,0.4754,0.769,0.2464,High
EAST BANGALORE,12.934226,77.70622,68.02,0.5712,0.5934,0.5286,High
SOUTH BANGALORE,12.918615,77.6145,68.01,0.4863,0.6591,0.4334,High
WEST BANGALORE,13.000436,77.55949,68.0,0.6094,0.6272,0.4788,High
SOUTHEAST / IT CORRIDOR,12.920848,77.619705,67.99,0.586,0.6092,0.5031,High
SOUTH BANGALORE,12.94796,77.60224,67.99,0.677,0.5498,0.5843,High
CENTRAL BANGALORE,12.974945,77.62949,67.97,0.4769,0.6283,0.4788,High
SOUTH BANGALORE,12.945467,77.60004,67.95,0.6312,0.5551,0.5843,High
SOUTH BANGALORE,12.91112,77.5826,67.95,0.5399,0.5765,0.5556,High
SOUTH BANGALORE,12.942206,77.59403,67.93,0.5393,0.5108,0.6486,High
LOGISTICS / HIGH TRAFFIC ZONES,12.958563,77.57662,67.91,0.5792,0.6583,0.4334,High
LOGISTICS / HIGH TRAFFIC ZONES,12.961604,77.57905,67.91,0.6055,0.6573,0.4334,High
WEST BANGALORE,12.988978,77.53952,67.9,0.5527,0.5309,0.6151,High
SOUTH BANGALORE,12.918422,77.63037,67.89,0.5749,0.5891,0.5286,High
NORTH BANGALORE,13.043644,77.63159,67.88,0.5514,0.5289,0.6151,High
CENTRAL BANGALORE,13.000787,77.581,67.85,0.5287,0.5792,0.5556,High
SOUTH BANGALORE,12.933147,77.59235,67.84,0.6425,0.55,0.5843,High
NORTH BANGALORE,13.036125,77.59383,67.84,0.5452,0.6714,0.4121,High
WEST BANGALORE,12.992161,77.543365,67.83,0.5551,0.5739,0.5556,High
SOUTH BANGALORE,12.941355,77.5995,67.82,0.6176,0.607,0.5031,High
SOUTH BANGALORE,12.920122,77.5837,67.81,0.5171,0.5829,0.5556,High
LOGISTICS / HIGH TRAFFIC ZONES,12.969837,77.5745,67.79,0.5035,0.601,0.5286,High
WEST BANGALORE,12.987576,77.545494,67.77,0.4726,0.6176,0.5031,High
SOUTH BANGALORE,12.938258,77.568344,67.77,0.5843,0.6241,0.4788,High
SOUTH BANGALORE,12.928548,77.6087,67.76,0.5742,0.6422,0.4557,High
SOUTH BANGALORE,12.942496,77.60086,67.74,0.6298,0.6089,0.5031,High
NORTH BANGALORE,13.052061,77.60131,67.73,0.5755,0.5552,0.5843,High
EAST BANGALORE,12.955816,77.72298,67.72,0.5736,0.532,0.6151,High
NORTH BANGALORE,13.048165,77.60106,67.71,0.5943,0.6418,0.4557,High
EAST BANGALORE,12.934876,77.703835,67.68,0.5981,0.6256,0.4788,High
SOUTH BANGALORE,12.942717,77.60896,67.67,0.534,0.6426,0.4557,High
SOUTH BANGALORE,12.929584,77.60813,67.65,0.6014,0.6699,0.4121,High
SOUTH BANGALORE,12.943198,77.60386,67.65,0.6486,0.6109,0.5031,High
SOUTHEAST / IT CORRIDOR,12.909149,77.63462,67.64,0.5976,0.5039,0.6486,High
SOUTH BANGALORE,12.86688,77.592094,67.62,0.5441,0.5755,0.5556,High
SOUTH BANGALORE,12.94051,77.60333,67.61,0.621,0.6113,0.5031,High
LOGISTICS / HIGH TRAFFIC ZONES,12.91865,77.617805,67.6,0.5426,0.531,0.6151,High
NORTH BANGALORE,13.034528,77.597626,67.6,0.4498,0.6772,0.4121,High
SOUTH BANGALORE,12.931301,77.602684,67.59,0.6592,0.6089,0.5031,High
NORTH BANGALORE,13.050189,77.62984,67.58,0.509,0.5327,0.6151,High
SOUTH BANGALORE,12.948495,77.60057,67.55,0.6881,0.5486,0.5843,High
NORTH BANGALORE,13.041112,77.59068,67.53,0.5233,0.6787,0.4121,High
CENTRAL BANGALORE,12.980276,77.59527,67.51,0.6103,0.5577,0.5843,High
SOUTHEAST / IT CORRIDOR,12.912861,77.63842,67.51,0.5408,0.6535,0.4334,High
SOUTHEAST / IT CORRIDOR,12.914681,77.61856,67.5,0.517,0.5712,0.5556,High
SOUTH BANGALORE,12.907424,77.63874,67.5,0.6398,0.5477,0.5843,High
SOUTH BANGALORE,12.943069,77.60642,67.49,0.6038,0.6106,0.5031,High
LOGISTICS / HIGH TRAFFIC ZONES,12.969364,77.5723,67.47,0.4979,0.601,0.5286,High
SOUTH BANGALORE,12.925223,77.60275,67.47,0.606,0.5044,0.6486,High
SOUTHEAST / IT CORRIDOR,12.920426,77.61535,67.46,0.5253,0.5296,0.6151,High
SOUTH BANGALORE,12.949741,77.6027,67.46,0.6272,0.5516,0.5843,High
WEST BANGALORE,13.00561,77.57624,67.44,0.589,0.5297,0.6151,High
SOUTH BANGALORE,12.921557,77.60125,67.44,0.6178,0.508,0.6486,High
NORTH BANGALORE,13.004879,77.57681,67.42,0.5495,0.5319,0.6151,High
SOUTH BANGALORE,12.923505,77.60879,67.41,0.593,0.5071,0.6486,High
LOGISTICS / HIGH TRAFFIC ZONES,12.920026,77.617905,67.4,0.5585,0.5309,0.6151,High
LOGISTICS / HIGH TRAFFIC ZONES,12.966041,77.584015,67.39,0.613,0.592,0.5286,High
WEST BANGALORE,12.9716,77.5946,67.38,0.6075,0.5278,0.6151,High
SOUTH BANGALORE,12.907637,77.58218,67.35,0.51,0.5355,0.6151,High
SOUTHEAST / IT CORRIDOR,12.914999,77.63813,67.34,0.4969,0.6571,0.4334,High
WEST BANGALORE,13.000453,77.54758,67.34,0.5548,0.5339,0.6151,High
NORTH BANGALORE,12.94438,77.590324,67.34,0.6186,0.5505,0.5843,High
LOGISTICS / HIGH TRAFFIC ZONES,12.970498,77.582306,67.33,0.6036,0.55,0.5843,High
SOUTHEAST / IT CORRIDOR,12.908259,77.634605,67.33,0.5744,0.5034,0.6486,High
LOGISTICS / HIGH TRAFFIC ZONES,12.916733,77.62558,67.33,0.5799,0.5529,0.5843,High
NORTH BANGALORE,12.943837,77.59403,67.29,0.6094,0.5024,0.6486,High
WEST BANGALORE,13.002841,77.56387,67.28,0.5863,0.6568,0.4334,High
EAST BANGALORE,12.936844,77.70117,67.26,0.6871,0.619,0.4788,High
EAST BANGALORE,12.962482,77.701324,67.26,0.5218,0.6109,0.5031,High
CENTRAL BANGALORE,12.992332,77.59107,67.26,0.5894,0.5311,0.6151,High
SOUTH BANGALORE,12.944121,77.59455,67.24,0.5429,0.557,0.5843,High
WEST BANGALORE,13.005933,77.54867,67.23,0.5722,0.5531,0.5843,High
EAST BANGALORE,12.936996,77.70266,67.23,0.5197,0.6307,0.4788,High
NORTH BANGALORE,13.004115,77.57653,67.23,0.5376,0.5752,0.5556,High
SOUTHEAST / IT CORRIDOR,12.923278,77.6202,67.19,0.4512,0.6438,0.4557,High
LOGISTICS / HIGH TRAFFIC ZONES,13.007478,77.56574,67.18,0.558,0.5582,0.5843,High
SOUTH BANGALORE,12.925416,77.60631,67.18,0.5977,0.6141,0.5031,High
SOUTH BANGALORE,12.94088,77.60205,67.18,0.5579,0.61,0.5031,High
SOUTH BANGALORE,12.925458,77.602844,67.17,0.6524,0.5043,0.6486,High
SOUTH BANGALORE,12.935312,77.57063,67.15,0.6397,0.6254,0.4788,High
SOUTH BANGALORE,12.901543,77.58171,67.14,0.516,0.5374,0.6151,High
SOUTH BANGALORE,12.93856,77.579735,67.12,0.5429,0.7159,0.3333,High
WEST BANGALORE,12.988228,77.54635,67.12,0.545,0.6149,0.5031,High
SOUTH BANGALORE,12.926613,77.63832,67.09,0.6588,0.5485,0.5843,High
WEST BANGALORE,12.986139,77.54621,67.08,0.5349,0.671,0.4121,High
NORTH BANGALORE,13.048076,77.6318,67.06,0.5652,0.526,0.6151,High
CENTRAL BANGALORE,13.001399,77.58072,67.06,0.5817,0.5309,0.6151,High
EAST BANGALORE,12.941663,77.701904,67.06,0.5608,0.5916,0.5286,High
CENTRAL BANGALORE,12.985572,77.59795,67.02,0.6379,0.5546,0.5843,High
SOUTHEAST / IT CORRIDOR,12.915171,77.64561,67.01,0.5207,0.6289,0.4788,High
SOUTHEAST / IT CORRIDOR,12.922471,77.61692,66.97,0.5205,0.6425,0.4557,High
NORTH BANGALORE,12.956972,77.5865,66.96,0.6422,0.5296,0.6151,High
SOUTHEAST / IT CORRIDOR,12.910923,77.6306,66.95,0.5764,0.5036,0.6486,High
NORTH BANGALORE,13.049411,77.60294,66.93,0.5508,0.5519,0.5843,High
NORTH BANGALORE,13.040709,77.62588,66.92,0.4975,0.5756,0.5556,High
SOUTH BANGALORE,12.93959,77.60828,66.92,0.5988,0.6413,0.4557,High
SOUTH BANGALORE,12.858365,77.60914,66.88,0.6407,0.5005,0.6486,High
SOUTHEAST / IT CORRIDOR,12.967083,77.63972,66.86,0.5634,0.5924,0.5286,High
NORTH BANGALORE,13.044706,77.60089,66.81,0.5683,0.6136,0.5031,High
WEST BANGALORE,13.003692,77.57336,66.81,0.5565,0.6112,0.5031,High
SOUTH BANGALORE,12.934068,77.58739,66.79,0.6238,0.5934,0.5286,High
LOGISTICS / HIGH TRAFFIC ZONES,13.008287,77.563286,66.76,0.6051,0.5953,0.5286,High
EAST BANGALORE,12.93932,77.69976,66.75,0.6503,0.5926,0.5286,High
WEST BANGALORE,12.997701,77.55467,66.75,0.577,0.5744,0.5556,High
WEST BANGALORE,13.027221,77.536674,66.74,0.6554,0.5523,0.5843,High
WEST BANGALORE,13.004889,77.5755,66.73,0.5958,0.5715,0.5556,High
CENTRAL BANGALORE,12.993699,77.57445,66.73,0.5145,0.5815,0.5556,High
SOUTHEAST / IT CORRIDOR,12.968363,77.638306,66.72,0.5306,0.6714,0.4121,High
EAST BANGALORE,12.936247,77.70575,66.68,0.6449,0.6237,0.4788,High
SOUTHEAST / IT CORRIDOR,12.911419,77.628716,66.67,0.5827,0.5544,0.5843,High
EAST BANGALORE,12.968807,77.71921,66.66,0.5958,0.5294,0.6151,High
SOUTHEAST / IT CORRIDOR,12.923929,77.614525,66.66,0.5545,0.6538,0.4334,High
SOUTHEAST / IT CORRIDOR,12.910371,77.6286,66.66,0.6226,0.5516,0.5843,High
SOUTHEAST / IT CORRIDOR,12.906724,77.63524,66.63,0.5929,0.503,0.6486,High
SOUTH BANGALORE,12.924768,77.61506,66.6,0.5141,0.6138,0.5031,High
LOGISTICS / HIGH TRAFFIC ZONES,12.922824,77.62024,66.59,0.5056,0.6417,0.4557,High
LOGISTICS / HIGH TRAFFIC ZONES,13.007393,77.567444,66.58,0.5537,0.5954,0.5286,High
SOUTH BANGALORE,12.926511,77.61578,66.58,0.5431,0.7298,0.3151,High
WEST BANGALORE,12.999987,77.55754,66.57,0.5608,0.6262,0.4788,High
SOUTH BANGALORE,12.918506,77.615746,66.55,0.52,0.575,0.5556,High
SOUTH BANGALORE,12.918241,77.60888,66.54,0.5539,0.593,0.5286,High
WEST BANGALORE,13.02846,77.536835,66.52,0.592,0.5544,0.5843,High
SOUTHEAST / IT CORRIDOR,12.965601,77.638794,66.51,0.5442,0.5925,0.5286,High
NORTH BANGALORE,12.946914,77.59198,66.48,0.6199,0.5905,0.5286,High
SOUTH BANGALORE,12.861795,77.61209,66.46,0.6575,0.5,0.6486,High
NORTH BANGALORE,13.03801,77.59319,66.44,0.5219,0.6743,0.4121,High
LOGISTICS / HIGH TRAFFIC ZONES,12.965995,77.57447,66.43,0.4978,0.6029,0.5286,High
NORTH BANGALORE,13.072847,77.586044,66.42,0.5646,0.5325,0.6151,High
EAST BANGALORE,12.93626,77.7068,66.41,0.584,0.5544,0.5843,High
SOUTH BANGALORE,12.864523,77.58884,66.4,0.6689,0.5248,0.6151,High
NORTH BANGALORE,13.049901,77.63096,66.39,0.5776,0.5323,0.6151,High
LOGISTICS / HIGH TRAFFIC ZONES,12.958126,77.571976,66.38,0.5816,0.5974,0.5286,High
SOUTH BANGALORE,12.923877,77.61103,66.38,0.5475,0.555,0.5843,High
EAST BANGALORE,12.968946,77.718796,66.35,0.5766,0.5264,0.6151,High
NORTH BANGALORE,13.048841,77.62757,66.35,0.5222,0.5736,0.5556,High
LOGISTICS / HIGH TRAFFIC ZONES,12.911661,77.628685,66.34,0.617,0.5507,0.5843,High
SOUTH BANGALORE,12.943223,77.608894,66.32,0.5922,0.6402,0.4557,High
SOUTH BANGALORE,12.926697,77.6079,66.31,0.5772,0.6112,0.5031,High
EAST BANGALORE,12.972147,77.71138,66.28,0.6295,0.5243,0.6151,High
WEST BANGALORE,13.026707,77.53728,66.28,0.614,0.5547,0.5843,High
SOUTH BANGALORE,12.91456,77.641594,66.27,0.4775,0.656,0.4334,High
SOUTH BANGALORE,12.946317,77.59209,66.26,0.5995,0.5914,0.5286,High
LOGISTICS / HIGH TRAFFIC ZONES,12.962177,77.581055,66.24,0.5684,0.6295,0.4788,High
SOUTH BANGALORE,12.941065,77.6027,66.21,0.538,0.6149,0.5031,High
SOUTH BANGALORE,12.914775,77.6339,66.17,0.5435,0.5933,0.5286,High
SOUTHEAST / IT CORRIDOR,12.846263,77.65033,66.17,0.5952,0.5078,0.6486,High
SOUTH BANGALORE,12.926003,77.61013,66.16,0.596,0.6402,0.4557,High
WEST BANGALORE,12.997158,77.542885,66.14,0.5877,0.6124,0.5031,High
EAST BANGALORE,12.935786,77.70658,66.14,0.6205,0.5531,0.5843,High
SOUTH BANGALORE,12.949471,77.60027,66.13,0.5908,0.5539,0.5843,High
CENTRAL BANGALORE,12.986808,77.59887,66.13,0.5354,0.5575,0.5843,High
EAST BANGALORE,12.937488,77.70136,66.07,0.5336,0.631,0.4788,High
SOUTH BANGALORE,12.93744,77.608696,66.07,0.5842,0.7327,0.3151,High
SOUTH BANGALORE,12.931737,77.607834,66.06,0.6236,0.5913,0.5286,High
NORTH BANGALORE,13.072106,77.585976,66.05,0.563,0.5323,0.6151,High
SOUTH BANGALORE,12.920679,77.60555,66.05,0.569,0.5064,0.6486,High
WEST BANGALORE,13.003268,77.573685,66.02,0.559,0.6127,0.5031,High
SOUTH BANGALORE,12.945671,77.60077,66.01,0.6226,0.5574,0.5843,High
CENTRAL BANGALORE,12.986366,77.597725,66.01,0.6446,0.551,0.5843,High
WEST BANGALORE,12.998912,77.55203,66.0,0.5797,0.5719,0.5556,High
SOUTH BANGALORE,12.943005,77.602425,65.99,0.6568,0.6098,0.5031,High
NORTH BANGALORE,13.043474,77.624794,65.96,0.5508,0.5749,0.5556,High
SOUTH BANGALORE,12.930515,77.60863,65.96,0.5775,0.6736,0.4121,High
CENTRAL BANGALORE,12.992648,77.59108,65.96,0.5886,0.5255,0.6151,High
WEST BANGALORE,13.00148,77.555145,65.93,0.6111,0.626,0.4788,High
WEST BANGALORE,13.000726,77.56427,65.91,0.5356,0.6872,0.3914,High
NORTH BANGALORE,13.027705,77.59895,65.91,0.4777,0.5367,0.6151,High
SOUTH BANGALORE,12.932262,77.61061,65.91,0.6173,0.6961,0.3715,High
SOUTH BANGALORE,12.931878,77.60735,65.9,0.5782,0.5944,0.5286,High
SOUTH BANGALORE,12.922294,77.58654,65.88,0.6235,0.6245,0.4788,High
NORTH BANGALORE,13.072019,77.58558,65.88,0.517,0.536,0.6151,High
WEST BANGALORE,13.014406,77.54043,65.86,0.6058,0.5511,0.5843,High
SOUTH BANGALORE,12.947494,77.60248,65.84,0.6725,0.5498,0.5843,High
LOGISTICS / HIGH TRAFFIC ZONES,12.960689,77.57505,65.84,0.621,0.594,0.5286,High
EAST BANGALORE,12.965778,77.71563,65.78,0.6251,0.5696,0.5556,High
NORTH BANGALORE,13.039277,77.59275,65.77,0.5098,0.6734,0.4121,High
SOUTH BANGALORE,12.867622,77.6115,65.76,0.5659,0.5041,0.6486,High
SOUTH BANGALORE,12.943267,77.59843,65.75,0.6532,0.5534,0.5843,High
SOUTH BANGALORE,12.944627,77.59497,65.74,0.6625,0.5507,0.5843,High
NORTH BANGALORE,13.044994,77.60104,65.74,0.5391,0.6178,0.5031,High
SOUTH BANGALORE,12.943252,77.60838,65.67,0.6547,0.6076,0.5031,High
NORTH BANGALORE,12.943265,77.59461,65.67,0.5927,0.5033,0.6486,High
WEST BANGALORE,12.986224,77.54611,65.66,0.5414,0.6739,0.4121,High
SOUTH BANGALORE,12.93495,77.57245,65.63,0.5745,0.5985,0.5286,High
NORTH BANGALORE,13.041567,77.59341,65.63,0.5479,0.675,0.4121,High
WEST BANGALORE,13.026996,77.53644,65.63,0.6161,0.5546,0.5843,High
SOUTH BANGALORE,12.9301,77.60964,65.6,0.576,0.7548,0.2799,High
SOUTHEAST / IT CORRIDOR,12.847952,77.65238,65.6,0.545,0.5973,0.5286,High
NORTH BANGALORE,13.005601,77.57682,65.53,0.5115,0.5387,0.6151,High
NORTH BANGALORE,13.053226,77.5997,65.53,0.5582,0.5563,0.5843,High
CENTRAL BANGALORE,12.992622,77.59279,65.48,0.5498,0.5291,0.6151,High
NORTH BANGALORE,13.046837,77.631256,65.46,0.511,0.5754,0.5556,High
SOUTH BANGALORE,12.902101,77.576195,65.45,0.582,0.5278,0.6151,High
SOUTH BANGALORE,12.935684,77.57634,65.44,0.5698,0.7459,0.2973,High
SOUTH BANGALORE,12.925102,77.6034,65.43,0.5777,0.5057,0.6486,High
CENTRAL BANGALORE,12.992367,77.59395,65.42,0.658,0.5284,0.6151,High
NORTH BANGALORE,13.039131,77.62187,65.39,0.578,0.5751,0.5556,High
EAST BANGALORE,12.955804,77.72247,65.39,0.5489,0.5331,0.6151,High
CENTRAL BANGALORE,12.993414,77.593704,65.37,0.5931,0.5278,0.6151,High
SOUTH BANGALORE,12.948917,77.60544,65.35,0.5627,0.5565,0.5843,High
SOUTH BANGALORE,12.94858,77.60204,65.32,0.6326,0.5512,0.5843,High
SOUTH BANGALORE,12.921553,77.596985,65.31,0.6044,0.5088,0.6486,High
EAST BANGALORE,12.936333,77.70471,65.29,0.549,0.628,0.4788,High
SOUTH BANGALORE,12.925489,77.60749,65.26,0.6855,0.6054,0.5031,High
SOUTH BANGALORE,12.907376,77.63556,65.21,0.5494,0.5035,0.6486,High
NORTH BANGALORE,13.034927,77.58996,65.2,0.5928,0.6717,0.4121,High
SOUTH BANGALORE,12.942683,77.59854,65.19,0.653,0.504,0.6486,High
SOUTH BANGALORE,12.926784,77.60409,65.17,0.5982,0.6086,0.5031,High
EAST BANGALORE,12.975085,77.71217,65.17,0.5762,0.5731,0.5556,High
NORTH BANGALORE,13.005814,77.57653,65.14,0.5818,0.5299,0.6151,High
NORTH BANGALORE,13.03826,77.58996,65.12,0.5802,0.6706,0.4121,High
SOUTH BANGALORE,12.941273,77.601875,65.09,0.6443,0.6104,0.5031,High
SOUTH BANGALORE,12.933146,77.6105,65.03,0.5301,0.7007,0.3715,High
SOUTH BANGALORE,12.912271,77.63809,65.01,0.5172,0.6589,0.4334,High
WEST BANGALORE,12.995748,77.56511,65.0,0.58,0.5304,0.6151,High
WEST BANGALORE,13.027159,77.53957,64.93,0.6224,0.5505,0.5843,High
LOGISTICS / HIGH TRAFFIC ZONES,12.967037,77.57906,64.93,0.5488,0.5576,0.5843,High
SOUTH BANGALORE,12.943996,77.60347,64.92,0.5902,0.6106,0.5031,High
SOUTH BANGALORE,12.92425,77.6076,64.92,0.5731,0.5051,0.6486,High
SOUTH BANGALORE,12.939438,77.60225,64.91,0.6006,0.6099,0.5031,High
SOUTH BANGALORE,12.939075,77.5697,64.9,0.5908,0.6276,0.4788,High
LOGISTICS / HIGH TRAFFIC ZONES,12.96281,77.58364,64.87,0.6307,0.624,0.4788,High
NORTH BANGALORE,13.040647,77.62922,64.86,0.545,0.5301,0.6151,High
SOUTHEAST / IT CORRIDOR,12.92331,77.61126,64.83,0.5307,0.5567,0.5843,High
WEST BANGALORE,12.996424,77.54476,64.83,0.5912,0.6118,0.5031,High
NORTH BANGALORE,12.943038,77.59858,64.81,0.6318,0.5539,0.5843,High
EAST BANGALORE,12.936287,77.70649,64.8,0.5577,0.5508,0.5843,High
SOUTHEAST / IT CORRIDOR,12.908815,77.63535,64.75,0.5867,0.5035,0.6486,High
LOGISTICS / HIGH TRAFFIC ZONES,12.915487,77.62092,64.75,0.5387,0.531,0.6151,High
SOUTH BANGALORE,12.901838,77.584206,64.74,0.5429,0.5313,0.6151,High
SOUTH BANGALORE,12.920908,77.60063,64.74,0.5708,0.5067,0.6486,High
WEST BANGALORE,13.005406,77.57607,64.74,0.522,0.5381,0.6151,High
SOUTHEAST / IT CORRIDOR,12.915913,77.61238,64.73,0.5499,0.6539,0.4334,High
SOUTH BANGALORE,12.944523,77.59551,64.72,0.5638,0.5553,0.5843,High
EAST BANGALORE,12.936996,77.70266,64.71,0.5484,0.629,0.4788,High
NORTH BANGALORE,13.040913,77.59495,64.71,0.5314,0.6739,0.4121,High
SOUTH BANGALORE,12.942716,77.602745,64.68,0.6283,0.614,0.5031,High
LOGISTICS / HIGH TRAFFIC ZONES,13.014123,77.56567,64.65,0.5837,0.5547,0.5843,High
SOUTHEAST / IT CORRIDOR,12.926683,77.61098,64.64,0.5583,0.6953,0.3715,High
NORTH BANGALORE,13.004713,77.577354,64.64,0.551,0.5318,0.6151,High
NORTH BANGALORE,13.072078,77.58351,64.59,0.5367,0.5289,0.6151,High
NORTH BANGALORE,12.949434,77.59639,64.59,0.6322,0.5524,0.5843,High
NORTH BANGALORE,13.0447,77.62876,64.57,0.4837,0.6136,0.5031,High
SOUTH BANGALORE,12.916275,77.60579,64.55,0.5633,0.5572,0.5843,High
NORTH BANGALORE,13.048221,77.60075,64.55,0.6079,0.64,0.4557,High
CENTRAL BANGALORE,13.000511,77.577774,64.5,0.5365,0.5813,0.5556,High
SOUTH BANGALORE,12.917058,77.61249,64.49,0.5068,0.6305,0.4788,High
SOUTH BANGALORE,12.946692,77.59646,64.49,0.5971,0.5534,0.5843,High
NORTH BANGALORE,13.041594,77.62228,64.44,0.4275,0.5802,0.5556,High
LOGISTICS / HIGH TRAFFIC ZONES,13.00751,77.5651,64.41,0.5525,0.5565,0.5843,High
EAST BANGALORE,12.936117,77.70378,64.4,0.5234,0.6605,0.4334,High
SOUTH BANGALORE,12.935666,77.5777,64.39,0.523,0.7212,0.3333,High
SOUTHEAST / IT CORRIDOR,12.913693,77.6439,64.37,0.5079,0.6318,0.4788,High
SOUTH BANGALORE,12.936571,77.60898,64.34,0.601,0.7328,0.3151,High
EAST BANGALORE,12.941363,77.70316,64.27,0.6053,0.6262,0.4788,High
WEST BANGALORE,12.996971,77.56351,64.25,0.6076,0.5276,0.6151,High
NORTH BANGALORE,13.045613,77.63241,64.23,0.5307,0.5299,0.6151,High
WEST BANGALORE,12.998782,77.57575,64.21,0.4542,0.581,0.5556,High
WEST BANGALORE,12.997129,77.57187,64.19,0.4468,0.5841,0.5556,High
NORTH BANGALORE,12.946399,77.591934,64.18,0.6357,0.5888,0.5286,High
WEST BANGALORE,12.979798,77.5534,64.18,0.502,0.5352,0.6151,High
SOUTH BANGALORE,12.92249,77.58831,64.13,0.5727,0.553,0.5843,High
LOGISTICS / HIGH TRAFFIC ZONES,12.911419,77.62606,64.12,0.5859,0.553,0.5843,High
EAST BANGALORE,12.934883,77.705986,64.12,0.5737,0.5539,0.5843,High
LOGISTICS / HIGH TRAFFIC ZONES,13.009693,77.56369,64.11,0.5493,0.5589,0.5843,High
SOUTH BANGALORE,12.926343,77.6036,64.09,0.5971,0.6117,0.5031,High
WEST BANGALORE,12.992104,77.53953,64.08,0.6195,0.5694,0.5556,High
WEST BANGALORE,12.999421,77.574104,64.07,0.5208,0.5804,0.5556,High
SOUTHEAST / IT CORRIDOR,12.911057,77.629234,64.04,0.5536,0.5553,0.5843,High
NORTH BANGALORE,12.948718,77.59359,64.03,0.5038,0.5612,0.5843,High
SOUTH BANGALORE,12.925615,77.601364,63.99,0.6403,0.5067,0.6486,High
EAST BANGALORE,12.934432,77.70621,63.98,0.5945,0.5942,0.5286,High
SOUTH BANGALORE,12.934446,77.59125,63.94,0.5152,0.5574,0.5843,High
LOGISTICS / HIGH TRAFFIC ZONES,12.96298,77.58111,63.93,0.6177,0.5943,0.5286,High
LOGISTICS / HIGH TRAFFIC ZONES,12.961679,77.579636,63.92,0.6337,0.6559,0.4334,High
WEST BANGALORE,13.002895,77.56175,63.91,0.6082,0.5965,0.5286,High
LOGISTICS / HIGH TRAFFIC ZONES,13.013463,77.566536,63.87,0.5602,0.5566,0.5843,High
WEST BANGALORE,12.993003,77.541565,63.86,0.5653,0.5749,0.5556,High
EAST BANGALORE,12.941864,77.702194,63.85,0.5595,0.5963,0.5286,High
SOUTHEAST / IT CORRIDOR,12.84675,77.65253,63.84,0.6233,0.5926,0.5286,High
WEST BANGALORE,13.002221,77.57173,63.82,0.4813,0.578,0.5556,High
SOUTH BANGALORE,12.946822,77.60248,63.82,0.6358,0.5546,0.5843,High
SOUTH BANGALORE,12.933671,77.609055,63.82,0.6236,0.6733,0.4121,High
NORTH BANGALORE,12.945954,77.5924,63.81,0.605,0.549,0.5843,High
SOUTH BANGALORE,12.908251,77.64058,63.81,0.4964,0.5954,0.5286,High
WEST BANGALORE,12.993854,77.5381,63.78,0.6312,0.5284,0.6151,High
EAST BANGALORE,12.939129,77.70349,63.72,0.6036,0.6291,0.4788,High
EAST BANGALORE,12.9716,77.5946,63.7,0.6026,0.5264,0.6151,High
EAST BANGALORE,12.959655,77.72406,63.7,0.6241,0.5289,0.6151,High
SOUTH BANGALORE,12.945057,77.60266,63.68,0.6726,0.6395,0.4557,High
WEST BANGALORE,13.001228,77.55443,63.63,0.5626,0.6279,0.4788,High
NORTH BANGALORE,13.044255,77.60081,63.63,0.5353,0.6122,0.5031,High
SOUTH BANGALORE,12.942534,77.60063,63.61,0.5861,0.6123,0.5031,High
SOUTH BANGALORE,12.931168,77.57603,63.6,0.5572,0.7252,0.3333,High
CENTRAL BANGALORE,12.966379,77.56646,63.59,0.5788,0.5084,0.6486,High
WEST BANGALORE,13.001028,77.57092,63.57,0.4923,0.5802,0.5556,High
SOUTH BANGALORE,12.925672,77.60436,63.57,0.5858,0.5085,0.6486,High
SOUTH BANGALORE,12.934903,77.56944,63.56,0.5511,0.5561,0.5843,High
SOUTH BANGALORE,12.859843,77.6069,63.56,0.6341,0.5039,0.6486,High
SOUTHEAST / IT CORRIDOR,12.917824,77.61866,63.54,0.5047,0.5311,0.6151,High
SOUTH BANGALORE,12.927176,77.606995,63.5,0.5963,0.6084,0.5031,High
NORTH BANGALORE,13.039561,77.62222,63.48,0.491,0.5805,0.5556,High
WEST BANGALORE,12.993538,77.54191,63.44,0.6017,0.5709,0.5556,High
EAST BANGALORE,12.966623,77.718735,63.43,0.6677,0.5695,0.5556,High
WEST BANGALORE,12.994698,77.56915,63.41,0.4844,0.5814,0.5556,High
SOUTH BANGALORE,12.942908,77.60317,63.4,0.6078,0.6116,0.5031,High
SOUTH BANGALORE,12.919196,77.63335,63.39,0.5959,0.5508,0.5843,High
SOUTHEAST / IT CORRIDOR,12.91517,77.62557,63.38,0.5606,0.5567,0.5843,High
EAST BANGALORE,12.965333,77.71895,63.33,0.5514,0.6091,0.5031,High
NORTH BANGALORE,13.035337,77.59737,63.31,0.4873,0.678,0.4121,High
SOUTHEAST / IT CORRIDOR,12.923243,77.61337,63.31,0.4866,0.5929,0.5286,High
SOUTH BANGALORE,12.914351,77.60414,63.29,0.5787,0.5566,0.5843,High
SOUTH BANGALORE,12.920517,77.58367,63.28,0.5935,0.6595,0.4334,High
SOUTH BANGALORE,12.922166,77.60989,63.27,0.6018,0.5063,0.6486,High
WEST BANGALORE,12.985815,77.53886,63.26,0.5125,0.5309,0.6151,High
NORTH BANGALORE,13.050094,77.6034,63.23,0.5661,0.5548,0.5843,High
SOUTH BANGALORE,12.924286,77.60354,63.22,0.5939,0.5074,0.6486,High
SOUTHEAST / IT CORRIDOR,12.923485,77.62041,63.2,0.5129,0.6957,0.3715,High
LOGISTICS / HIGH TRAFFIC ZONES,13.00903,77.56704,63.2,0.5957,0.5526,0.5843,High
WEST BANGALORE,13.003568,77.57434,63.2,0.5142,0.6144,0.5031,High
SOUTH BANGALORE,12.943568,77.60392,63.19,0.6683,0.606,0.5031,High
SOUTH BANGALORE,12.941628,77.606606,63.19,0.6211,0.61,0.5031,High
EAST BANGALORE,12.967833,77.71848,63.16,0.5633,0.5328,0.6151,High
WEST BANGALORE,12.99959,77.56546,63.15,0.5339,0.6588,0.4334,High
EAST BANGALORE,12.938848,77.7039,63.14,0.6347,0.6277,0.4788,High
WEST BANGALORE,12.996091,77.54488,63.14,0.562,0.6113,0.5031,High
LOGISTICS / HIGH TRAFFIC ZONES,13.008634,77.56889,63.12,0.5398,0.5978,0.5286,High
LOGISTICS / HIGH TRAFFIC ZONES,12.968458,77.57439,63.11,0.5437,0.6013,0.5286,High
SOUTH BANGALORE,12.930885,77.60303,63.11,0.5918,0.6127,0.5031,High
NORTH BANGALORE,13.072893,77.58554,63.1,0.5689,0.5366,0.6151,High
SOUTH BANGALORE,12.928984,77.58862,63.09,0.5298,0.6613,0.4334,High
NORTH BANGALORE,13.004893,77.57359,63.09,0.5207,0.5791,0.5556,High
WEST BANGALORE,12.99533,77.53917,63.08,0.5915,0.5266,0.6151,High
EAST BANGALORE,12.933493,77.70096,63.02,0.5988,0.5296,0.6151,High
NORTH BANGALORE,13.049319,77.62774,63.01,0.5447,0.5755,0.5556,High
SOUTHEAST / IT CORRIDOR,12.92043,77.619125,62.95,0.5538,0.5714,0.5556,High
SOUTHEAST / IT CORRIDOR,12.940431,77.62794,62.92,0.5344,0.5071,0.6486,High
LOGISTICS / HIGH TRAFFIC ZONES,13.007779,77.57182,62.85,0.5618,0.5312,0.6151,High
WEST BANGALORE,12.992993,77.54361,62.84,0.5645,0.576,0.5556,High
SOUTH BANGALORE,12.95028,77.602356,62.83,0.602,0.5526,0.5843,High
SOUTH BANGALORE,12.935605,77.57407,62.83,0.5307,0.7015,0.3715,High
WEST BANGALORE,13.027175,77.53786,62.82,0.5531,0.5539,0.5843,High
SOUTH BANGALORE,12.940701,77.58172,62.79,0.5141,0.695,0.3715,High
NORTH BANGALORE,13.032549,77.590485,62.78,0.5417,0.5952,0.5286,High
EAST BANGALORE,12.927468,77.6776,62.78,0.5784,0.5246,0.6151,High
SOUTH BANGALORE,12.927863,77.604546,62.74,0.5838,0.6099,0.5031,High
LOGISTICS / HIGH TRAFFIC ZONES,13.0075,77.565285,62.7,0.579,0.556,0.5843,High
CENTRAL BANGALORE,12.968744,77.60694,62.67,0.6706,0.8483,0.1251,High
SOUTH BANGALORE,12.924794,77.633835,62.66,0.5243,0.5949,0.5286,High
EAST BANGALORE,12.936498,77.700325,62.65,0.6457,0.6231,0.4788,High
SOUTH BANGALORE,12.927924,77.59568,62.65,0.5869,0.5056,0.6486,High
SOUTH BANGALORE,12.858595,77.60825,62.6,0.6143,0.5006,0.6486,High
WEST BANGALORE,13.027992,77.53707,62.59,0.6097,0.5539,0.5843,High
NORTH BANGALORE,13.035393,77.59787,62.56,0.4995,0.6798,0.4121,High
SOUTHEAST / IT CORRIDOR,12.964766,77.642235,62.56,0.5709,0.5916,0.5286,High
SOUTH BANGALORE,12.943938,77.610245,62.56,0.5773,0.6435,0.4557,High
WEST BANGALORE,13.001867,77.575226,62.55,0.5224,0.579,0.5556,High
SOUTHEAST / IT CORRIDOR,12.917901,77.61103,62.54,0.5005,0.6298,0.4788,High
LOGISTICS / HIGH TRAFFIC ZONES,12.969398,77.58311,62.53,0.5724,0.5991,0.5286,High
SOUTH BANGALORE,12.943512,77.61613,62.52,0.5945,0.5543,0.5843,High
SOUTH BANGALORE,12.942248,77.60232,62.51,0.5512,0.6143,0.5031,High
NORTH BANGALORE,13.049091,77.629364,62.51,0.573,0.5295,0.6151,High
SOUTH BANGALORE,12.925562,77.60578,62.5,0.6186,0.6085,0.5031,High
LOGISTICS / HIGH TRAFFIC ZONES,12.968201,77.5803,62.5,0.5887,0.5968,0.5286,High
SOUTH BANGALORE,12.926052,77.608826,62.48,0.5741,0.6123,0.5031,High
SOUTH BANGALORE,12.914032,77.64186,62.45,0.4901,0.6587,0.4334,High
AIRPORT & PERIPHERAL ZONES,12.9716,77.5946,62.43,0.5306,0.5336,0.6151,High
NORTH BANGALORE,13.003924,77.57427,62.43,0.5099,0.6133,0.5031,High
WEST BANGALORE,13.000644,77.55172,62.42,0.5768,0.6601,0.4334,High
SOUTH BANGALORE,12.869427,77.60978,62.41,0.6245,0.5039,0.6486,High
WEST BANGALORE,12.996067,77.56517,62.38,0.4868,0.5337,0.6151,High
SOUTHEAST / IT CORRIDOR,12.910258,77.64415,62.36,0.4822,0.5388,0.6151,High
LOGISTICS / HIGH TRAFFIC ZONES,13.009613,77.5653,62.34,0.5807,0.5543,0.5843,High
NORTH BANGALORE,13.048934,77.63167,62.33,0.5427,0.5297,0.6151,High
SOUTH BANGALORE,12.946717,77.6024,62.33,0.5999,0.5561,0.5843,High
SOUTH BANGALORE,12.914346,77.60784,62.27,0.5242,0.5966,0.5286,High
NORTH BANGALORE,12.94625,77.593765,62.23,0.6005,0.5525,0.5843,High
NORTH BANGALORE,13.0476,77.620026,62.22,0.5293,0.577,0.5556,High
LOGISTICS / HIGH TRAFFIC ZONES,12.967615,77.577805,62.2,0.4694,0.5615,0.5843,High
EAST BANGALORE,12.935384,77.704994,62.18,0.642,0.6541,0.4334,High
WEST BANGALORE,13.000693,77.56509,62.15,0.5321,0.6883,0.3914,High
WEST BANGALORE,12.99461,77.53909,62.14,0.6138,0.5724,0.5556,High
SOUTHEAST / IT CORRIDOR,12.916674,77.62753,62.14,0.5906,0.5535,0.5843,High
WEST BANGALORE,12.98898,77.53978,62.13,0.5278,0.5292,0.6151,High
SOUTHEAST / IT CORRIDOR,12.90748,77.63437,62.11,0.5614,0.5049,0.6486,High
WEST BANGALORE,12.997594,77.57607,62.1,0.4805,0.5817,0.5556,High
SOUTH BANGALORE,12.942254,77.601105,62.1,0.6187,0.6099,0.5031,High
LOGISTICS / HIGH TRAFFIC ZONES,12.965056,77.58238,62.08,0.5823,0.5547,0.5843,High
SOUTH BANGALORE,12.941553,77.60326,62.07,0.6475,0.6075,0.5031,High
CENTRAL BANGALORE,12.964362,77.5639,62.06,0.6512,0.5028,0.6486,High
NORTH BANGALORE,13.046146,77.62954,62.05,0.511,0.5739,0.5556,High
NORTH BANGALORE,13.038389,77.597626,62.01,0.5172,0.6749,0.4121,High
SOUTH BANGALORE,12.866464,77.61239,62.0,0.6103,0.5015,0.6486,High
LOGISTICS / HIGH TRAFFIC ZONES,12.957946,77.577255,61.95,0.6107,0.6587,0.4334,High
SOUTH BANGALORE,12.931008,77.60697,61.93,0.5543,0.6482,0.4557,High
NORTH BANGALORE,12.945668,77.59539,61.93,0.5583,0.5579,0.5843,High
SOUTH BANGALORE,12.927799,77.60299,61.92,0.6159,0.6099,0.5031,High
WEST BANGALORE,13.001847,77.565735,61.89,0.4465,0.6901,0.3914,High
SOUTH BANGALORE,12.924829,77.60672,61.83,0.5476,0.5082,0.6486,High
WEST BANGALORE,12.997211,77.5681,61.81,0.535,0.5788,0.5556,High
LOGISTICS / HIGH TRAFFIC ZONES,12.968617,77.57375,61.74,0.5431,0.6029,0.5286,High
SOUTH BANGALORE,12.944051,77.6076,61.74,0.6072,0.6119,0.5031,High
SOUTH BANGALORE,12.920726,77.60464,61.73,0.5934,0.5106,0.6486,High
WEST BANGALORE,13.000394,77.56184,61.72,0.5719,0.5926,0.5286,High
LOGISTICS / HIGH TRAFFIC ZONES,12.966361,77.58339,61.72,0.5861,0.5915,0.5286,High
SOUTHEAST / IT CORRIDOR,12.848046,77.64966,61.72,0.6289,0.5048,0.6486,High
NORTH BANGALORE,13.050693,77.628235,61.71,0.5392,0.5739,0.5556,High
CENTRAL BANGALORE,13.001422,77.57808,61.71,0.5191,0.5768,0.5556,High
SOUTH BANGALORE,12.947137,77.60066,61.68,0.6322,0.5554,0.5843,High
WEST BANGALORE,13.006884,77.572754,61.67,0.5576,0.5739,0.5556,High
CENTRAL BANGALORE,12.980384,77.59691,61.64,0.5753,0.5561,0.5843,High
SOUTH BANGALORE,12.938521,77.57151,61.63,0.5663,0.6582,0.4334,High
SOUTHEAST / IT CORRIDOR,12.963836,77.643555,61.6,0.5812,0.5923,0.5286,High
LOGISTICS / HIGH TRAFFIC ZONES,13.008567,77.56997,61.6,0.5693,0.5957,0.5286,High
LOGISTICS / HIGH TRAFFIC ZONES,12.910057,77.645164,61.58,0.5497,0.5328,0.6151,High
NORTH BANGALORE,13.039894,77.62418,61.57,0.3937,0.5841,0.5556,High
SOUTH BANGALORE,12.926016,77.60951,61.57,0.6022,0.6403,0.4557,High
SOUTH BANGALORE,12.93341,77.588776,61.54,0.5998,0.5495,0.5843,High
WEST BANGALORE,13.019343,77.52959,61.51,0.5833,0.5063,0.6486,High
SOUTH BANGALORE,12.931324,77.613235,61.49,0.5515,0.7637,0.263,High
CENTRAL BANGALORE,12.968511,77.60697,61.48,0.6346,0.849,0.1251,High
SOUTH BANGALORE,12.924475,77.63734,61.42,0.6168,0.5003,0.6486,High
WEST BANGALORE,12.980479,77.63022,61.39,0.5024,0.6587,0.4334,High
SOUTH BANGALORE,12.931925,77.58779,61.38,0.5387,0.6315,0.4788,High
CENTRAL BANGALORE,13.000358,77.57808,61.38,0.5113,0.5804,0.5556,High
SOUTH BANGALORE,12.943682,77.60196,61.38,0.6755,0.6087,0.5031,High
SOUTH BANGALORE,12.924511,77.59706,61.35,0.5419,0.5086,0.6486,High
NORTH BANGALORE,12.944363,77.5914,61.31,0.5386,0.5037,0.6486,High
SOUTH BANGALORE,12.868032,77.61293,61.31,0.6071,0.5018,0.6486,High
WEST BANGALORE,12.981672,77.55172,61.28,0.4978,0.5355,0.6151,High
NORTH BANGALORE,12.94709,77.59485,61.19,0.5958,0.5521,0.5843,High
NORTH BANGALORE,13.039863,77.590294,61.18,0.5456,0.673,0.4121,High
LOGISTICS / HIGH TRAFFIC ZONES,12.917199,77.64611,61.16,0.5311,0.5309,0.6151,High
SOUTH BANGALORE,12.920393,77.63668,61.1,0.5411,0.593,0.5286,High
SOUTHEAST / IT CORRIDOR,12.908834,77.64158,61.08,0.513,0.595,0.5286,High
CENTRAL BANGALORE,12.99344,77.576706,61.05,0.5362,0.5378,0.6151,High
LOGISTICS / HIGH TRAFFIC ZONES,12.968369,77.58418,61.03,0.5942,0.5939,0.5286,High
LOGISTICS / HIGH TRAFFIC ZONES,12.970527,77.5808,61.0,0.5106,0.5983,0.5286,High
CENTRAL BANGALORE,12.994531,77.593025,61.0,0.5813,0.5319,0.6151,High
SOUTH BANGALORE,12.916773,77.63376,60.97,0.5627,0.5931,0.5286,High
NORTH BANGALORE,13.040406,77.62938,60.97,0.535,0.5352,0.6151,High
SOUTH BANGALORE,12.927084,77.60904,60.9,0.5489,0.6457,0.4557,High
LOGISTICS / HIGH TRAFFIC ZONES,12.962157,77.58078,60.87,0.5454,0.6298,0.4788,High
WEST BANGALORE,12.977447,77.63889,60.87,0.49,0.8292,0.1538,High
LOGISTICS / HIGH TRAFFIC ZONES,12.970915,77.581154,60.87,0.5484,0.5952,0.5286,High
EAST BANGALORE,12.935368,77.7044,60.86,0.6418,0.6544,0.4334,High
WEST BANGALORE,12.989881,77.54259,60.86,0.5353,0.5752,0.5556,High
WEST BANGALORE,13.002816,77.577126,60.82,0.5174,0.6113,0.5031,High
CENTRAL BANGALORE,12.993663,77.5929,60.82,0.5976,0.53,0.6151,High
NORTH BANGALORE,13.004711,77.57607,60.78,0.4804,0.5797,0.5556,High
SOUTHEAST / IT CORRIDOR,12.91378,77.632385,60.74,0.5801,0.5565,0.5843,High
CENTRAL BANGALORE,12.992894,77.58939,60.73,0.6172,0.526,0.6151,High
NORTH BANGALORE,13.037862,77.596214,60.73,0.5175,0.6757,0.4121,High
WEST BANGALORE,13.001811,77.558624,60.7,0.5739,0.6294,0.4788,High
SOUTH BANGALORE,12.944113,77.59907,60.63,0.6227,0.5545,0.5843,High
SOUTH BANGALORE,12.944659,77.59103,60.63,0.6329,0.5459,0.5843,High
EAST BANGALORE,12.935777,77.70575,60.6,0.5873,0.6299,0.4788,High
LOGISTICS / HIGH TRAFFIC ZONES,13.009249,77.56424,60.58,0.5716,0.5564,0.5843,High
WEST BANGALORE,12.965692,77.56434,60.56,0.5311,0.5071,0.6486,High
NORTH BANGALORE,13.034428,77.593605,60.53,0.511,0.6741,0.4121,High
NORTH BANGALORE,13.036472,77.59137,60.52,0.5288,0.6724,0.4121,High
CENTRAL BANGALORE,12.994081,77.58914,60.51,0.5588,0.5331,0.6151,High
SOUTHEAST / IT CORRIDOR,12.910684,77.62916,60.5,0.5842,0.5525,0.5843,High
SOUTH BANGALORE,12.907163,77.63564,60.49,0.5558,0.5085,0.6486,High
SOUTH BANGALORE,12.94353,77.611336,60.46,0.5281,0.6453,0.4557,High
NORTH BANGALORE,13.077299,77.59033,60.44,0.5004,0.5355,0.6151,High
EAST BANGALORE,12.966701,77.71767,60.42,0.5307,0.5796,0.5556,High
SOUTH BANGALORE,12.935752,77.57014,60.41,0.5965,0.6279,0.4788,High
LOGISTICS / HIGH TRAFFIC ZONES,12.968102,77.57831,60.39,0.5264,0.5988,0.5286,High
SOUTHEAST / IT CORRIDOR,12.91299,77.643135,60.39,0.5457,0.632,0.4788,High
LOGISTICS / HIGH TRAFFIC ZONES,12.957405,77.57749,60.36,0.5048,0.6668,0.4334,High
LOGISTICS / HIGH TRAFFIC ZONES,13.00856,77.56578,60.35,0.5104,0.558,0.5843,High
CENTRAL BANGALORE,12.996541,77.570984,60.27,0.4646,0.581,0.5556,High
NORTH BANGALORE,13.050776,77.62725,60.26,0.5209,0.5752,0.5556,High
SOUTH BANGALORE,12.933047,77.59057,60.21,0.5595,0.5525,0.5843,High
WEST BANGALORE,12.989692,77.54264,60.19,0.5551,0.5744,0.5556,High
CENTRAL BANGALORE,12.991568,77.569176,60.18,0.5356,0.5357,0.6151,High
SOUTHEAST / IT CORRIDOR,12.848229,77.652435,60.16,0.5615,0.597,0.5286,High
LOGISTICS / HIGH TRAFFIC ZONES,13.008606,77.56339,60.15,0.5607,0.5994,0.5286,High
WEST BANGALORE,13.001452,77.57407,60.14,0.5014,0.5773,0.5556,High
SOUTHEAST / IT CORRIDOR,12.848046,77.64966,60.13,0.5698,0.5064,0.6486,High
SOUTHEAST / IT CORRIDOR,12.914382,77.62803,60.11,0.5887,0.5523,0.5843,High
NORTH BANGALORE,13.052199,77.601036,60.1,0.642,0.5494,0.5843,High
SOUTHEAST / IT CORRIDOR,12.911338,77.629166,60.07,0.5267,0.557,0.5843,High
WEST BANGALORE,12.999545,77.55479,60.07,0.5256,0.6296,0.4788,High
SOUTH BANGALORE,12.932203,77.577065,60.04,0.5551,0.7224,0.3333,High
SOUTH BANGALORE,12.903151,77.582214,60.03,0.5711,0.5302,0.6151,High
LOGISTICS / HIGH TRAFFIC ZONES,12.95738,77.583435,60.02,0.5674,0.5749,0.5556,High
SOUTH BANGALORE,12.935775,77.574005,59.99,0.5224,0.7025,0.3715,Moderate
NORTH BANGALORE,13.004582,77.57562,59.99,0.5801,0.5734,0.5556,Moderate
WEST BANGALORE,12.996991,77.54396,59.98,0.5827,0.6104,0.5031,Moderate
NORTH BANGALORE,13.039949,77.62439,59.98,0.413,0.5838,0.5556,Moderate
SOUTH BANGALORE,12.936308,77.58052,59.97,0.5639,0.7237,0.3333,Moderate
WEST BANGALORE,12.998587,77.5646,59.96,0.5178,0.5808,0.5556,Moderate
CENTRAL BANGALORE,12.994418,77.574455,59.96,0.5165,0.5797,0.5556,Moderate
SOUTHEAST / IT CORRIDOR,12.911846,77.6284,59.96,0.5541,0.5564,0.5843,Moderate
LOGISTICS / HIGH TRAFFIC ZONES,12.916077,77.619095,59.95,0.5095,0.5326,0.6151,Moderate
WEST BANGALORE,12.924475,77.49072,59.9,0.5877,0.5048,0.6486,Moderate
SOUTH BANGALORE,12.927102,77.60657,59.89,0.6079,0.6095,0.5031,Moderate
NORTH BANGALORE,13.047059,77.624916,59.83,0.5082,0.5807,0.5556,Moderate
SOUTHEAST / IT CORRIDOR,12.851103,77.65482,59.79,0.5027,0.6009,0.5286,Moderate
SOUTH BANGALORE,12.937199,77.60854,59.76,0.6333,0.7327,0.3151,Moderate
NORTH BANGALORE,13.005047,77.57733,59.76,0.5371,0.5326,0.6151,Moderate
SOUTH BANGALORE,12.931563,77.60736,59.74,0.5384,0.5994,0.5286,Moderate
NORTH BANGALORE,13.027794,77.59885,59.71,0.5099,0.5352,0.6151,Moderate
NORTH BANGALORE,13.051442,77.59917,59.66,0.5395,0.6423,0.4557,Moderate
WEST BANGALORE,12.991301,77.54043,59.66,0.5314,0.5761,0.5556,Moderate
WEST BANGALORE,12.924673,77.49073,59.66,0.5634,0.5078,0.6486,Moderate
LOGISTICS / HIGH TRAFFIC ZONES,12.965768,77.57327,59.62,0.5941,0.6001,0.5286,Moderate
WEST BANGALORE,12.996069,77.57453,59.55,0.5102,0.5827,0.5556,Moderate
LOGISTICS / HIGH TRAFFIC ZONES,12.958527,77.57189,59.55,0.5561,0.5971,0.5286,Moderate
SOUTH BANGALORE,12.931548,77.56339,59.54,0.5152,0.5977,0.5286,Moderate
SOUTH BANGALORE,12.920821,77.60878,59.53,0.5918,0.5543,0.5843,Moderate
LOGISTICS / HIGH TRAFFIC ZONES,12.9695,77.57639,59.49,0.5107,0.6006,0.5286,Moderate
SOUTHEAST / IT CORRIDOR,12.851559,77.65144,59.49,0.6391,0.5516,0.5843,Moderate
WEST BANGALORE,13.026148,77.53689,59.48,0.6141,0.5521,0.5843,Moderate
SOUTH BANGALORE,12.92577,77.60156,59.46,0.5464,0.5048,0.6486,Moderate
CENTRAL BANGALORE,12.968442,77.607155,59.43,0.6269,0.8501,0.1251,Moderate
SOUTHEAST / IT CORRIDOR,12.91025,77.64436,59.41,0.5355,0.5327,0.6151,Moderate
SOUTHEAST / IT CORRIDOR,12.912388,77.635506,59.37,0.4752,0.6333,0.4788,Moderate
NORTH BANGALORE,13.050158,77.601944,59.36,0.6214,0.5525,0.5843,Moderate
SOUTHEAST / IT CORRIDOR,12.855359,77.65532,59.36,0.5945,0.553,0.5843,Moderate
SOUTHEAST / IT CORRIDOR,12.917695,77.61728,59.35,0.5237,0.5758,0.5556,Moderate
SOUTH BANGALORE,12.9309,77.60139,59.33,0.5357,0.6105,0.5031,Moderate
NORTH BANGALORE,13.047553,77.62651,59.29,0.484,0.5784,0.5556,Moderate
WEST BANGALORE,12.9973,77.57254,59.22,0.4827,0.5806,0.5556,Moderate
CENTRAL BANGALORE,12.968143,77.606575,59.2,0.6022,0.8339,0.1538,Moderate
SOUTHEAST / IT CORRIDOR,12.848295,77.65212,59.16,0.6078,0.5928,0.5286,Moderate
SOUTH BANGALORE,12.934164,77.60974,59.15,0.6442,0.676,0.4121,Moderate
WEST BANGALORE,13.002977,77.559746,59.12,0.628,0.5951,0.5286,Moderate
CENTRAL BANGALORE,12.985872,77.598404,59.09,0.6256,0.5555,0.5843,Moderate
SOUTH BANGALORE,12.935825,77.575714,59.08,0.5474,0.7239,0.3333,Moderate
SOUTH BANGALORE,12.925488,77.6099,59.04,0.574,0.6439,0.4557,Moderate
NORTH BANGALORE,13.042506,77.62228,59.02,0.4713,0.5753,0.5556,Moderate
SOUTH BANGALORE,12.940497,77.60199,59.01,0.5573,0.6126,0.5031,Moderate
SOUTH BANGALORE,12.926415,77.6156,58.99,0.4841,0.7326,0.3151,Moderate
LOGISTICS / HIGH TRAFFIC ZONES,12.969539,77.57984,58.95,0.5148,0.5989,0.5286,Moderate
WEST BANGALORE,12.997559,77.559784,58.92,0.5237,0.5946,0.5286,Moderate
CENTRAL BANGALORE,12.994796,77.576385,58.92,0.5035,0.5381,0.6151,Moderate
NORTH BANGALORE,13.035108,77.59686,58.9,0.451,0.6769,0.4121,Moderate
SOUTHEAST / IT CORRIDOR,12.919025,77.6136,58.9,0.5162,0.6298,0.4788,Moderate
SOUTHEAST / IT CORRIDOR,12.921934,77.6129,58.87,0.5114,0.5987,0.5286,Moderate
NORTH BANGALORE,13.034835,77.59478,58.87,0.5144,0.6739,0.4121,Moderate
EAST BANGALORE,12.936014,77.70568,58.83,0.6078,0.6266,0.4788,Moderate
EAST BANGALORE,12.93456,77.7042,58.79,0.6569,0.6219,0.4788,Moderate
LOGISTICS / HIGH TRAFFIC ZONES,12.969929,77.58104,58.73,0.6603,0.5935,0.5286,Moderate
EAST BANGALORE,12.936483,77.704994,58.73,0.571,0.6301,0.4788,Moderate
SOUTH BANGALORE,12.865616,77.591156,58.71,0.5759,0.5266,0.6151,Moderate
WEST BANGALORE,12.965165,77.56422,58.7,0.555,0.5096,0.6486,Moderate
SOUTH BANGALORE,12.952434,77.60084,58.64,0.6994,0.5481,0.5843,Moderate
EAST BANGALORE,12.975139,77.63375,58.63,0.5814,0.816,0.1835,Moderate
SOUTHEAST / IT CORRIDOR,12.92043,77.619125,58.62,0.508,0.5762,0.5556,Moderate
LOGISTICS / HIGH TRAFFIC ZONES,12.968793,77.58022,58.6,0.5291,0.5973,0.5286,Moderate
LOGISTICS / HIGH TRAFFIC ZONES,12.969884,77.58209,58.56,0.5466,0.5932,0.5286,Moderate
NORTH BANGALORE,13.029465,77.59472,58.49,0.4467,0.5393,0.6151,Moderate
NORTH BANGALORE,13.006755,77.57391,58.49,0.5973,0.5275,0.6151,Moderate
SOUTH BANGALORE,12.93745,77.60166,58.47,0.586,0.6114,0.5031,Moderate
SOUTH BANGALORE,12.949278,77.594894,58.43,0.5478,0.557,0.5843,Moderate
WEST BANGALORE,13.029428,77.5311,58.42,0.5912,0.5528,0.5843,Moderate
SOUTH BANGALORE,12.944338,77.60282,58.35,0.5431,0.648,0.4557,Moderate
NORTH BANGALORE,13.042963,77.620125,58.33,0.4919,0.5776,0.5556,Moderate
SOUTH BANGALORE,12.936536,77.60579,58.32,0.5401,0.6522,0.4557,Moderate
NORTH BANGALORE,12.950094,77.59586,58.32,0.6704,0.5549,0.5843,Moderate
SOUTH BANGALORE,12.944208,77.59315,58.31,0.571,0.503,0.6486,Moderate
SOUTHEAST / IT CORRIDOR,12.911379,77.634155,58.26,0.6116,0.5911,0.5286,Moderate
LOGISTICS / HIGH TRAFFIC ZONES,12.970389,77.58099,58.21,0.5233,0.5977,0.5286,Moderate
EAST BANGALORE,12.982274,77.71649,58.16,0.5046,0.5353,0.6151,Moderate
EAST BANGALORE,12.935705,77.706314,58.16,0.5458,0.5556,0.5843,Moderate
NORTH BANGALORE,12.949923,77.59631,58.16,0.6023,0.5529,0.5843,Moderate
NORTH BANGALORE,13.033339,77.59649,58.14,0.494,0.6768,0.4121,Moderate
WEST BANGALORE,12.999309,77.55764,58.11,0.5157,0.6295,0.4788,Moderate
WEST BANGALORE,12.990138,77.540405,58.09,0.5757,0.5714,0.5556,Moderate
SOUTH BANGALORE,12.937371,77.60173,57.98,0.5858,0.6132,0.5031,Moderate
SOUTH BANGALORE,12.906807,77.63437,57.94,0.6278,0.5053,0.6486,Moderate
WEST BANGALORE,13.005416,77.57376,57.93,0.475,0.5799,0.5556,Moderate
SOUTH BANGALORE,12.921019,77.58481,57.93,0.5034,0.6319,0.4788,Moderate
WEST BANGALORE,12.989215,77.5449,57.93,0.5368,0.6145,0.5031,Moderate
SOUTH BANGALORE,12.943204,77.6122,57.86,0.5737,0.6452,0.4557,Moderate
EAST BANGALORE,12.982201,77.7171,57.85,0.5273,0.5317,0.6151,Moderate
SOUTH BANGALORE,12.921689,77.60075,57.85,0.5804,0.505,0.6486,Moderate
LOGISTICS / HIGH TRAFFIC ZONES,13.014227,77.56578,57.85,0.6022,0.5586,0.5843,Moderate
SOUTHEAST / IT CORRIDOR,12.90806,77.637344,57.79,0.5607,0.5543,0.5843,Moderate
SOUTH BANGALORE,12.910917,77.64167,57.76,0.5309,0.6243,0.4788,Moderate
SOUTH BANGALORE,12.925022,77.61514,57.73,0.4246,0.7127,0.3521,Moderate
SOUTH BANGALORE,12.913997,77.60785,57.72,0.4589,0.6327,0.4788,Moderate
CENTRAL BANGALORE,12.96859,77.60762,57.71,0.6251,0.8508,0.1251,Moderate
LOGISTICS / HIGH TRAFFIC ZONES,12.965888,77.57209,57.71,0.5996,0.6001,0.5286,Moderate
LOGISTICS / HIGH TRAFFIC ZONES,13.008662,77.56839,57.71,0.5595,0.5985,0.5286,Moderate
NORTH BANGALORE,13.032946,77.59375,57.68,0.4959,0.596,0.5286,Moderate
CENTRAL BANGALORE,12.963796,77.604095,57.67,0.6828,0.5841,0.5556,Moderate
CENTRAL BANGALORE,12.992873,77.593704,57.67,0.5863,0.5322,0.6151,Moderate
EAST BANGALORE,12.962295,77.69909,57.66,0.5608,0.5753,0.5556,Moderate
EAST BANGALORE,12.960273,77.722565,57.59,0.6339,0.5234,0.6151,Moderate
CENTRAL BANGALORE,12.96955,77.60762,57.57,0.6004,0.8518,0.1251,Moderate
EAST BANGALORE,12.933521,77.70467,57.55,0.5474,0.5547,0.5843,Moderate
CENTRAL BANGALORE,12.985378,77.59845,57.52,0.683,0.5521,0.5843,Moderate
LOGISTICS / HIGH TRAFFIC ZONES,12.970314,77.58115,57.49,0.5923,0.5959,0.5286,Moderate
NORTH BANGALORE,13.032555,77.59559,57.49,0.5047,0.5978,0.5286,Moderate
SOUTHEAST / IT CORRIDOR,12.909946,77.643295,57.48,0.5523,0.6308,0.4788,Moderate
WEST BANGALORE,13.003712,77.574135,57.48,0.5074,0.6106,0.5031,Moderate
LOGISTICS / HIGH TRAFFIC ZONES,12.96572,77.58052,57.48,0.5183,0.5573,0.5843,Moderate
SOUTHEAST / IT CORRIDOR,12.913226,77.63527,57.47,0.5348,0.5974,0.5286,Moderate
SOUTH BANGALORE,12.9216,77.59435,57.45,0.5676,0.5083,0.6486,Moderate
CENTRAL BANGALORE,12.968452,77.606834,57.42,0.6348,0.8356,0.1538,Moderate
SOUTHEAST / IT CORRIDOR,12.908453,77.6351,57.38,0.5449,0.51,0.6486,Moderate
SOUTHEAST / IT CORRIDOR,12.918367,77.61096,57.38,0.5509,0.5931,0.5286,Moderate
SOUTH BANGALORE,12.933299,77.59084,57.33,0.6325,0.5518,0.5843,Moderate
AIRPORT & PERIPHERAL ZONES,13.198807,77.7111,57.32,0.5187,0.5399,0.6151,Moderate
EAST BANGALORE,12.934505,77.70172,57.31,0.5465,0.6286,0.4788,Moderate
SOUTH BANGALORE,12.927488,77.600555,57.28,0.5499,0.5118,0.6486,Moderate
WEST BANGALORE,13.005466,77.57018,57.27,0.5515,0.5768,0.5556,Moderate
WEST BANGALORE,12.998726,77.56228,57.25,0.5571,0.5537,0.5843,Moderate
WEST BANGALORE,13.017357,77.53166,57.19,0.5455,0.5539,0.5843,Moderate
LOGISTICS / HIGH TRAFFIC ZONES,12.922677,77.6204,57.18,0.5266,0.6419,0.4557,Moderate
SOUTH BANGALORE,12.926851,77.60649,57.11,0.5805,0.6097,0.5031,Moderate
SOUTH BANGALORE,12.93954,77.60949,57.09,0.5516,0.7371,0.3151,Moderate
WEST BANGALORE,13.001034,77.57361,57.07,0.5079,0.578,0.5556,Moderate
SOUTH BANGALORE,12.941045,77.60868,57.04,0.4956,0.6504,0.4557,Moderate
SOUTH BANGALORE,12.92433,77.58762,57.04,0.5528,0.6315,0.4788,Moderate
SOUTH BANGALORE,12.924002,77.637856,56.98,0.6328,0.5003,0.6486,Moderate
SOUTH BANGALORE,12.9296,77.60953,56.97,0.5108,0.7568,0.2799,Moderate
SOUTH BANGALORE,12.938495,77.573845,56.96,0.5465,0.6592,0.4334,Moderate
WEST BANGALORE,13.000417,77.561615,56.96,0.5536,0.595,0.5286,Moderate
SOUTH BANGALORE,12.908751,77.63192,56.92,0.5797,0.5054,0.6486,Moderate
NORTH BANGALORE,13.04338,77.62466,56.9,0.4566,0.5782,0.5556,Moderate
SOUTH BANGALORE,12.928402,77.5655,56.89,0.4158,0.6029,0.5286,Moderate
LOGISTICS / HIGH TRAFFIC ZONES,13.014697,77.56475,56.85,0.6032,0.5556,0.5843,Moderate
SOUTH BANGALORE,12.933357,77.610146,56.84,0.6004,0.6992,0.3715,Moderate
CENTRAL BANGALORE,12.968182,77.60635,56.83,0.6267,0.8356,0.1538,Moderate
SOUTH BANGALORE,12.921671,77.588264,56.78,0.5277,0.5588,0.5843,Moderate
SOUTH BANGALORE,12.926844,77.60151,56.74,0.6153,0.5044,0.6486,Moderate
SOUTH BANGALORE,12.936992,77.614174,56.74,0.5675,0.7461,0.2973,Moderate
SOUTH BANGALORE,12.936764,77.608315,56.69,0.5642,0.7375,0.3151,Moderate
LOGISTICS / HIGH TRAFFIC ZONES,12.913872,77.64672,56.69,0.5151,0.5328,0.6151,Moderate
SOUTH BANGALORE,12.918304,77.608,56.68,0.516,0.5964,0.5286,Moderate
EAST BANGALORE,12.936597,77.70429,56.67,0.5877,0.63,0.4788,Moderate
SOUTH BANGALORE,12.91146,77.63073,56.64,0.5465,0.5106,0.6486,Moderate
SOUTH BANGALORE,12.925993,77.605034,56.62,0.5492,0.611,0.5031,Moderate
CENTRAL BANGALORE,12.993238,77.592255,56.57,0.657,0.5408,0.6151,Moderate
WEST BANGALORE,12.996949,77.54578,56.54,0.5491,0.576,0.5556,Moderate
SOUTH BANGALORE,12.927226,77.60906,56.54,0.5381,0.6448,0.4557,Moderate
NORTH BANGALORE,12.951332,77.59122,56.49,0.5678,0.5408,0.6151,Moderate
SOUTHEAST / IT CORRIDOR,12.9231,77.67407,56.46,0.6311,0.5408,0.6151,Moderate
CENTRAL BANGALORE,12.969975,77.57616,56.43,0.3884,0.6029,0.5286,Moderate
CENTRAL BANGALORE,12.993608,77.59155,56.43,0.6112,0.5285,0.6151,Moderate
SOUTH BANGALORE,12.918293,77.60603,56.36,0.4918,0.5618,0.5843,Moderate
NORTH BANGALORE,12.946236,77.59224,56.35,0.5971,0.5952,0.5286,Moderate
WEST BANGALORE,13.019311,77.53132,56.27,0.6604,0.504,0.6486,Moderate
SOUTHEAST / IT CORRIDOR,12.849666,77.65206,56.26,0.5889,0.552,0.5843,Moderate
EAST BANGALORE,12.972041,77.64209,56.22,0.5546,0.7725,0.263,Moderate
SOUTH BANGALORE,12.946437,77.598755,56.22,0.6414,0.5518,0.5843,Moderate
SOUTH BANGALORE,12.942811,77.60285,56.2,0.606,0.6129,0.5031,Moderate
WEST BANGALORE,12.997572,77.575645,56.12,0.5434,0.5786,0.5556,Moderate
AIRPORT & PERIPHERAL ZONES,13.199188,77.71162,56.01,0.5448,0.5362,0.6151,Moderate
WEST BANGALORE,12.999567,77.56453,55.95,0.4835,0.6656,0.4334,Moderate
CENTRAL BANGALORE,12.996214,77.58798,55.95,0.6091,0.5408,0.6151,Moderate
SOUTH BANGALORE,12.923185,77.6093,55.93,0.6086,0.5046,0.6486,Moderate
EAST BANGALORE,12.974958,77.63396,55.89,0.5736,0.8142,0.1835,Moderate
LOGISTICS / HIGH TRAFFIC ZONES,13.009021,77.56814,55.87,0.5262,0.5955,0.5286,Moderate
LOGISTICS / HIGH TRAFFIC ZONES,12.969734,77.58123,55.81,0.629,0.5924,0.5286,Moderate
SOUTHEAST / IT CORRIDOR,12.845978,77.652824,55.81,0.5787,0.5945,0.5286,Moderate
SOUTH BANGALORE,12.920141,77.60566,55.79,0.5418,0.5604,0.5843,Moderate
SOUTHEAST / IT CORRIDOR,12.916126,77.6354,55.78,0.4619,0.595,0.5286,Moderate
SOUTH BANGALORE,12.942333,77.57776,55.75,0.6284,0.6668,0.4334,Moderate
NORTH BANGALORE,13.040295,77.593094,55.72,0.5241,0.6767,0.4121,Moderate
SOUTHEAST / IT CORRIDOR,12.938896,77.62657,55.7,0.5547,0.5155,0.6486,Moderate
SOUTH BANGALORE,12.93654,77.609215,55.68,0.5456,0.6761,0.4121,Moderate
CENTRAL BANGALORE,12.969028,77.606834,55.64,0.5765,0.8518,0.1251,Moderate
NORTH BANGALORE,13.047467,77.63087,55.64,0.5305,0.5747,0.5556,Moderate
SOUTHEAST / IT CORRIDOR,12.966325,77.64266,55.64,0.519,0.5942,0.5286,Moderate
LOGISTICS / HIGH TRAFFIC ZONES,12.96596,77.58114,55.6,0.5705,0.5564,0.5843,Moderate
CENTRAL BANGALORE,12.969349,77.608665,55.58,0.6516,0.8518,0.1251,Moderate
AIRPORT & PERIPHERAL ZONES,13.198369,77.70887,55.54,0.5721,0.54,0.6151,Moderate
WEST BANGALORE,12.982553,77.55365,55.53,0.4986,0.5358,0.6151,Moderate
AIRPORT & PERIPHERAL ZONES,13.199439,77.71078,55.52,0.5499,0.5391,0.6151,Moderate
CENTRAL BANGALORE,12.969554,77.607834,55.47,0.5979,0.8518,0.1251,Moderate
CENTRAL BANGALORE,12.96748,77.60717,55.47,0.6317,0.8356,0.1538,Moderate
SOUTH BANGALORE,12.931998,77.607834,55.43,0.579,0.5967,0.5286,Moderate
CENTRAL BANGALORE,12.966769,77.6077,55.4,0.6013,0.8188,0.1835,Moderate
WEST BANGALORE,13.030364,77.53721,55.39,0.5095,0.5629,0.5843,Moderate
NORTH BANGALORE,13.043776,77.60239,55.39,0.5521,0.6146,0.5031,Moderate
CENTRAL BANGALORE,12.969423,77.60771,55.36,0.6179,0.8518,0.1251,Moderate
NORTH BANGALORE,13.050347,77.632256,55.29,0.6175,0.5248,0.6151,Moderate
SOUTH BANGALORE,12.926601,77.60896,55.19,0.5743,0.6131,0.5031,Moderate
WEST BANGALORE,13.004659,77.55409,55.17,0.6147,0.627,0.4788,Moderate
CENTRAL BANGALORE,12.992122,77.56872,55.16,0.5369,0.5366,0.6151,Moderate
WEST BANGALORE,12.988776,77.54436,55.07,0.5758,0.6147,0.5031,Moderate
SOUTH BANGALORE,12.946941,77.6006,55.01,0.5854,0.556,0.5843,Moderate
CENTRAL BANGALORE,12.996123,77.58567,54.96,0.589,0.531,0.6151,Moderate
SOUTH BANGALORE,12.926918,77.60132,54.95,0.5203,0.5103,0.6486,Moderate
CENTRAL BANGALORE,12.976588,77.630775,54.94,0.5768,0.6938,0.3914,Moderate
NORTH BANGALORE,13.036274,77.59151,54.93,0.497,0.6749,0.4121,Moderate
NORTH BANGALORE,12.947277,77.59422,54.84,0.5437,0.5578,0.5843,Moderate
NORTH BANGALORE,13.044229,77.629456,54.81,0.4368,0.5771,0.5556,Moderate
SOUTH BANGALORE,12.93693,77.57246,54.74,0.5836,0.6632,0.4334,Moderate
CENTRAL BANGALORE,13.000284,77.58018,54.72,0.5564,0.5337,0.6151,Moderate
WEST BANGALORE,13.000775,77.54429,54.71,0.5679,0.5307,0.6151,Moderate
EAST BANGALORE,12.951582,77.70504,54.7,0.5534,0.7184,0.3521,Moderate
NORTH BANGALORE,13.052204,77.60133,54.7,0.568,0.5546,0.5843,Moderate
CENTRAL BANGALORE,12.968452,77.606834,54.68,0.5727,0.8356,0.1538,Moderate
CENTRAL BANGALORE,12.968856,77.608246,54.68,0.6227,0.8518,0.1251,Moderate
LOGISTICS / HIGH TRAFFIC ZONES,13.014252,77.566734,54.68,0.5341,0.5137,0.6486,Moderate
SOUTHEAST / IT CORRIDOR,12.939111,77.62334,54.61,0.5503,0.5962,0.5286,Moderate
WEST BANGALORE,12.997136,77.57748,54.56,0.5655,0.5738,0.5556,Moderate
SOUTH BANGALORE,12.949365,77.60104,54.52,0.6623,0.5519,0.5843,Moderate
SOUTH BANGALORE,12.913024,77.6421,54.38,0.5082,0.6601,0.4334,Moderate
WEST BANGALORE,13.00035,77.564064,54.25,0.506,0.691,0.3914,Moderate
SOUTHEAST / IT CORRIDOR,12.906556,77.635254,54.24,0.592,0.5067,0.6486,Moderate
CENTRAL BANGALORE,12.968612,77.60625,54.24,0.5927,0.8356,0.1538,Moderate
WEST BANGALORE,13.001201,77.57317,54.21,0.5324,0.5774,0.5556,Moderate
SOUTH BANGALORE,12.865547,77.5924,54.17,0.6059,0.5265,0.6151,Moderate
WEST BANGALORE,13.001034,77.57399,54.16,0.5332,0.5763,0.5556,Moderate
LOGISTICS / HIGH TRAFFIC ZONES,13.013656,77.56649,54.11,0.5362,0.5635,0.5843,Moderate
NORTH BANGALORE,13.032534,77.59527,54.1,0.5173,0.6001,0.5286,Moderate
WEST BANGALORE,13.002234,77.572586,54.09,0.4946,0.5793,0.5556,Moderate
LOGISTICS / HIGH TRAFFIC ZONES,12.965975,77.574005,54.05,0.5667,0.602,0.5286,Moderate
SOUTHEAST / IT CORRIDOR,12.922702,77.66993,54.04,0.5919,0.5408,0.6151,Moderate
SOUTH BANGALORE,12.928476,77.5936,53.99,0.4993,0.5121,0.6486,Moderate
SOUTHEAST / IT CORRIDOR,12.918316,77.60572,53.97,0.5106,0.5608,0.5843,Moderate
SOUTH BANGALORE,12.942159,77.601685,53.91,0.6056,0.61,0.5031,Moderate
SOUTH BANGALORE,12.929987,77.60774,53.88,0.5491,0.6467,0.4557,Moderate
CENTRAL BANGALORE,12.952335,77.57887,53.8,0.5612,0.5841,0.5556,Moderate
WEST BANGALORE,13.026384,77.53842,53.8,0.5857,0.5957,0.5286,Moderate
SOUTH BANGALORE,12.94358,77.60036,53.78,0.6599,0.6438,0.4557,Moderate
WEST BANGALORE,13.004091,77.55395,53.77,0.5844,0.6308,0.4788,Moderate
CENTRAL BANGALORE,13.000081,77.56815,53.73,0.4932,0.5809,0.5556,Moderate
CENTRAL BANGALORE,12.969554,77.607834,53.67,0.6459,0.8513,0.1251,Moderate
SOUTH BANGALORE,12.931325,77.58977,53.57,0.5472,0.597,0.5286,Moderate
SOUTH BANGALORE,12.941274,77.603,53.5,0.5773,0.6126,0.5031,Moderate
EAST BANGALORE,12.9747,77.641716,53.39,0.4845,0.8188,0.1835,Moderate
NORTH BANGALORE,12.951491,77.59545,53.39,0.5774,0.5551,0.5843,Moderate
CENTRAL BANGALORE,12.968511,77.60697,53.36,0.6049,0.8517,0.1251,Moderate
CENTRAL BANGALORE,12.969309,77.60674,53.28,0.5873,0.8518,0.1251,Moderate
EAST BANGALORE,12.937906,77.69984,53.27,0.5504,0.6342,0.4788,Moderate
NORTH BANGALORE,13.046723,77.62856,53.25,0.4957,0.576,0.5556,Moderate
SOUTHEAST / IT CORRIDOR,12.914077,77.61577,53.24,0.5433,0.6205,0.5031,Moderate
SOUTHEAST / IT CORRIDOR,12.845507,77.6494,53.24,0.5853,0.5069,0.6486,Moderate
SOUTH BANGALORE,12.93937,77.607796,53.23,0.6045,0.6459,0.4557,Moderate
EAST BANGALORE,12.960864,77.70037,53.19,0.4807,0.6183,0.5031,Moderate
WEST BANGALORE,12.965957,77.56545,53.15,0.5444,0.5069,0.6486,Moderate
WEST BANGALORE,13.002194,77.561,53.05,0.537,0.5985,0.5286,Moderate
SOUTH BANGALORE,12.920928,77.61076,53.04,0.4963,0.5994,0.5286,Moderate
LOGISTICS / HIGH TRAFFIC ZONES,12.965386,77.572716,52.98,0.5895,0.5974,0.5286,Moderate
WEST BANGALORE,12.999822,77.573135,52.97,0.4348,0.5841,0.5556,Moderate
SOUTH BANGALORE,12.919759,77.60589,52.93,0.5604,0.5581,0.5843,Moderate
SOUTHEAST / IT CORRIDOR,12.940719,77.62225,52.89,0.5297,0.556,0.5843,Moderate
NORTH BANGALORE,13.039489,77.61942,52.84,0.5519,0.5292,0.6151,Moderate
CENTRAL BANGALORE,12.968649,77.60657,52.8,0.6047,0.8518,0.1251,Moderate
CENTRAL BANGALORE,12.974177,77.63064,52.73,0.5907,0.6368,0.4788,Moderate
WEST BANGALORE,13.000553,77.574425,52.64,0.5396,0.5759,0.5556,Moderate
SOUTH BANGALORE,12.923945,77.637985,52.6,0.5891,0.5012,0.6486,Moderate
SOUTH BANGALORE,12.923412,77.612274,52.56,0.519,0.5565,0.5843,Moderate
SOUTH BANGALORE,12.909577,77.63754,52.56,0.5759,0.5889,0.5286,Moderate
SOUTH BANGALORE,12.921394,77.609116,52.51,0.5266,0.5582,0.5843,Moderate
EAST BANGALORE,12.974613,77.63779,52.43,0.4904,0.8356,0.1538,Moderate
CENTRAL BANGALORE,12.951439,77.60888,52.39,0.5373,0.5115,0.6486,Moderate
WEST BANGALORE,13.018587,77.559006,52.39,0.5876,0.5064,0.6486,Moderate
CENTRAL BANGALORE,12.969183,77.606514,52.37,0.5861,0.8518,0.1251,Moderate
SOUTH BANGALORE,12.923165,77.59348,52.37,0.5471,0.511,0.6486,Moderate
AIRPORT & PERIPHERAL ZONES,13.196448,77.71371,52.33,0.5078,0.5408,0.6151,Moderate
EAST BANGALORE,12.974869,77.6335,52.27,0.5575,0.7823,0.2464,Moderate
EAST BANGALORE,12.974645,77.633415,52.21,0.5298,0.7624,0.2799,Moderate
SOUTHEAST / IT CORRIDOR,12.912674,77.62889,52.21,0.5638,0.555,0.5843,Moderate
NORTH BANGALORE,13.029056,77.59779,52.19,0.4836,0.5388,0.6151,Moderate
CENTRAL BANGALORE,12.992478,77.60744,52.16,0.6486,0.6368,0.4788,Moderate
CENTRAL BANGALORE,12.994065,77.59188,52.16,0.6096,0.5408,0.6151,Moderate
WEST BANGALORE,12.981482,77.55045,52.13,0.4613,0.5366,0.6151,Moderate
NORTH BANGALORE,13.043351,77.624855,52.09,0.4664,0.5806,0.5556,Moderate
SOUTH BANGALORE,12.919875,77.583664,51.98,0.4902,0.538,0.6151,Moderate
WEST BANGALORE,12.981429,77.55394,51.94,0.4428,0.5398,0.6151,Moderate
EAST BANGALORE,12.972053,77.64256,51.88,0.5609,0.7725,0.263,Moderate
SOUTHEAST / IT CORRIDOR,12.845992,77.64978,51.88,0.5774,0.5097,0.6486,Moderate
CENTRAL BANGALORE,12.968392,77.60749,51.85,0.6316,0.8518,0.1251,Moderate
CENTRAL BANGALORE,12.969558,77.60706,51.83,0.6079,0.8518,0.1251,Moderate
SOUTH BANGALORE,12.92441,77.60283,51.83,0.5586,0.5104,0.6486,Moderate
CENTRAL BANGALORE,12.968906,77.60712,51.74,0.5514,0.8518,0.1251,Moderate
CENTRAL BANGALORE,12.969851,77.60699,51.72,0.5896,0.8518,0.1251,Moderate
LOGISTICS / HIGH TRAFFIC ZONES,12.96454,77.57367,51.62,0.5365,0.6029,0.5286,Moderate
CENTRAL BANGALORE,12.979109,77.63078,51.56,0.5069,0.7184,0.3521,Moderate
CENTRAL BANGALORE,12.968204,77.60903,51.5,0.6404,0.8518,0.1251,Moderate
WEST BANGALORE,13.008749,77.5668,51.5,0.5412,0.5566,0.5843,Moderate
CENTRAL BANGALORE,12.969736,77.60825,51.48,0.6262,0.8518,0.1251,Moderate
SOUTH BANGALORE,12.922327,77.59697,51.47,0.5979,0.5081,0.6486,Moderate
LOGISTICS / HIGH TRAFFIC ZONES,12.967865,77.57253,51.42,0.5766,0.5596,0.5843,Moderate
CENTRAL BANGALORE,12.969648,77.60747,51.41,0.6097,0.8518,0.1251,Moderate
SOUTH BANGALORE,12.926162,77.60279,51.36,0.5553,0.5072,0.6486,Moderate
CENTRAL BANGALORE,12.968359,77.60736,51.3,0.6397,0.85,0.1251,Moderate
CENTRAL BANGALORE,12.967512,77.60501,51.26,0.6324,0.8188,0.1835,Moderate
SOUTHEAST / IT CORRIDOR,12.942061,77.6273,51.24,0.5889,0.502,0.6486,Moderate
CENTRAL BANGALORE,12.969423,77.60771,51.2,0.5844,0.8518,0.1251,Moderate
CENTRAL BANGALORE,12.969309,77.60674,51.2,0.5663,0.8518,0.1251,Moderate
SOUTH BANGALORE,12.929834,77.60815,51.18,0.6269,0.6708,0.4121,Moderate
SOUTHEAST / IT CORRIDOR,12.913291,77.626945,51.16,0.59,0.5635,0.5843,Moderate
CENTRAL BANGALORE,12.968318,77.60706,51.05,0.6088,0.8356,0.1538,Moderate
CENTRAL BANGALORE,12.969423,77.60771,51.04,0.6117,0.8518,0.1251,Moderate
LOGISTICS / HIGH TRAFFIC ZONES,13.008948,77.56308,51.0,0.5662,0.601,0.5286,Moderate
WEST BANGALORE,12.978293,77.63794,50.95,0.3845,0.8356,0.1538,Moderate
CENTRAL BANGALORE,12.97478,77.61835,50.9,0.6089,0.5408,0.6151,Moderate
NORTH BANGALORE,13.032923,77.59455,50.76,0.4959,0.5976,0.5286,Moderate
SOUTH BANGALORE,12.909369,77.58257,50.75,0.4722,0.537,0.6151,Moderate
CENTRAL BANGALORE,12.96822,77.606766,50.74,0.6073,0.8356,0.1538,Moderate
CENTRAL BANGALORE,12.969302,77.608864,50.66,0.5984,0.8518,0.1251,Moderate
SOUTHEAST / IT CORRIDOR,12.901866,77.67808,50.62,0.6798,0.5408,0.6151,Moderate
SOUTH BANGALORE,12.869369,77.61146,50.62,0.6263,0.501,0.6486,Moderate
CENTRAL BANGALORE,13.000924,77.577354,50.6,0.4936,0.5813,0.5556,Moderate
SOUTH BANGALORE,12.924366,77.63878,50.6,0.5746,0.5082,0.6486,Moderate
LOGISTICS / HIGH TRAFFIC ZONES,12.968755,77.58176,50.47,0.5823,0.5957,0.5286,Moderate
CENTRAL BANGALORE,12.969491,77.60812,50.46,0.6235,0.8518,0.1251,Moderate
CENTRAL BANGALORE,12.969252,77.607185,50.41,0.5731,0.8518,0.1251,Moderate
SOUTHEAST / IT CORRIDOR,12.940841,77.6273,50.39,0.5204,0.5074,0.6486,Moderate
EAST BANGALORE,12.973135,77.636375,50.37,0.5542,0.8188,0.1835,Moderate
WEST BANGALORE,12.998749,77.567314,50.33,0.5119,0.5789,0.5556,Moderate
CENTRAL BANGALORE,12.968359,77.60736,50.3,0.5847,0.8518,0.1251,Moderate
CENTRAL BANGALORE,12.9682,77.60763,50.27,0.5981,0.8518,0.1251,Moderate
EAST BANGALORE,12.9601,77.71714,50.27,0.5006,0.5408,0.6151,Moderate
SOUTH BANGALORE,12.91908,77.60694,50.26,0.5662,0.5623,0.5843,Moderate
WEST BANGALORE,12.966387,77.56686,50.24,0.5997,0.5053,0.6486,Moderate
SOUTHEAST / IT CORRIDOR,12.929026,77.63015,50.23,0.5395,0.6522,0.4557,Moderate
CENTRAL BANGALORE,12.96859,77.60762,50.2,0.5729,0.8518,0.1251,Moderate
CENTRAL BANGALORE,12.954885,77.587265,50.12,0.6323,0.5408,0.6151,Moderate
CENTRAL BANGALORE,12.992873,77.593704,49.97,0.5772,0.5408,0.6151,Moderate
WEST BANGALORE,12.979956,77.63855,49.95,0.4517,0.8356,0.1538,Moderate
CENTRAL BANGALORE,12.96709,77.60542,49.91,0.6847,0.8188,0.1835,Moderate
CENTRAL BANGALORE,12.968442,77.607155,49.82,0.5769,0.8518,0.1251,Moderate
WEST BANGALORE,12.976281,77.55285,49.73,0.5298,0.5309,0.6151,Moderate
WEST BANGALORE,12.975315,77.62863,49.71,0.5874,0.5869,0.5286,Moderate
SOUTH BANGALORE,12.951635,77.60289,49.71,0.6405,0.5496,0.5843,Moderate
CENTRAL BANGALORE,12.968615,77.60817,49.7,0.6031,0.8518,0.1251,Moderate
CENTRAL BANGALORE,12.968143,77.606575,49.69,0.6137,0.8356,0.1538,Moderate
CENTRAL BANGALORE,12.969812,77.60911,49.66,0.5967,0.8518,0.1251,Moderate
CENTRAL BANGALORE,12.969851,77.60699,49.6,0.5691,0.8518,0.1251,Moderate
CENTRAL BANGALORE,12.967504,77.608696,49.57,0.6425,0.8356,0.1538,Moderate
EAST BANGALORE,12.973189,77.6369,49.56,0.5213,0.8188,0.1835,Moderate
CENTRAL BANGALORE,12.970281,77.60911,49.55,0.6247,0.8518,0.1251,Moderate
LOGISTICS / HIGH TRAFFIC ZONES,12.967856,77.57817,49.55,0.5611,0.559,0.5843,Moderate
CENTRAL BANGALORE,12.968282,77.60616,49.54,0.6272,0.8356,0.1538,Moderate
SOUTHEAST / IT CORRIDOR,12.920586,77.615,49.47,0.583,0.6368,0.4788,Moderate
SOUTH BANGALORE,12.935026,77.568634,49.44,0.5002,0.5611,0.5843,Moderate
CENTRAL BANGALORE,12.968938,77.60703,49.42,0.4631,0.8518,0.1251,Moderate
SOUTHEAST / IT CORRIDOR,12.914211,77.63872,49.41,0.5579,0.6668,0.4334,Moderate
SOUTHEAST / IT CORRIDOR,12.899521,77.677246,49.4,0.6172,0.5408,0.6151,Moderate
CENTRAL BANGALORE,12.969578,77.608826,49.39,0.6062,0.8518,0.1251,Moderate
CENTRAL BANGALORE,12.974377,77.618256,49.27,0.5921,0.5408,0.6151,Moderate
WEST BANGALORE,12.965748,77.56662,49.25,0.5444,0.5103,0.6486,Moderate
LOGISTICS / HIGH TRAFFIC ZONES,12.968232,77.57452,49.24,0.5519,0.5635,0.5843,Moderate
EAST BANGALORE,12.973373,77.64249,49.2,0.5513,0.8273,0.1685,Moderate
SOUTHEAST / IT CORRIDOR,12.913189,77.63681,49.15,0.5282,0.6668,0.4334,Moderate
CENTRAL BANGALORE,12.96903,77.60762,49.1,0.5454,0.8518,0.1251,Moderate
EAST BANGALORE,12.975914,77.635254,49.07,0.4813,0.8188,0.1835,Moderate
SOUTH BANGALORE,12.918518,77.61276,49.06,0.4867,0.6347,0.4788,Moderate
NORTH BANGALORE,13.072701,77.585175,49.04,0.5103,0.5337,0.6151,Moderate
WEST BANGALORE,13.014083,77.54023,48.94,0.6022,0.5498,0.5843,Moderate
EAST BANGALORE,12.950449,77.70375,48.92,0.6027,0.6938,0.3914,Moderate
SOUTH BANGALORE,12.916924,77.59386,48.86,0.5217,0.5101,0.6486,Moderate
CENTRAL BANGALORE,12.968906,77.60712,48.82,0.5809,0.8518,0.1251,Moderate
CENTRAL BANGALORE,12.969252,77.607185,48.78,0.6133,0.8518,0.1251,Moderate
CENTRAL BANGALORE,12.968442,77.607155,48.75,0.5704,0.8518,0.1251,Moderate
AIRPORT & PERIPHERAL ZONES,13.198525,77.71012,48.73,0.5136,0.5408,0.6151,Moderate
SOUTH BANGALORE,12.9249,77.63788,48.72,0.5082,0.5135,0.6486,Moderate
EAST BANGALORE,12.949528,77.70502,48.71,0.5388,0.6938,0.3914,Moderate
CENTRAL BANGALORE,12.969736,77.60825,48.7,0.604,0.8518,0.1251,Moderate
EAST BANGALORE,12.952203,77.69531,48.67,0.6156,0.5408,0.6151,Moderate
CENTRAL BANGALORE,12.968761,77.60842,48.63,0.6314,0.8518,0.1251,Moderate
CENTRAL BANGALORE,12.993305,77.592606,48.6,0.6295,0.5408,0.6151,Moderate
CENTRAL BANGALORE,12.96748,77.60717,48.59,0.5921,0.8356,0.1538,Moderate
CENTRAL BANGALORE,12.969629,77.607346,48.58,0.5708,0.8518,0.1251,Moderate
EAST BANGALORE,12.972823,77.637634,48.54,0.5481,0.801,0.2143,Moderate
LOGISTICS / HIGH TRAFFIC ZONES,12.91722,77.646805,48.49,0.4931,0.5326,0.6151,Moderate
CENTRAL BANGALORE,12.969629,77.607346,48.48,0.512,0.8518,0.1251,Moderate
EAST BANGALORE,12.974195,77.63539,48.47,0.5111,0.8188,0.1835,Moderate
SOUTHEAST / IT CORRIDOR,12.913225,77.64366,48.44,0.5441,0.6289,0.4788,Moderate
SOUTHEAST / IT CORRIDOR,12.92401,77.6728,48.42,0.5832,0.5841,0.5556,Moderate
CENTRAL BANGALORE,12.96886,77.607864,48.4,0.5787,0.8518,0.1251,Moderate
CENTRAL BANGALORE,12.993093,77.58922,48.39,0.5339,0.5408,0.6151,Moderate
LOGISTICS / HIGH TRAFFIC ZONES,13.008184,77.56364,48.38,0.4923,0.6029,0.5286,Moderate
CENTRAL BANGALORE,12.969642,77.6084,48.38,0.6109,0.8518,0.1251,Moderate
WEST BANGALORE,12.997298,77.54399,48.35,0.6199,0.6205,0.5031,Moderate
SOUTH BANGALORE,12.931189,77.60776,48.34,0.5458,0.5979,0.5286,Moderate
LOGISTICS / HIGH TRAFFIC ZONES,12.96974,77.5769,48.33,0.5614,0.6332,0.4788,Moderate
SOUTHEAST / IT CORRIDOR,12.913841,77.61441,48.31,0.5466,0.6205,0.5031,Moderate
CENTRAL BANGALORE,12.994142,77.592705,48.19,0.6782,0.5408,0.6151,Moderate
WEST BANGALORE,13.012553,77.55232,48.16,0.6201,0.5592,0.5843,Moderate
CENTRAL BANGALORE,12.992473,77.590225,48.14,0.6404,0.5408,0.6151,Moderate
SOUTH BANGALORE,12.918852,77.60644,48.07,0.5397,0.5606,0.5843,Moderate
CENTRAL BANGALORE,12.996564,77.57654,48.05,0.5146,0.5817,0.5556,Moderate
CENTRAL BANGALORE,12.96859,77.60762,48.05,0.5595,0.8518,0.1251,Moderate
NORTH BANGALORE,13.03552,77.59582,48.03,0.5258,0.6775,0.4121,Moderate
CENTRAL BANGALORE,12.974637,77.63171,47.98,0.6113,0.6938,0.3914,Moderate
CENTRAL BANGALORE,12.96797,77.6082,47.96,0.6001,0.8356,0.1538,Moderate
LOGISTICS / HIGH TRAFFIC ZONES,12.966372,77.58002,47.96,0.5072,0.5589,0.5843,Moderate
WEST BANGALORE,13.00023,77.5723,47.96,0.5352,0.5813,0.5556,Moderate
CENTRAL BANGALORE,12.968088,77.60789,47.93,0.5519,0.8356,0.1538,Moderate
CENTRAL BANGALORE,12.966601,77.60576,47.93,0.6227,0.801,0.2143,Moderate
EAST BANGALORE,12.973652,77.63962,47.89,0.4494,0.8188,0.1835,Moderate
SOUTH BANGALORE,12.936982,77.602005,47.83,0.5378,0.6175,0.5031,Moderate
SOUTHEAST / IT CORRIDOR,12.93627,77.62706,47.81,0.5768,0.6029,0.5286,Moderate
NORTH BANGALORE,13.045215,77.601074,47.76,0.4995,0.6205,0.5031,Moderate
LOGISTICS / HIGH TRAFFIC ZONES,12.968597,77.57578,47.73,0.5383,0.5624,0.5843,Moderate
NORTH BANGALORE,13.035517,77.596146,47.72,0.4598,0.6779,0.4121,Moderate
CENTRAL BANGALORE,12.969423,77.60771,47.7,0.5303,0.8518,0.1251,Moderate
CENTRAL BANGALORE,12.967925,77.60847,47.68,0.6026,0.8356,0.1538,Moderate
EAST BANGALORE,12.95058,77.704475,47.68,0.5204,0.6938,0.3914,Moderate
CENTRAL BANGALORE,12.968143,77.606575,47.64,0.605,0.8356,0.1538,Moderate
CENTRAL BANGALORE,12.96955,77.60762,47.64,0.5619,0.8518,0.1251,Moderate
LOGISTICS / HIGH TRAFFIC ZONES,12.967851,77.58292,47.59,0.5651,0.5961,0.5286,Moderate
CENTRAL BANGALORE,12.968701,77.609924,47.56,0.6568,0.8518,0.1251,Moderate
LOGISTICS / HIGH TRAFFIC ZONES,13.008563,77.56551,47.55,0.5346,0.5588,0.5843,Moderate
CENTRAL BANGALORE,12.96824,77.60803,47.53,0.5711,0.8518,0.1251,Moderate
CENTRAL BANGALORE,12.969648,77.60747,47.51,0.5672,0.8518,0.1251,Moderate
EAST BANGALORE,12.973306,77.63949,47.49,0.531,0.8188,0.1835,Moderate
CENTRAL BANGALORE,12.962834,77.60311,47.41,0.6209,0.5408,0.6151,Moderate
CENTRAL BANGALORE,12.968859,77.60729,47.41,0.5942,0.8518,0.1251,Moderate
CENTRAL BANGALORE,12.969648,77.60747,47.39,0.6032,0.8518,0.1251,Moderate
CENTRAL BANGALORE,12.969402,77.60845,47.39,0.5746,0.8518,0.1251,Moderate
WEST BANGALORE,12.998968,77.57591,47.34,0.4565,0.5825,0.5556,Moderate
CENTRAL BANGALORE,12.969558,77.60706,47.3,0.5552,0.8518,0.1251,Moderate
CENTRAL BANGALORE,12.969459,77.60644,47.29,0.5537,0.8518,0.1251,Moderate
SOUTHEAST / IT CORRIDOR,12.911273,77.60687,47.28,0.4382,0.5985,0.5286,Moderate
CENTRAL BANGALORE,12.96985,77.60856,47.24,0.5888,0.8518,0.1251,Moderate
CENTRAL BANGALORE,12.968541,77.60778,47.23,0.6039,0.8518,0.1251,Moderate
SOUTHEAST / IT CORRIDOR,12.940295,77.626785,47.23,0.5919,0.5071,0.6486,Moderate
CENTRAL BANGALORE,12.968204,77.60903,47.21,0.6387,0.8518,0.1251,Moderate
CENTRAL BANGALORE,12.992697,77.58984,47.21,0.6272,0.5408,0.6151,Moderate
CENTRAL BANGALORE,12.968761,77.60842,47.19,0.5988,0.8518,0.1251,Moderate
CENTRAL BANGALORE,12.969736,77.60825,47.19,0.6369,0.8518,0.1251,Moderate
CENTRAL BANGALORE,12.964458,77.60572,47.18,0.6104,0.7412,0.3151,Moderate
CENTRAL BANGALORE,12.969031,77.60811,47.08,0.6169,0.8518,0.1251,Moderate
NORTH BANGALORE,13.072459,77.585686,47.04,0.5376,0.5358,0.6151,Moderate
CENTRAL BANGALORE,12.968452,77.606834,47.03,0.6279,0.8356,0.1538,Moderate
CENTRAL BANGALORE,12.96709,77.61415,46.91,0.5972,0.6668,0.4334,Moderate
CENTRAL BANGALORE,12.96955,77.60762,46.89,0.5532,0.8518,0.1251,Moderate
SOUTHEAST / IT CORRIDOR,12.943617,77.6204,46.85,0.5457,0.5094,0.6486,Moderate
CENTRAL BANGALORE,12.967729,77.60937,46.84,0.6574,0.8356,0.1538,Moderate
EAST BANGALORE,12.97599,77.63666,46.81,0.4717,0.8356,0.1538,Moderate
EAST BANGALORE,12.969572,77.63949,46.81,0.6126,0.73,0.3333,Moderate
CENTRAL BANGALORE,12.969031,77.60811,46.81,0.6826,0.8518,0.1251,Moderate
CENTRAL BANGALORE,12.968856,77.608246,46.8,0.534,0.8518,0.1251,Moderate
LOGISTICS / HIGH TRAFFIC ZONES,12.915933,77.64718,46.79,0.4546,0.5354,0.6151,Moderate
WEST BANGALORE,12.992122,77.56872,46.78,0.4959,0.5357,0.6151,Moderate
LOGISTICS / HIGH TRAFFIC ZONES,12.913482,77.6447,46.75,0.4313,0.6368,0.4788,Moderate
SOUTH BANGALORE,12.912449,77.63291,46.72,0.5795,0.5581,0.5843,Moderate
CENTRAL BANGALORE,12.969402,77.60845,46.61,0.5719,0.8518,0.1251,Moderate
CENTRAL BANGALORE,12.96985,77.60856,46.58,0.6401,0.8518,0.1251,Moderate
CENTRAL BANGALORE,12.969839,77.60878,46.57,0.6078,0.8518,0.1251,Moderate
SOUTH BANGALORE,12.942837,77.608765,46.56,0.6214,0.6401,0.4557,Moderate
WEST BANGALORE,13.005002,77.56997,46.55,0.5039,0.5329,0.6151,Moderate
CENTRAL BANGALORE,12.969266,77.60787,46.55,0.5589,0.8518,0.1251,Moderate
CENTRAL BANGALORE,12.991007,77.612114,46.54,0.6687,0.6368,0.4788,Moderate
SOUTHEAST / IT CORRIDOR,12.904016,77.67411,46.53,0.6401,0.5408,0.6151,Moderate
EAST BANGALORE,12.953144,77.695335,46.48,0.5994,0.5841,0.5556,Moderate
CENTRAL BANGALORE,12.968906,77.60712,46.48,0.5804,0.8518,0.1251,Moderate
CENTRAL BANGALORE,12.968551,77.60735,46.48,0.6048,0.8518,0.1251,Moderate
CENTRAL BANGALORE,12.969309,77.60674,46.46,0.5213,0.8518,0.1251,Moderate
CENTRAL BANGALORE,12.969028,77.606834,46.41,0.5698,0.8518,0.1251,Moderate
SOUTHEAST / IT CORRIDOR,12.916935,77.61741,46.31,0.5785,0.5841,0.5556,Moderate
CENTRAL BANGALORE,12.968359,77.60736,46.24,0.5636,0.8518,0.1251,Moderate
CENTRAL BANGALORE,12.96748,77.60717,46.22,0.6,0.8356,0.1538,Moderate
WEST BANGALORE,13.000124,77.569565,46.19,0.4282,0.5823,0.5556,Moderate
SOUTHEAST / IT CORRIDOR,12.915458,77.61673,46.19,0.6236,0.5841,0.5556,Moderate
EAST BANGALORE,12.973487,77.63444,46.19,0.5585,0.8188,0.1835,Moderate
CENTRAL BANGALORE,12.956909,77.58917,46.19,0.6144,0.5408,0.6151,Moderate
LOGISTICS / HIGH TRAFFIC ZONES,12.969661,77.57242,46.11,0.4708,0.6005,0.5286,Moderate
CENTRAL BANGALORE,12.966769,77.6077,46.11,0.6267,0.8188,0.1835,Moderate
LOGISTICS / HIGH TRAFFIC ZONES,12.961517,77.584076,46.08,0.5496,0.5319,0.6151,Moderate
NORTH BANGALORE,13.035593,77.596954,46.07,0.4662,0.6775,0.4121,Moderate
CENTRAL BANGALORE,12.970281,77.60911,46.05,0.6323,0.8518,0.1251,Moderate
CENTRAL BANGALORE,12.967299,77.60803,46.04,0.6247,0.8356,0.1538,Moderate
SOUTH BANGALORE,12.916361,77.614624,45.99,0.3906,0.5809,0.5556,Moderate
EAST BANGALORE,12.95513,77.69687,45.92,0.5567,0.6205,0.5031,Moderate
CENTRAL BANGALORE,12.969252,77.607185,45.91,0.5612,0.8518,0.1251,Moderate
EAST BANGALORE,12.974037,77.63857,45.82,0.4709,0.8356,0.1538,Moderate
SOUTH BANGALORE,12.943987,77.608765,45.76,0.5892,0.6128,0.5031,Moderate
CENTRAL BANGALORE,12.969132,77.60991,45.67,0.5907,0.8518,0.1251,Moderate
CENTRAL BANGALORE,12.961869,77.56629,45.66,0.6269,0.5635,0.5843,Moderate
CENTRAL BANGALORE,12.993907,77.59161,45.61,0.6342,0.5408,0.6151,Moderate
SOUTH BANGALORE,12.936839,77.60152,45.58,0.5606,0.6161,0.5031,Moderate
CENTRAL BANGALORE,12.969491,77.60812,45.47,0.5752,0.8518,0.1251,Moderate
NORTH BANGALORE,13.005413,77.575775,45.46,0.5247,0.5819,0.5556,Moderate
CENTRAL BANGALORE,12.990075,77.59759,45.32,0.6294,0.5635,0.5843,Moderate
EAST BANGALORE,12.970555,77.641914,45.3,0.5737,0.73,0.3333,Moderate
CENTRAL BANGALORE,12.962754,77.603516,45.25,0.5668,0.5408,0.6151,Moderate
CENTRAL BANGALORE,12.968856,77.608246,45.23,0.5957,0.8518,0.1251,Moderate
CENTRAL BANGALORE,12.981296,77.597824,45.13,0.6833,0.5635,0.5843,Moderate
WEST BANGALORE,12.999251,77.57702,45.11,0.4934,0.5805,0.5556,Moderate
CENTRAL BANGALORE,12.973215,77.605286,45.0,0.6102,0.8518,0.1251,Moderate
CENTRAL BANGALORE,12.967512,77.60501,44.99,0.635,0.8188,0.1835,Moderate
CENTRAL BANGALORE,12.9716,77.5946,44.94,0.5795,0.5408,0.6151,Moderate
CENTRAL BANGALORE,12.96961,77.60862,44.94,0.544,0.8518,0.1251,Moderate
CENTRAL BANGALORE,12.96955,77.60762,44.89,0.612,0.8518,0.1251,Moderate
CENTRAL BANGALORE,12.969459,77.60644,44.86,0.5425,0.8518,0.1251,Moderate
CENTRAL BANGALORE,12.968906,77.60712,44.86,0.5435,0.8518,0.1251,Moderate
CENTRAL BANGALORE,12.968551,77.60735,44.86,0.5541,0.8518,0.1251,Moderate
CENTRAL BANGALORE,12.968649,77.60657,44.83,0.6133,0.8518,0.1251,Moderate
SOUTHEAST / IT CORRIDOR,12.968194,77.637375,44.78,0.5439,0.5635,0.5843,Moderate
CENTRAL BANGALORE,12.967512,77.60501,44.76,0.5399,0.8188,0.1835,Moderate
EAST BANGALORE,12.966834,77.64095,44.74,0.6594,0.6029,0.5286,Moderate
CENTRAL BANGALORE,12.968518,77.60752,44.73,0.5934,0.8518,0.1251,Moderate
SOUTHEAST / IT CORRIDOR,12.914096,77.63557,44.67,0.5473,0.6029,0.5286,Moderate
SOUTH BANGALORE,12.943638,77.5794,44.63,0.5142,0.5841,0.5556,Moderate
SOUTHEAST / IT CORRIDOR,12.920756,77.675766,44.51,0.6136,0.5408,0.6151,Moderate
SOUTHEAST / IT CORRIDOR,12.912839,77.60422,44.38,0.5497,0.5635,0.5843,Moderate
SOUTH BANGALORE,12.868601,77.594696,44.37,0.6311,0.6668,0.4334,Moderate
CENTRAL BANGALORE,12.96709,77.60542,44.37,0.6119,0.8188,0.1835,Moderate
SOUTH BANGALORE,12.921133,77.58153,44.35,0.5034,0.6641,0.4334,Moderate
EAST BANGALORE,12.976049,77.639656,44.35,0.4614,0.8356,0.1538,Moderate
CENTRAL BANGALORE,12.958665,77.5788,44.34,0.5825,0.6668,0.4334,Moderate
NORTH BANGALORE,13.029215,77.59798,44.26,0.4292,0.5408,0.6151,Moderate
CENTRAL BANGALORE,12.967925,77.60847,44.25,0.5924,0.8356,0.1538,Moderate
CENTRAL BANGALORE,12.97041,77.599236,44.14,0.593,0.7412,0.3151,Moderate
SOUTH BANGALORE,12.905494,77.58072,44.07,0.5498,0.5408,0.6151,Moderate
CENTRAL BANGALORE,12.967371,77.605576,44.05,0.5995,0.8188,0.1835,Moderate
EAST BANGALORE,12.962372,77.70109,44.04,0.4886,0.6205,0.5031,Moderate
CENTRAL BANGALORE,12.964945,77.60594,44.03,0.5903,0.7412,0.3151,Moderate
CENTRAL BANGALORE,12.969642,77.6084,43.98,0.5817,0.8518,0.1251,Moderate
CENTRAL BANGALORE,12.97356,77.607735,43.97,0.6313,0.8518,0.1251,Moderate
WEST BANGALORE,12.999182,77.56638,43.94,0.4764,0.5408,0.6151,Moderate
SOUTH BANGALORE,12.933146,77.6105,43.83,0.5276,0.7007,0.3715,Moderate
EAST BANGALORE,12.973039,77.63552,43.83,0.5443,0.8188,0.1835,Moderate
CENTRAL BANGALORE,12.971739,77.57704,43.83,0.5207,0.6368,0.4788,Moderate
NORTH BANGALORE,13.037622,77.596466,43.82,0.5051,0.6762,0.4121,Moderate
LOGISTICS / HIGH TRAFFIC ZONES,13.01402,77.565735,43.8,0.531,0.5606,0.5843,Moderate
EAST BANGALORE,12.949086,77.70209,43.8,0.5435,0.6938,0.3914,Moderate
CENTRAL BANGALORE,12.965137,77.603165,43.72,0.5949,0.7184,0.3521,Moderate
CENTRAL BANGALORE,12.973704,77.60681,43.7,0.6415,0.8892,0.0572,Moderate
CENTRAL BANGALORE,12.967504,77.608696,43.68,0.5729,0.8356,0.1538,Moderate
NORTH BANGALORE,13.075964,77.5914,43.67,0.5137,0.5384,0.6151,Moderate
LOGISTICS / HIGH TRAFFIC ZONES,12.968057,77.57247,43.67,0.4848,0.6029,0.5286,Moderate
SOUTHEAST / IT CORRIDOR,12.923912,77.61736,43.65,0.5566,0.6806,0.4121,Moderate
CENTRAL BANGALORE,12.968612,77.60625,43.64,0.5592,0.8356,0.1538,Moderate
EAST BANGALORE,12.949783,77.70479,43.57,0.5528,0.6938,0.3914,Moderate
CENTRAL BANGALORE,12.997058,77.58567,43.55,0.595,0.5408,0.6151,Moderate
EAST BANGALORE,12.96841,77.64273,43.55,0.555,0.6806,0.4121,Moderate
CENTRAL BANGALORE,12.972383,77.60552,43.55,0.5801,0.8518,0.1251,Moderate
CENTRAL BANGALORE,12.968511,77.60697,43.49,0.5659,0.8518,0.1251,Moderate
CENTRAL BANGALORE,12.967371,77.605576,43.48,0.5526,0.8188,0.1835,Moderate
EAST BANGALORE,12.959784,77.71712,43.47,0.5394,0.5408,0.6151,Moderate
EAST BANGALORE,12.972194,77.63712,43.47,0.4952,0.801,0.2143,Moderate
CENTRAL BANGALORE,12.992542,77.59337,43.46,0.6169,0.5408,0.6151,Moderate
CENTRAL BANGALORE,12.970611,77.608475,43.46,0.5518,0.8518,0.1251,Moderate
CENTRAL BANGALORE,12.969459,77.60644,43.46,0.5481,0.8518,0.1251,Moderate
SOUTHEAST / IT CORRIDOR,12.918137,77.63396,43.45,0.5392,0.6029,0.5286,Moderate
CENTRAL BANGALORE,12.973312,77.631325,43.43,0.5853,0.6368,0.4788,Moderate
SOUTHEAST / IT CORRIDOR,12.940116,77.62699,43.42,0.6031,0.5155,0.6486,Moderate
EAST BANGALORE,12.980207,77.647354,43.41,0.5773,0.6938,0.3914,Moderate
CENTRAL BANGALORE,12.968859,77.60729,43.36,0.5419,0.8518,0.1251,Moderate
CENTRAL BANGALORE,12.969252,77.607185,43.36,0.5171,0.8518,0.1251,Moderate
SOUTHEAST / IT CORRIDOR,12.909353,77.63195,43.35,0.6354,0.5155,0.6486,Moderate
EAST BANGALORE,12.949808,77.702034,43.3,0.5599,0.6938,0.3914,Moderate
CENTRAL BANGALORE,12.969629,77.607346,43.28,0.5408,0.8518,0.1251,Moderate
EAST BANGALORE,12.955651,77.72094,43.27,0.5468,0.5408,0.6151,Moderate
CENTRAL BANGALORE,12.951535,77.57042,43.24,0.645,0.5408,0.6151,Moderate
WEST BANGALORE,12.969926,77.565674,43.24,0.4566,0.5155,0.6486,Moderate
CENTRAL BANGALORE,12.977889,77.63006,43.23,0.6087,0.6938,0.3914,Moderate
CENTRAL BANGALORE,12.973128,77.60602,43.19,0.5682,0.8518,0.1251,Moderate
CENTRAL BANGALORE,12.952915,77.59479,43.16,0.6106,0.5635,0.5843,Moderate
CENTRAL BANGALORE,12.991007,77.612114,43.13,0.6223,0.6368,0.4788,Moderate
CENTRAL BANGALORE,12.961162,77.582634,43.13,0.5965,0.6368,0.4788,Moderate
EAST BANGALORE,12.973492,77.64619,43.08,0.6032,0.73,0.3333,Moderate
CENTRAL BANGALORE,12.971947,77.60479,43.05,0.5797,0.8518,0.1251,Moderate
CENTRAL BANGALORE,12.968859,77.60729,43.04,0.5305,0.8518,0.1251,Moderate
CENTRAL BANGALORE,12.959802,77.58546,43.03,0.6316,0.5408,0.6151,Moderate
CENTRAL BANGALORE,12.96919,77.595924,43.0,0.5703,0.5841,0.5556,Moderate
CENTRAL BANGALORE,12.964548,77.56401,43.0,0.5823,0.5155,0.6486,Moderate
CENTRAL BANGALORE,12.964751,77.604004,42.99,0.5926,0.7184,0.3521,Moderate
WEST BANGALORE,13.012479,77.55432,42.97,0.4987,0.5635,0.5843,Moderate
CENTRAL BANGALORE,12.967691,77.60592,42.94,0.6233,0.8356,0.1538,Moderate
CENTRAL BANGALORE,12.985242,77.59998,42.88,0.6096,0.6368,0.4788,Moderate
SOUTHEAST / IT CORRIDOR,12.92338,77.668144,42.88,0.5865,0.5841,0.5556,Moderate
EAST BANGALORE,12.967677,77.63788,42.87,0.5993,0.6205,0.5031,Moderate
CENTRAL BANGALORE,12.964474,77.58321,42.87,0.587,0.5635,0.5843,Moderate
CENTRAL BANGALORE,12.959975,77.59794,42.86,0.6206,0.5408,0.6151,Moderate
CENTRAL BANGALORE,12.966747,77.60453,42.83,0.6067,0.801,0.2143,Moderate
CENTRAL BANGALORE,12.968163,77.60858,42.7,0.5892,0.8518,0.1251,Moderate
CENTRAL BANGALORE,12.96824,77.60803,42.69,0.6392,0.8518,0.1251,Moderate
CENTRAL BANGALORE,12.96845,77.60769,42.66,0.5858,0.8518,0.1251,Moderate
CENTRAL BANGALORE,12.957498,77.58437,42.62,0.5947,0.5408,0.6151,Moderate
CENTRAL BANGALORE,12.969333,77.60804,42.61,0.5117,0.8518,0.1251,Moderate
CENTRAL BANGALORE,12.949894,77.57408,42.59,0.6206,0.6205,0.5031,Moderate
CENTRAL BANGALORE,12.955753,77.58809,42.54,0.6383,0.5408,0.6151,Moderate
CENTRAL BANGALORE,12.968831,77.60847,42.53,0.5949,0.8518,0.1251,Moderate
CENTRAL BANGALORE,12.9696,77.60668,42.48,0.5056,0.8518,0.1251,Moderate
CENTRAL BANGALORE,12.969172,77.60752,42.42,0.507,0.8518,0.1251,Moderate
WEST BANGALORE,12.97362,77.57392,42.4,0.5237,0.6029,0.5286,Moderate
CENTRAL BANGALORE,12.957298,77.584305,42.38,0.5747,0.5408,0.6151,Moderate
CENTRAL BANGALORE,12.972474,77.60912,42.38,0.6594,0.8188,0.1835,Moderate
CENTRAL BANGALORE,12.955158,77.57891,42.37,0.643,0.6205,0.5031,Moderate
CENTRAL BANGALORE,12.969629,77.607346,42.36,0.4984,0.8518,0.1251,Moderate
EAST BANGALORE,12.971847,77.635,42.35,0.506,0.7412,0.3151,Moderate
CENTRAL BANGALORE,12.957838,77.587944,42.35,0.6446,0.5408,0.6151,Moderate
CENTRAL BANGALORE,12.95684,77.58702,42.29,0.6327,0.5408,0.6151,Moderate
CENTRAL BANGALORE,12.97554,77.600746,42.28,0.6253,0.81,0.1988,Moderate
CENTRAL BANGALORE,12.993105,77.59193,42.24,0.6528,0.5408,0.6151,Moderate
WEST BANGALORE,12.980395,77.55446,42.2,0.5191,0.5338,0.6151,Moderate
SOUTHEAST / IT CORRIDOR,12.923204,77.618034,42.2,0.5425,0.6522,0.4557,Moderate
CENTRAL BANGALORE,12.973339,77.60838,42.17,0.6013,0.8518,0.1251,Moderate
CENTRAL BANGALORE,12.967656,77.61061,42.17,0.5641,0.7624,0.2799,Moderate
CENTRAL BANGALORE,12.97197,77.61421,42.16,0.6338,0.7624,0.2799,Moderate
CENTRAL BANGALORE,12.973215,77.605286,42.14,0.6396,0.8518,0.1251,Moderate
LOGISTICS / HIGH TRAFFIC ZONES,13.008738,77.56699,42.13,0.4824,0.5597,0.5843,Moderate
NORTH BANGALORE,12.950484,77.592186,42.11,0.4978,0.6026,0.5286,Moderate
SOUTH BANGALORE,12.868706,77.61307,42.11,0.6012,0.5045,0.6486,Moderate
SOUTH BANGALORE,12.943639,77.57753,42.1,0.5826,0.6205,0.5031,Moderate
CENTRAL BANGALORE,12.957025,77.5905,42.08,0.6348,0.5408,0.6151,Moderate
CENTRAL BANGALORE,12.958181,77.58752,42.08,0.6223,0.5408,0.6151,Moderate
CENTRAL BANGALORE,12.974307,77.59678,42.08,0.6105,0.6368,0.4788,Moderate
EAST BANGALORE,12.979662,77.64686,42.06,0.5781,0.7412,0.3151,Moderate
CENTRAL BANGALORE,12.967981,77.60634,42.06,0.5627,0.8356,0.1538,Moderate
EAST BANGALORE,12.960423,77.71716,41.98,0.544,0.5408,0.6151,Moderate
CENTRAL BANGALORE,12.967299,77.60803,41.96,0.6064,0.8356,0.1538,Moderate
CENTRAL BANGALORE,12.957005,77.58971,41.96,0.6187,0.5408,0.6151,Moderate
CENTRAL BANGALORE,12.964387,77.612045,41.94,0.6413,0.5408,0.6151,Moderate
CENTRAL BANGALORE,12.967031,77.60663,41.92,0.5793,0.8188,0.1835,Moderate
SOUTHEAST / IT CORRIDOR,12.910542,77.62786,41.9,0.5468,0.5593,0.5843,Moderate
SOUTH BANGALORE,12.942841,77.57691,41.9,0.5822,0.6668,0.4334,Moderate
CENTRAL BANGALORE,12.969765,77.609215,41.89,0.6028,0.8518,0.1251,Moderate
CENTRAL BANGALORE,12.969183,77.606514,41.88,0.5487,0.8518,0.1251,Moderate
CENTRAL BANGALORE,12.965079,77.60632,41.87,0.5802,0.7823,0.2464,Moderate
CENTRAL BANGALORE,12.970219,77.60357,41.85,0.5575,0.8356,0.1538,Moderate
EAST BANGALORE,12.977393,77.63592,41.78,0.4531,0.8356,0.1538,Moderate
CENTRAL BANGALORE,12.970485,77.61414,41.74,0.5767,0.7823,0.2464,Moderate
CENTRAL BANGALORE,12.966161,77.579384,41.68,0.5355,0.5635,0.5843,Moderate
CENTRAL BANGALORE,12.993663,77.5929,41.62,0.6106,0.5408,0.6151,Moderate
CENTRAL BANGALORE,12.973128,77.60602,41.62,0.549,0.8518,0.1251,Moderate
EAST BANGALORE,12.976605,77.6373,41.57,0.5232,0.8356,0.1538,Moderate
CENTRAL BANGALORE,12.964751,77.604004,41.54,0.589,0.7184,0.3521,Moderate
CENTRAL BANGALORE,12.95906,77.57633,41.5,0.6539,0.6668,0.4334,Moderate
NORTH BANGALORE,13.045705,77.62694,41.5,0.5478,0.5772,0.5556,Moderate
SOUTH BANGALORE,12.865591,77.592674,41.49,0.6239,0.5408,0.6151,Moderate
CENTRAL BANGALORE,12.97213,77.607056,41.49,0.6092,0.8518,0.1251,Moderate
EAST BANGALORE,12.969386,77.63681,41.44,0.5782,0.6029,0.5286,Moderate
CENTRAL BANGALORE,12.994163,77.59295,41.43,0.6252,0.5408,0.6151,Moderate
CENTRAL BANGALORE,12.970992,77.58068,41.41,0.5489,0.6029,0.5286,Moderate
CENTRAL BANGALORE,12.968773,77.60271,41.4,0.5623,0.8188,0.1835,Moderate
CENTRAL BANGALORE,12.964458,77.60572,41.39,0.593,0.7412,0.3151,Moderate
SOUTH BANGALORE,12.945686,77.57327,41.38,0.6292,0.5841,0.5556,Moderate
CENTRAL BANGALORE,12.968897,77.61036,41.38,0.5817,0.801,0.2143,Moderate
CENTRAL BANGALORE,12.971042,77.61552,41.37,0.6583,0.7412,0.3151,Moderate
SOUTHEAST / IT CORRIDOR,12.902022,77.67732,41.34,0.6204,0.5408,0.6151,Moderate
CENTRAL BANGALORE,12.959703,77.58363,41.33,0.5945,0.5408,0.6151,Moderate
CENTRAL BANGALORE,13.049143,77.629166,41.29,0.5173,0.5408,0.6151,Moderate
CENTRAL BANGALORE,12.968349,77.60606,41.26,0.5834,0.8356,0.1538,Moderate
CENTRAL BANGALORE,12.978558,77.63142,41.25,0.5363,0.7184,0.3521,Moderate
CENTRAL BANGALORE,12.969456,77.608246,41.25,0.5569,0.8518,0.1251,Moderate
CENTRAL BANGALORE,12.972289,77.60071,41.25,0.6034,0.801,0.2143,Moderate
CENTRAL BANGALORE,12.966568,77.60136,41.21,0.516,0.6668,0.4334,Moderate
LOGISTICS / HIGH TRAFFIC ZONES,12.970195,77.57351,41.2,0.4745,0.6029,0.5286,Moderate
CENTRAL BANGALORE,12.965219,77.60621,41.18,0.6109,0.7823,0.2464,Moderate
CENTRAL BANGALORE,12.971377,77.60702,41.17,0.55,0.8518,0.1251,Moderate
CENTRAL BANGALORE,12.978889,77.62988,41.15,0.5322,0.6938,0.3914,Moderate
LOGISTICS / HIGH TRAFFIC ZONES,12.970342,77.576805,41.13,0.475,0.6368,0.4788,Moderate
SOUTH BANGALORE,12.933944,77.57823,41.13,0.5823,0.7064,0.3715,Moderate
EAST BANGALORE,12.972601,77.639336,41.12,0.5208,0.801,0.2143,Moderate
CENTRAL BANGALORE,12.960382,77.59762,41.11,0.6187,0.5408,0.6151,Moderate
CENTRAL BANGALORE,12.992757,77.59234,41.07,0.591,0.5408,0.6151,Moderate
CENTRAL BANGALORE,12.968831,77.60847,41.06,0.5721,0.8518,0.1251,Moderate
CENTRAL BANGALORE,12.965425,77.61309,40.99,0.6728,0.5408,0.6151,Moderate
SOUTH BANGALORE,12.949495,77.59618,40.99,0.5992,0.5635,0.5843,Moderate
LOGISTICS / HIGH TRAFFIC ZONES,12.966305,77.572266,40.98,0.4934,0.6029,0.5286,Moderate
CENTRAL BANGALORE,12.959521,77.59957,40.97,0.577,0.5408,0.6151,Moderate
CENTRAL BANGALORE,12.969765,77.609215,40.96,0.5775,0.8518,0.1251,Moderate
CENTRAL BANGALORE,12.992017,77.593025,40.9,0.67,0.5408,0.6151,Moderate
CENTRAL BANGALORE,12.962961,77.60437,40.89,0.6951,0.5841,0.5556,Moderate
CENTRAL BANGALORE,12.969183,77.606514,40.87,0.5348,0.8518,0.1251,Moderate
SOUTH BANGALORE,12.914415,77.640015,40.84,0.5194,0.6668,0.4334,Moderate
EAST BANGALORE,12.948614,77.70412,40.84,0.5423,0.6668,0.4334,Moderate
EAST BANGALORE,12.974773,77.64351,40.82,0.4756,0.81,0.1988,Moderate
CENTRAL BANGALORE,12.969765,77.609215,40.82,0.5672,0.8518,0.1251,Moderate
CENTRAL BANGALORE,12.993049,77.593544,40.81,0.5605,0.5408,0.6151,Moderate
CENTRAL BANGALORE,12.960214,77.597786,40.77,0.5482,0.5408,0.6151,Moderate
NORTH BANGALORE,13.040075,77.59159,40.75,0.5357,0.6798,0.4121,Moderate
SOUTH BANGALORE,12.868072,77.59617,40.74,0.6272,0.6668,0.4334,Moderate
EAST BANGALORE,12.952057,77.70024,40.74,0.6023,0.7412,0.3151,Moderate
CENTRAL BANGALORE,12.969558,77.60706,40.73,0.5403,0.8518,0.1251,Moderate
LOGISTICS / HIGH TRAFFIC ZONES,12.967636,77.57619,40.68,0.4771,0.563,0.5843,Moderate
EAST BANGALORE,12.966185,77.71813,40.65,0.5268,0.5841,0.5556,Moderate
CENTRAL BANGALORE,12.972383,77.60552,40.58,0.6149,0.8518,0.1251,Moderate
CENTRAL BANGALORE,12.96509,77.605705,40.56,0.5529,0.7412,0.3151,Moderate
SOUTHEAST / IT CORRIDOR,12.914276,77.6298,40.54,0.651,0.6029,0.5286,Moderate
CENTRAL BANGALORE,12.969479,77.60924,40.52,0.5788,0.8518,0.1251,Moderate
EAST BANGALORE,12.954292,77.69456,40.48,0.5205,0.5408,0.6151,Moderate
SOUTHEAST / IT CORRIDOR,12.922636,77.61652,40.48,0.5964,0.6522,0.4557,Moderate
CENTRAL BANGALORE,12.96849,77.60872,40.47,0.5991,0.8518,0.1251,Moderate
CENTRAL BANGALORE,12.963592,77.56722,40.46,0.5993,0.5635,0.5843,Moderate
CENTRAL BANGALORE,12.97356,77.607735,40.46,0.6115,0.8518,0.1251,Moderate
CENTRAL BANGALORE,12.968474,77.60929,40.45,0.5589,0.8518,0.1251,Moderate
EAST BANGALORE,12.952632,77.70358,40.44,0.5081,0.7412,0.3151,Moderate
EAST BANGALORE,12.94106,77.70185,40.42,0.57,0.5981,0.5286,Moderate
CENTRAL BANGALORE,12.965323,77.58026,40.42,0.5707,0.5635,0.5843,Moderate
NORTH BANGALORE,13.039809,77.62417,40.42,0.5237,0.5787,0.5556,Moderate
EAST BANGALORE,12.954656,77.721016,40.42,0.5138,0.5326,0.6151,Moderate
CENTRAL BANGALORE,12.967803,77.60928,40.37,0.5773,0.8356,0.1538,Moderate
EAST BANGALORE,12.954517,77.69878,40.36,0.585,0.6522,0.4557,Moderate
WEST BANGALORE,12.996594,77.54485,40.33,0.6012,0.6205,0.5031,Moderate
SOUTH BANGALORE,12.869367,77.5947,40.32,0.6339,0.6668,0.4334,Moderate
SOUTH BANGALORE,12.868259,77.59651,40.3,0.5978,0.6668,0.4334,Moderate
EAST BANGALORE,12.974034,77.63934,40.28,0.4736,0.8356,0.1538,Moderate
CENTRAL BANGALORE,12.968182,77.60635,40.23,0.5512,0.8356,0.1538,Moderate
CENTRAL BANGALORE,12.965414,77.60599,40.16,0.6537,0.7823,0.2464,Moderate
CENTRAL BANGALORE,12.966465,77.581665,40.16,0.6172,0.6029,0.5286,Moderate
CENTRAL BANGALORE,12.969031,77.60811,40.15,0.5292,0.8518,0.1251,Moderate
SOUTHEAST / IT CORRIDOR,12.92323,77.622444,40.14,0.5492,0.7064,0.3715,Moderate
SOUTHEAST / IT CORRIDOR,12.923875,77.67416,40.14,0.594,0.5408,0.6151,Moderate
CENTRAL BANGALORE,12.985437,77.61354,40.13,0.63,0.6368,0.4788,Moderate
CENTRAL BANGALORE,12.956573,77.58807,40.12,0.6081,0.5408,0.6151,Moderate
CENTRAL BANGALORE,12.993991,77.59285,40.11,0.5691,0.5408,0.6151,Moderate
CENTRAL BANGALORE,12.963355,77.56417,40.11,0.6117,0.5155,0.6486,Moderate
CENTRAL BANGALORE,12.970457,77.58318,40.09,0.6384,0.5635,0.5843,Moderate
CENTRAL BANGALORE,12.978197,77.62971,40.06,0.5531,0.6938,0.3914,Moderate
EAST BANGALORE,12.978966,77.64295,40.04,0.5049,0.801,0.2143,Moderate
CENTRAL BANGALORE,12.968004,77.58211,40.03,0.6308,0.6029,0.5286,Moderate
CENTRAL BANGALORE,12.970281,77.60911,40.01,0.5641,0.8518,0.1251,Moderate
SOUTHEAST / IT CORRIDOR,12.917176,77.645164,39.99,0.5424,0.6368,0.4788,Low
CENTRAL BANGALORE,12.978139,77.62999,39.98,0.5896,0.6938,0.3914,Low
CENTRAL BANGALORE,12.96903,77.60762,39.96,0.5683,0.8518,0.1251,Low
EAST BANGALORE,12.96809,77.64075,39.95,0.6375,0.6522,0.4557,Low
EAST BANGALORE,12.967759,77.644875,39.91,0.6426,0.6029,0.5286,Low
CENTRAL BANGALORE,12.967067,77.602554,39.89,0.579,0.7823,0.2464,Low
CENTRAL BANGALORE,12.96985,77.60856,39.87,0.5515,0.8518,0.1251,Low
SOUTHEAST / IT CORRIDOR,12.930037,77.63047,39.87,0.4937,0.5841,0.5556,Low
CENTRAL BANGALORE,12.991233,77.60793,39.86,0.6616,0.6368,0.4788,Low
CENTRAL BANGALORE,12.971184,77.61588,39.86,0.6516,0.6938,0.3914,Low
CENTRAL BANGALORE,12.957005,77.58971,39.84,0.5721,0.5408,0.6151,Low
CENTRAL BANGALORE,12.973774,77.608,39.83,0.5753,0.8518,0.1251,Low
CENTRAL BANGALORE,12.957709,77.585144,39.83,0.5977,0.5408,0.6151,Low
SOUTHEAST / IT CORRIDOR,12.919759,77.60589,39.78,0.5867,0.5635,0.5843,Low
CENTRAL BANGALORE,12.950849,77.60105,39.77,0.6954,0.5635,0.5843,Low
CENTRAL BANGALORE,12.963405,77.605835,39.7,0.6018,0.6522,0.4557,Low
CENTRAL BANGALORE,13.052111,77.62019,39.64,0.5578,0.5841,0.5556,Low
SOUTHEAST / IT CORRIDOR,12.917232,77.61726,39.63,0.5181,0.5841,0.5556,Low
CENTRAL BANGALORE,12.967512,77.60501,39.62,0.6047,0.8188,0.1835,Low
CENTRAL BANGALORE,12.967817,77.60998,39.6,0.6323,0.8518,0.1251,Low
CENTRAL BANGALORE,12.966812,77.60086,39.59,0.609,0.6668,0.4334,Low
CENTRAL BANGALORE,12.958342,77.577126,39.58,0.6724,0.6668,0.4334,Low
CENTRAL BANGALORE,12.957696,77.58659,39.58,0.6409,0.5408,0.6151,Low
CENTRAL BANGALORE,12.995715,77.58927,39.58,0.6183,0.5408,0.6151,Low
CENTRAL BANGALORE,12.957179,77.58799,39.56,0.5698,0.5408,0.6151,Low
SOUTHEAST / IT CORRIDOR,12.929327,77.629555,39.56,0.5754,0.6522,0.4557,Low
CENTRAL BANGALORE,12.96954,77.60904,39.53,0.5435,0.8518,0.1251,Low
CENTRAL BANGALORE,12.969706,77.59802,39.49,0.626,0.6668,0.4334,Low
CENTRAL BANGALORE,12.969302,77.608864,39.48,0.5939,0.8518,0.1251,Low
CENTRAL BANGALORE,12.953485,77.58352,39.45,0.6183,0.5408,0.6151,Low
CENTRAL BANGALORE,12.96477,77.60449,39.44,0.5749,0.7412,0.3151,Low
EAST BANGALORE,12.972643,77.64081,39.43,0.5656,0.8438,0.1393,Low
CENTRAL BANGALORE,12.968223,77.60625,39.42,0.5337,0.8356,0.1538,Low
EAST BANGALORE,12.940306,77.697586,39.38,0.6249,0.6029,0.5286,Low
CENTRAL BANGALORE,12.969012,77.60997,39.37,0.6313,0.8518,0.1251,Low
CENTRAL BANGALORE,12.969672,77.6122,39.37,0.6368,0.801,0.2143,Low
CENTRAL BANGALORE,12.972507,77.60471,39.36,0.5767,0.8518,0.1251,Low
CENTRAL BANGALORE,12.963782,77.5672,39.36,0.5866,0.5635,0.5843,Low
CENTRAL BANGALORE,12.968827,77.56333,39.36,0.6277,0.5155,0.6486,Low
CENTRAL BANGALORE,12.967284,77.6043,39.35,0.6041,0.801,0.2143,Low
EAST BANGALORE,12.953802,77.69782,39.34,0.5645,0.6205,0.5031,Low
CENTRAL BANGALORE,12.959896,77.60105,39.33,0.6249,0.5408,0.6151,Low
CENTRAL BANGALORE,12.965434,77.582985,39.31,0.6138,0.5635,0.5843,Low
CENTRAL BANGALORE,12.990732,77.60871,39.31,0.6103,0.6368,0.4788,Low
CENTRAL BANGALORE,12.956536,77.57632,39.28,0.5524,0.6668,0.4334,Low
CENTRAL BANGALORE,12.954994,77.57814,39.28,0.664,0.6205,0.5031,Low
CENTRAL BANGALORE,12.967067,77.602554,39.28,0.587,0.7823,0.2464,Low
CENTRAL BANGALORE,12.957447,77.587685,39.27,0.6513,0.5408,0.6151,Low
CENTRAL BANGALORE,12.973704,77.60681,39.25,0.5977,0.8892,0.0572,Low
CENTRAL BANGALORE,12.966932,77.60267,39.24,0.5377,0.7823,0.2464,Low
CENTRAL BANGALORE,12.96954,77.60904,39.23,0.5549,0.8518,0.1251,Low
SOUTH BANGALORE,12.941865,77.58279,39.2,0.563,0.5841,0.5556,Low
EAST BANGALORE,12.976019,77.6381,39.2,0.4562,0.8356,0.1538,Low
CENTRAL BANGALORE,13.051994,77.630356,39.19,0.5652,0.5408,0.6151,Low
EAST BANGALORE,12.97191,77.636475,39.18,0.5512,0.7624,0.2799,Low
CENTRAL BANGALORE,12.9695,77.609474,39.17,0.5979,0.8518,0.1251,Low
SOUTHEAST / IT CORRIDOR,12.933101,77.62543,39.16,0.5707,0.7624,0.2799,Low
CENTRAL BANGALORE,12.971491,77.61289,39.16,0.6199,0.801,0.2143,Low
CENTRAL BANGALORE,12.969491,77.60812,39.14,0.5765,0.8518,0.1251,Low
AIRPORT & PERIPHERAL ZONES,13.198881,77.71162,39.14,0.6089,0.5408,0.6151,Low
CENTRAL BANGALORE,12.969479,77.60924,39.13,0.5218,0.8518,0.1251,Low
CENTRAL BANGALORE,12.969469,77.58187,39.13,0.5401,0.6029,0.5286,Low
SOUTHEAST / IT CORRIDOR,12.917967,77.63829,39.12,0.5357,0.6668,0.4334,Low
EAST BANGALORE,12.970454,77.636734,39.1,0.5695,0.6938,0.3914,Low
CENTRAL BANGALORE,12.960455,77.59975,39.06,0.6246,0.5408,0.6151,Low
CENTRAL BANGALORE,12.968223,77.60625,39.06,0.5513,0.8356,0.1538,Low
CENTRAL BANGALORE,12.984759,77.59937,39.05,0.6473,0.5635,0.5843,Low
CENTRAL BANGALORE,12.969839,77.57887,39.05,0.5545,0.6029,0.5286,Low
EAST BANGALORE,12.978397,77.63313,39.04,0.5563,0.7823,0.2464,Low
CENTRAL BANGALORE,12.962967,77.60547,39.01,0.5798,0.5408,0.6151,Low
CENTRAL BANGALORE,12.986152,77.59927,39.01,0.6084,0.5635,0.5843,Low
SOUTHEAST / IT CORRIDOR,12.932114,77.630554,38.96,0.5975,0.5841,0.5556,Low
CENTRAL BANGALORE,12.957018,77.582634,38.89,0.5473,0.5841,0.5556,Low
CENTRAL BANGALORE,12.959324,77.5843,38.86,0.6505,0.5408,0.6151,Low
CENTRAL BANGALORE,12.959983,77.59904,38.85,0.5997,0.5408,0.6151,Low
SOUTH BANGALORE,12.866929,77.5967,38.84,0.6773,0.6668,0.4334,Low
CENTRAL BANGALORE,12.967995,77.609375,38.84,0.5693,0.8518,0.1251,Low
CENTRAL BANGALORE,12.9695,77.609474,38.83,0.5554,0.8518,0.1251,Low
EAST BANGALORE,12.95279,77.70402,38.82,0.4986,0.7412,0.3151,Low
CENTRAL BANGALORE,12.973973,77.5988,38.79,0.5791,0.7184,0.3521,Low
SOUTH BANGALORE,12.907296,77.63789,38.78,0.5066,0.5635,0.5843,Low
EAST BANGALORE,12.960201,77.71788,38.78,0.6021,0.5408,0.6151,Low
CENTRAL BANGALORE,12.970808,77.58186,38.75,0.5872,0.5635,0.5843,Low
CENTRAL BANGALORE,12.962253,77.60455,38.74,0.5932,0.5408,0.6151,Low
CENTRAL BANGALORE,12.965137,77.603165,38.69,0.6208,0.7184,0.3521,Low
CENTRAL BANGALORE,13.049882,77.629166,38.66,0.5489,0.5408,0.6151,Low
SOUTH BANGALORE,12.904418,77.58059,38.65,0.4766,0.5408,0.6151,Low
SOUTHEAST / IT CORRIDOR,12.937758,77.62468,38.64,0.5495,0.5635,0.5843,Low
SOUTHEAST / IT CORRIDOR,12.916783,77.63739,38.62,0.5459,0.6668,0.4334,Low
WEST BANGALORE,12.995972,77.544914,38.62,0.5917,0.6205,0.5031,Low
CENTRAL BANGALORE,12.959896,77.60105,38.62,0.6077,0.5408,0.6151,Low
CENTRAL BANGALORE,12.952322,77.57777,38.58,0.6314,0.5841,0.5556,Low
CENTRAL BANGALORE,12.955144,77.576515,38.57,0.6514,0.6205,0.5031,Low
CENTRAL BANGALORE,12.969031,77.60811,38.55,0.5853,0.8518,0.1251,Low
SOUTHEAST / IT CORRIDOR,12.922262,77.67245,38.54,0.623,0.5408,0.6151,Low
EAST BANGALORE,12.94996,77.70245,38.5,0.5834,0.6938,0.3914,Low
CENTRAL BANGALORE,12.951317,77.574486,38.49,0.5715,0.5841,0.5556,Low
CENTRAL BANGALORE,12.96576,77.58181,38.49,0.538,0.5635,0.5843,Low
CENTRAL BANGALORE,12.96903,77.60762,38.48,0.5406,0.8518,0.1251,Low
CENTRAL BANGALORE,12.9562,77.582085,38.47,0.6172,0.5841,0.5556,Low
CENTRAL BANGALORE,12.967667,77.60915,38.47,0.5883,0.8356,0.1538,Low
SOUTHEAST / IT CORRIDOR,12.913017,77.61297,38.45,0.5313,0.5841,0.5556,Low
CENTRAL BANGALORE,12.984546,77.5984,38.44,0.5664,0.5635,0.5843,Low
SOUTHEAST / IT CORRIDOR,12.921941,77.67435,38.43,0.6424,0.5408,0.6151,Low
CENTRAL BANGALORE,12.993514,77.594215,38.43,0.6599,0.5408,0.6151,Low
EAST BANGALORE,12.970832,77.64215,38.41,0.5945,0.752,0.2973,Low
CENTRAL BANGALORE,12.971182,77.60781,38.4,0.5287,0.8518,0.1251,Low
CENTRAL BANGALORE,12.974745,77.628654,38.35,0.5746,0.6029,0.5286,Low
CENTRAL BANGALORE,12.985063,77.602165,38.34,0.6186,0.6368,0.4788,Low
CENTRAL BANGALORE,12.971377,77.60702,38.32,0.5197,0.8518,0.1251,Low
SOUTHEAST / IT CORRIDOR,12.911792,77.63544,38.3,0.5857,0.6368,0.4788,Low
CENTRAL BANGALORE,12.954528,77.58227,38.3,0.6284,0.5408,0.6151,Low
EAST BANGALORE,12.955773,77.69812,38.29,0.5492,0.6205,0.5031,Low
SOUTH BANGALORE,12.903676,77.57934,38.26,0.5584,0.5408,0.6151,Low
CENTRAL BANGALORE,12.971966,77.60801,38.26,0.5981,0.8518,0.1251,Low
EAST BANGALORE,12.953375,77.70145,38.21,0.5446,0.7412,0.3151,Low
SOUTHEAST / IT CORRIDOR,12.91099,77.61463,38.21,0.4592,0.5841,0.5556,Low
SOUTH BANGALORE,12.93559,77.57728,38.21,0.6622,0.73,0.3333,Low
EAST BANGALORE,12.975389,77.64348,38.21,0.4656,0.7624,0.2799,Low
SOUTH BANGALORE,12.903564,77.5801,38.2,0.6009,0.5408,0.6151,Low
CENTRAL BANGALORE,12.969183,77.606514,38.19,0.5342,0.8518,0.1251,Low
CENTRAL BANGALORE,12.970628,77.56876,38.18,0.5569,0.5635,0.5843,Low
CENTRAL BANGALORE,12.969459,77.60644,38.16,0.505,0.8518,0.1251,Low
SOUTH BANGALORE,12.946539,77.56983,38.14,0.5204,0.5408,0.6151,Low
CENTRAL BANGALORE,12.960555,77.597404,38.13,0.5802,0.5408,0.6151,Low
SOUTH BANGALORE,12.942406,77.57187,38.12,0.5786,0.6668,0.4334,Low
CENTRAL BANGALORE,12.987686,77.60128,38.12,0.6752,0.6368,0.4788,Low
CENTRAL BANGALORE,12.969402,77.60845,38.1,0.5846,0.8518,0.1251,Low
EAST BANGALORE,12.969391,77.643555,38.1,0.5451,0.7064,0.3715,Low
CENTRAL BANGALORE,12.969274,77.60899,38.08,0.5536,0.8518,0.1251,Low
CENTRAL BANGALORE,12.987969,77.61139,38.07,0.6242,0.6368,0.4788,Low
CENTRAL BANGALORE,12.985657,77.599915,38.07,0.6306,0.5635,0.5843,Low
CENTRAL BANGALORE,12.961696,77.5806,38.05,0.5978,0.6368,0.4788,Low
CENTRAL BANGALORE,12.969423,77.60771,38.05,0.5812,0.8518,0.1251,Low
CENTRAL BANGALORE,12.990852,77.612,38.04,0.6594,0.6368,0.4788,Low
CENTRAL BANGALORE,12.9928,77.593445,38.03,0.6074,0.5408,0.6151,Low
CENTRAL BANGALORE,12.967031,77.60663,38.02,0.5839,0.8188,0.1835,Low
EAST BANGALORE,12.969514,77.638626,38.0,0.5916,0.7064,0.3715,Low
CENTRAL BANGALORE,12.964728,77.61191,38.0,0.6039,0.5408,0.6151,Low
CENTRAL BANGALORE,12.970627,77.61289,38.0,0.637,0.801,0.2143,Low
CENTRAL BANGALORE,12.971292,77.600945,37.96,0.5962,0.8188,0.1835,Low
SOUTH BANGALORE,12.864905,77.59312,37.95,0.5974,0.6368,0.4788,Low
CENTRAL BANGALORE,12.986751,77.59736,37.94,0.5998,0.5635,0.5843,Low
CENTRAL BANGALORE,12.954254,77.57606,37.93,0.646,0.6205,0.5031,Low
CENTRAL BANGALORE,12.965414,77.60599,37.92,0.5895,0.7823,0.2464,Low
CENTRAL BANGALORE,12.97233,77.60023,37.89,0.5277,0.7624,0.2799,Low
CENTRAL BANGALORE,12.962774,77.58292,37.87,0.5909,0.6368,0.4788,Low
CENTRAL BANGALORE,12.960877,77.598755,37.86,0.5771,0.5408,0.6151,Low
CENTRAL BANGALORE,12.952212,77.601135,37.85,0.5789,0.5635,0.5843,Low
SOUTHEAST / IT CORRIDOR,12.916031,77.63816,37.85,0.5813,0.6668,0.4334,Low
CENTRAL BANGALORE,12.966601,77.60576,37.82,0.6043,0.801,0.2143,Low
CENTRAL BANGALORE,12.967522,77.59204,37.82,0.6241,0.5408,0.6151,Low
SOUTHEAST / IT CORRIDOR,12.918477,77.611595,37.76,0.5499,0.6029,0.5286,Low
CENTRAL BANGALORE,12.967055,77.60463,37.75,0.6286,0.801,0.2143,Low
CENTRAL BANGALORE,12.975629,77.62889,37.74,0.5421,0.6029,0.5286,Low
CENTRAL BANGALORE,12.97012,77.58098,37.73,0.5603,0.6029,0.5286,Low
SOUTHEAST / IT CORRIDOR,12.936084,77.628876,37.72,0.6205,0.5635,0.5843,Low
SOUTHEAST / IT CORRIDOR,12.920586,77.615,37.7,0.5468,0.6368,0.4788,Low
SOUTHEAST / IT CORRIDOR,12.925691,77.61635,37.68,0.5076,0.7412,0.3151,Low
CENTRAL BANGALORE,12.960049,77.584236,37.67,0.6028,0.5408,0.6151,Low
CENTRAL BANGALORE,12.980479,77.63022,37.65,0.5397,0.6668,0.4334,Low
CENTRAL BANGALORE,12.991233,77.60793,37.64,0.6543,0.6368,0.4788,Low
CENTRAL BANGALORE,12.992894,77.58939,37.64,0.6367,0.5408,0.6151,Low
CENTRAL BANGALORE,12.971846,77.600204,37.61,0.6029,0.7624,0.2799,Low
CENTRAL BANGALORE,12.969839,77.60878,37.6,0.5604,0.8518,0.1251,Low
SOUTHEAST / IT CORRIDOR,12.924173,77.61674,37.59,0.5325,0.6522,0.4557,Low
SOUTHEAST / IT CORRIDOR,12.909541,77.63805,37.57,0.5243,0.6029,0.5286,Low
SOUTH BANGALORE,12.944406,77.594505,37.57,0.5915,0.5635,0.5843,Low
CENTRAL BANGALORE,12.977755,77.63043,37.55,0.5905,0.6938,0.3914,Low
SOUTHEAST / IT CORRIDOR,12.909317,77.63326,37.55,0.5415,0.5155,0.6486,Low
CENTRAL BANGALORE,12.991031,77.60832,37.54,0.5862,0.6368,0.4788,Low
EAST BANGALORE,12.969656,77.64278,37.53,0.6015,0.7064,0.3715,Low
CENTRAL BANGALORE,12.970386,77.57696,37.53,0.4835,0.6368,0.4788,Low
CENTRAL BANGALORE,12.960735,77.5995,37.53,0.6358,0.5408,0.6151,Low
CENTRAL BANGALORE,12.982613,77.6116,37.52,0.5945,0.73,0.3333,Low
SOUTH BANGALORE,12.910667,77.58151,37.52,0.4902,0.5841,0.5556,Low
CENTRAL BANGALORE,12.954709,77.577934,37.51,0.6002,0.6205,0.5031,Low
SOUTHEAST / IT CORRIDOR,12.90878,77.63948,37.49,0.5516,0.6029,0.5286,Low
CENTRAL BANGALORE,12.972735,77.60955,37.47,0.5712,0.8188,0.1835,Low
CENTRAL BANGALORE,12.96714,77.61083,37.46,0.591,0.7624,0.2799,Low
SOUTHEAST / IT CORRIDOR,12.941503,77.61891,37.44,0.617,0.6368,0.4788,Low
CENTRAL BANGALORE,12.974584,77.59929,37.43,0.6067,0.7918,0.2302,Low
CENTRAL BANGALORE,13.050511,77.63018,37.4,0.5859,0.5408,0.6151,Low
CENTRAL BANGALORE,12.988354,77.61128,37.39,0.57,0.6368,0.4788,Low
CENTRAL BANGALORE,12.969706,77.59802,37.39,0.5834,0.6668,0.4334,Low
CENTRAL BANGALORE,12.961604,77.57905,37.38,0.5858,0.6668,0.4334,Low
CENTRAL BANGALORE,12.956035,77.58109,37.35,0.6636,0.5841,0.5556,Low
CENTRAL BANGALORE,12.961625,77.58188,37.34,0.6035,0.6368,0.4788,Low
CENTRAL BANGALORE,12.992067,77.59242,37.34,0.5283,0.5408,0.6151,Low
CENTRAL BANGALORE,12.993514,77.594215,37.33,0.6193,0.5408,0.6151,Low
CENTRAL BANGALORE,12.967667,77.60915,37.33,0.5877,0.8356,0.1538,Low
CENTRAL BANGALORE,12.95967,77.598976,37.3,0.5782,0.5408,0.6151,Low
CENTRAL BANGALORE,12.969085,77.60969,37.3,0.6031,0.8518,0.1251,Low
CENTRAL BANGALORE,12.963883,77.606285,37.3,0.6483,0.6522,0.4557,Low
CENTRAL BANGALORE,12.953825,77.578255,37.26,0.6037,0.5841,0.5556,Low
WEST BANGALORE,12.992431,77.54467,37.26,0.5468,0.6205,0.5031,Low
SOUTHEAST / IT CORRIDOR,12.910822,77.61265,37.24,0.5286,0.5841,0.5556,Low
CENTRAL BANGALORE,12.969012,77.60997,37.23,0.5886,0.8518,0.1251,Low
CENTRAL BANGALORE,12.951238,77.600876,37.22,0.6069,0.5635,0.5843,Low
SOUTHEAST / IT CORRIDOR,12.919494,77.67013,37.21,0.6015,0.5408,0.6151,Low
CENTRAL BANGALORE,12.968144,77.610214,37.19,0.6037,0.8356,0.1538,Low
CENTRAL BANGALORE,12.992891,77.59044,37.19,0.5763,0.5408,0.6151,Low
CENTRAL BANGALORE,12.963247,77.56917,37.17,0.6196,0.6029,0.5286,Low
SOUTHEAST / IT CORRIDOR,12.919854,77.61114,37.16,0.5803,0.6029,0.5286,Low
CENTRAL BANGALORE,12.972966,77.6073,37.15,0.5527,0.8518,0.1251,Low
CENTRAL BANGALORE,12.96436,77.56723,37.14,0.6068,0.5635,0.5843,Low
CENTRAL BANGALORE,12.965965,77.56465,37.09,0.6141,0.5155,0.6486,Low
SOUTHEAST / IT CORRIDOR,12.940465,77.62578,37.08,0.579,0.5155,0.6486,Low
CENTRAL BANGALORE,12.96029,77.59857,37.08,0.6207,0.5408,0.6151,Low
EAST BANGALORE,12.967469,77.640175,37.07,0.5858,0.6806,0.4121,Low
EAST BANGALORE,12.949927,77.701324,37.06,0.5839,0.6938,0.3914,Low
CENTRAL BANGALORE,12.957367,77.587296,37.06,0.5826,0.5408,0.6151,Low
CENTRAL BANGALORE,12.973726,77.60475,37.04,0.5528,0.8892,0.0572,Low
EAST BANGALORE,12.954022,77.697365,37.04,0.4918,0.6205,0.5031,Low
CENTRAL BANGALORE,13.053151,77.62606,37.04,0.4898,0.5408,0.6151,Low
CENTRAL BANGALORE,12.973589,77.59895,37.01,0.6487,0.7412,0.3151,Low
SOUTHEAST / IT CORRIDOR,12.943935,77.62081,36.99,0.5913,0.5155,0.6486,Low
CENTRAL BANGALORE,12.99292,77.59203,36.97,0.5877,0.5408,0.6151,Low
CENTRAL BANGALORE,12.95412,77.58109,36.96,0.6282,0.5408,0.6151,Low
SOUTHEAST / IT CORRIDOR,12.930485,77.63071,36.95,0.6028,0.5841,0.5556,Low
CENTRAL BANGALORE,12.971136,77.63082,36.94,0.5789,0.6029,0.5286,Low
CENTRAL BANGALORE,12.973339,77.60838,36.94,0.5693,0.8518,0.1251,Low
SOUTHEAST / IT CORRIDOR,12.917702,77.632904,36.92,0.5616,0.5635,0.5843,Low
CENTRAL BANGALORE,12.998756,77.56767,36.92,0.4638,0.5841,0.5556,Low
CENTRAL BANGALORE,12.969358,77.581055,36.91,0.6115,0.6029,0.5286,Low
CENTRAL BANGALORE,12.986478,77.611244,36.9,0.5895,0.6368,0.4788,Low
CENTRAL BANGALORE,12.966998,77.60653,36.9,0.5355,0.8188,0.1835,Low
SOUTHEAST / IT CORRIDOR,12.916783,77.61525,36.86,0.504,0.5841,0.5556,Low
CENTRAL BANGALORE,12.97356,77.607735,36.8,0.5753,0.8518,0.1251,Low
CENTRAL BANGALORE,12.97218,77.6072,36.79,0.5939,0.8518,0.1251,Low
CENTRAL BANGALORE,12.963253,77.581116,36.79,0.5813,0.6029,0.5286,Low
CENTRAL BANGALORE,12.955909,77.58868,36.78,0.6477,0.5408,0.6151,Low
SOUTHEAST / IT CORRIDOR,12.918004,77.63298,36.78,0.5715,0.5635,0.5843,Low
CENTRAL BANGALORE,12.994359,77.59286,36.78,0.5743,0.5408,0.6151,Low
EAST BANGALORE,12.952932,77.702896,36.77,0.5446,0.7412,0.3151,Low
CENTRAL BANGALORE,12.952485,77.581116,36.76,0.6138,0.5408,0.6151,Low
CENTRAL BANGALORE,12.967849,77.60883,36.75,0.5498,0.8356,0.1538,Low
CENTRAL BANGALORE,12.957775,77.588135,36.73,0.5923,0.5408,0.6151,Low
CENTRAL BANGALORE,12.951608,77.59675,36.73,0.5847,0.5635,0.5843,Low
CENTRAL BANGALORE,12.967357,77.6101,36.72,0.5874,0.801,0.2143,Low
SOUTHEAST / IT CORRIDOR,12.914795,77.639114,36.72,0.537,0.6668,0.4334,Low
CENTRAL BANGALORE,12.993662,77.592026,36.72,0.5627,0.5408,0.6151,Low
SOUTH BANGALORE,12.924716,77.609116,36.71,0.5816,0.5155,0.6486,Low
CENTRAL BANGALORE,12.957935,77.58569,36.71,0.6012,0.5408,0.6151,Low
CENTRAL BANGALORE,12.949581,77.59649,36.71,0.5828,0.5635,0.5843,Low
CENTRAL BANGALORE,12.959204,77.59952,36.71,0.6026,0.5408,0.6151,Low
CENTRAL BANGALORE,12.973726,77.60475,36.7,0.5326,0.8892,0.0572,Low
EAST BANGALORE,12.938124,77.69881,36.7,0.5373,0.6029,0.5286,Low
EAST BANGALORE,12.969903,77.63693,36.7,0.5727,0.6029,0.5286,Low
SOUTHEAST / IT CORRIDOR,12.918357,77.61557,36.68,0.5325,0.5841,0.5556,Low
CENTRAL BANGALORE,12.955567,77.58988,36.67,0.6244,0.5841,0.5556,Low
CENTRAL BANGALORE,12.971377,77.60702,36.66,0.5282,0.8518,0.1251,Low
SOUTHEAST / IT CORRIDOR,12.937528,77.62642,36.66,0.5374,0.6029,0.5286,Low
CENTRAL BANGALORE,12.963868,77.56484,36.66,0.6582,0.5155,0.6486,Low
CENTRAL BANGALORE,12.966921,77.58285,36.65,0.5305,0.6029,0.5286,Low
SOUTHEAST / IT CORRIDOR,12.908872,77.63426,36.63,0.5152,0.5155,0.6486,Low
SOUTH BANGALORE,12.933902,77.5891,36.6,0.588,0.5635,0.5843,Low
CENTRAL BANGALORE,12.992957,77.593185,36.6,0.6482,0.5408,0.6151,Low
CENTRAL BANGALORE,12.968551,77.60735,36.58,0.5415,0.8518,0.1251,Low
CENTRAL BANGALORE,12.987221,77.557816,36.58,0.5715,0.5408,0.6151,Low
CENTRAL BANGALORE,12.975981,77.60254,36.57,0.5693,0.8596,0.1111,Low
SOUTHEAST / IT CORRIDOR,12.925512,77.61445,36.57,0.5436,0.7184,0.3521,Low
EAST BANGALORE,12.948839,77.70446,36.56,0.5574,0.6668,0.4334,Low
CENTRAL BANGALORE,12.970626,77.57534,36.55,0.4594,0.6029,0.5286,Low
SOUTH BANGALORE,12.942057,77.5801,36.55,0.5972,0.6205,0.5031,Low
CENTRAL BANGALORE,12.961599,77.56677,36.55,0.5605,0.5635,0.5843,Low
CENTRAL BANGALORE,12.952489,77.594826,36.55,0.5629,0.5635,0.5843,Low
CENTRAL BANGALORE,12.975576,77.60422,36.55,0.6072,0.8892,0.0572,Low
SOUTHEAST / IT CORRIDOR,12.926371,77.61245,36.53,0.5797,0.801,0.2143,Low
CENTRAL BANGALORE,12.963253,77.581116,36.51,0.5599,0.6029,0.5286,Low
CENTRAL BANGALORE,12.954154,77.583015,36.5,0.6294,0.5408,0.6151,Low
EAST BANGALORE,12.955672,77.694466,36.49,0.5527,0.5408,0.6151,Low
WEST BANGALORE,12.999303,77.551384,36.48,0.6443,0.5841,0.5556,Low
CENTRAL BANGALORE,12.966344,77.60481,36.48,0.5721,0.7823,0.2464,Low
EAST BANGALORE,12.975692,77.64257,36.46,0.4849,0.801,0.2143,Low
SOUTH BANGALORE,12.867881,77.59633,36.41,0.6477,0.6668,0.4334,Low
CENTRAL BANGALORE,12.950559,77.58019,36.4,0.6344,0.5408,0.6151,Low
CENTRAL BANGALORE,12.955766,77.579796,36.37,0.56,0.6205,0.5031,Low
CENTRAL BANGALORE,12.961625,77.58188,36.36,0.5402,0.6368,0.4788,Low
CENTRAL BANGALORE,12.969458,77.58088,36.29,0.551,0.6029,0.5286,Low
CENTRAL BANGALORE,12.965821,77.580956,36.26,0.6083,0.5635,0.5843,Low
CENTRAL BANGALORE,12.95756,77.576706,36.26,0.6248,0.6668,0.4334,Low
SOUTHEAST / IT CORRIDOR,12.932544,77.63029,36.25,0.4925,0.5841,0.5556,Low
CENTRAL BANGALORE,12.97209,77.600235,36.23,0.6056,0.7624,0.2799,Low
NORTH BANGALORE,13.051386,77.601234,36.23,0.6154,0.5635,0.5843,Low
SOUTHEAST / IT CORRIDOR,12.968658,77.64387,36.23,0.5888,0.6806,0.4121,Low
EAST BANGALORE,12.980864,77.71216,36.23,0.4928,0.5408,0.6151,Low
CENTRAL BANGALORE,12.962177,77.581055,36.2,0.6428,0.6368,0.4788,Low
CENTRAL BANGALORE,12.966913,77.581825,36.2,0.5521,0.6029,0.5286,Low
CENTRAL BANGALORE,12.963455,77.57786,36.18,0.6275,0.6029,0.5286,Low
CENTRAL BANGALORE,12.955275,77.58534,36.17,0.6113,0.5408,0.6151,Low
SOUTHEAST / IT CORRIDOR,12.913471,77.634674,36.17,0.5398,0.6029,0.5286,Low
SOUTHEAST / IT CORRIDOR,12.917262,77.60415,36.14,0.5304,0.5635,0.5843,Low
CENTRAL BANGALORE,12.967667,77.60915,36.12,0.5186,0.8356,0.1538,Low
SOUTHEAST / IT CORRIDOR,12.910656,77.63609,36.12,0.5473,0.6368,0.4788,Low
SOUTH BANGALORE,12.942184,77.57262,36.09,0.6417,0.6668,0.4334,Low
SOUTH BANGALORE,12.86863,77.59639,36.08,0.6167,0.6668,0.4334,Low
CENTRAL BANGALORE,12.964587,77.568794,36.07,0.6312,0.6029,0.5286,Low
CENTRAL BANGALORE,12.967978,77.571625,36.07,0.5537,0.5635,0.5843,Low
EAST BANGALORE,12.966657,77.64023,36.07,0.5816,0.6029,0.5286,Low
CENTRAL BANGALORE,12.961944,77.566505,36.05,0.6162,0.5635,0.5843,Low
CENTRAL BANGALORE,12.990531,77.59528,36.03,0.6715,0.5635,0.5843,Low
CENTRAL BANGALORE,12.96911,77.59709,36.02,0.5706,0.5841,0.5556,Low
EAST BANGALORE,12.954552,77.69589,36.01,0.5259,0.6205,0.5031,Low
CENTRAL BANGALORE,12.99728,77.57799,36.0,0.5661,0.5408,0.6151,Low
WEST BANGALORE,12.996003,77.54447,35.99,0.6306,0.6205,0.5031,Low
CENTRAL BANGALORE,12.956633,77.588585,35.99,0.6641,0.5408,0.6151,Low
WEST BANGALORE,12.994424,77.54373,35.98,0.515,0.6205,0.5031,Low
CENTRAL BANGALORE,12.960393,77.59611,35.96,0.6397,0.5408,0.6151,Low
SOUTH BANGALORE,12.863624,77.59432,35.9,0.6331,0.6368,0.4788,Low
CENTRAL BANGALORE,12.959324,77.5843,35.89,0.6373,0.5408,0.6151,Low
CENTRAL BANGALORE,12.974138,77.603004,35.89,0.5511,0.8892,0.0572,Low
CENTRAL BANGALORE,12.995243,77.59164,35.87,0.5368,0.5408,0.6151,Low
SOUTHEAST / IT CORRIDOR,12.90405,77.675934,35.86,0.5843,0.5408,0.6151,Low
CENTRAL BANGALORE,12.966601,77.60576,35.86,0.6177,0.801,0.2143,Low
WEST BANGALORE,12.996162,77.54575,35.86,0.5528,0.5841,0.5556,Low
CENTRAL BANGALORE,12.955164,77.575485,35.86,0.621,0.5841,0.5556,Low
CENTRAL BANGALORE,12.969722,77.58279,35.85,0.5688,0.6029,0.5286,Low
CENTRAL BANGALORE,12.951008,77.600426,35.85,0.6565,0.5635,0.5843,Low
SOUTHEAST / IT CORRIDOR,12.917389,77.62491,35.85,0.595,0.5635,0.5843,Low
CENTRAL BANGALORE,12.993339,77.591675,35.82,0.5988,0.5408,0.6151,Low
EAST BANGALORE,12.968698,77.64524,35.81,0.5616,0.5635,0.5843,Low
CENTRAL BANGALORE,12.97233,77.60023,35.81,0.6085,0.7624,0.2799,Low
EAST BANGALORE,12.967586,77.63852,35.8,0.6028,0.6205,0.5031,Low
CENTRAL BANGALORE,12.980984,77.6132,35.8,0.659,0.752,0.2973,Low
CENTRAL BANGALORE,12.957498,77.58437,35.76,0.6139,0.5408,0.6151,Low
WEST BANGALORE,12.997916,77.555336,35.75,0.5557,0.6368,0.4788,Low
CENTRAL BANGALORE,12.975,77.63021,35.74,0.5359,0.6368,0.4788,Low
CENTRAL BANGALORE,12.993745,77.59573,35.73,0.5717,0.5408,0.6151,Low
SOUTHEAST / IT CORRIDOR,12.911411,77.63643,35.73,0.5992,0.6368,0.4788,Low
CENTRAL BANGALORE,12.993353,77.59207,35.73,0.5947,0.5408,0.6151,Low
CENTRAL BANGALORE,12.97053,77.58057,35.71,0.5212,0.6029,0.5286,Low
SOUTHEAST / IT CORRIDOR,12.910743,77.62945,35.71,0.6065,0.5635,0.5843,Low
EAST BANGALORE,12.967511,77.71514,35.7,0.5634,0.5408,0.6151,Low
CENTRAL BANGALORE,12.976303,77.61472,35.66,0.5767,0.7412,0.3151,Low
CENTRAL BANGALORE,12.969274,77.60899,35.66,0.5374,0.8518,0.1251,Low
CENTRAL BANGALORE,12.952763,77.57902,35.64,0.6094,0.5841,0.5556,Low
CENTRAL BANGALORE,12.967567,77.60927,35.63,0.5241,0.8356,0.1538,Low
CENTRAL BANGALORE,12.974301,77.60421,35.63,0.5619,0.8892,0.0572,Low
CENTRAL BANGALORE,12.964703,77.5821,35.63,0.5978,0.5635,0.5843,Low
CENTRAL BANGALORE,12.965715,77.58263,35.62,0.5391,0.5635,0.5843,Low
CENTRAL BANGALORE,12.972116,77.60429,35.61,0.571,0.8518,0.1251,Low
CENTRAL BANGALORE,12.950804,77.58087,35.61,0.5975,0.5408,0.6151,Low
CENTRAL BANGALORE,12.969828,77.608986,35.6,0.5487,0.8518,0.1251,Low
CENTRAL BANGALORE,12.973653,77.605965,35.59,0.6291,0.8892,0.0572,Low
SOUTH BANGALORE,12.913186,77.57999,35.58,0.4832,0.5841,0.5556,Low
CENTRAL BANGALORE,13.000248,77.573685,35.57,0.5088,0.5841,0.5556,Low
CENTRAL BANGALORE,12.992997,77.589806,35.56,0.6114,0.5408,0.6151,Low
WEST BANGALORE,12.997458,77.5556,35.55,0.5349,0.5408,0.6151,Low
CENTRAL BANGALORE,12.972735,77.60955,35.53,0.5428,0.8188,0.1835,Low
EAST BANGALORE,12.94837,77.70385,35.52,0.5324,0.6668,0.4334,Low
CENTRAL BANGALORE,12.969796,77.57169,35.52,0.5431,0.6029,0.5286,Low
CENTRAL BANGALORE,12.99957,77.57734,35.52,0.5216,0.5841,0.5556,Low
CENTRAL BANGALORE,12.994538,77.59194,35.49,0.6941,0.5408,0.6151,Low
CENTRAL BANGALORE,12.968615,77.60817,35.48,0.5656,0.8518,0.1251,Low
CENTRAL BANGALORE,12.990473,77.596725,35.48,0.6512,0.5635,0.5843,Low
SOUTHEAST / IT CORRIDOR,12.941757,77.61963,35.48,0.5588,0.6368,0.4788,Low
CENTRAL BANGALORE,12.970543,77.60002,35.48,0.5383,0.7624,0.2799,Low
CENTRAL BANGALORE,12.971238,77.61208,35.47,0.5725,0.801,0.2143,Low
CENTRAL BANGALORE,12.967017,77.60138,35.47,0.5717,0.7412,0.3151,Low
CENTRAL BANGALORE,12.978441,77.629875,35.45,0.5373,0.6938,0.3914,Low
SOUTHEAST / IT CORRIDOR,12.909582,77.6372,35.42,0.5366,0.6029,0.5286,Low
CENTRAL BANGALORE,12.98784,77.61116,35.4,0.6401,0.6368,0.4788,Low
SOUTH BANGALORE,12.925463,77.589645,35.39,0.5653,0.6029,0.5286,Low
CENTRAL BANGALORE,12.972631,77.603676,35.39,0.5318,0.8518,0.1251,Low
CENTRAL BANGALORE,12.970498,77.582306,35.37,0.5335,0.5635,0.5843,Low
CENTRAL BANGALORE,12.971123,77.58301,35.35,0.5606,0.5635,0.5843,Low
CENTRAL BANGALORE,12.961389,77.58264,35.34,0.5854,0.6368,0.4788,Low
CENTRAL BANGALORE,12.975006,77.60799,35.33,0.5774,0.8596,0.1111,Low
CENTRAL BANGALORE,12.985724,77.59891,35.32,0.5742,0.5635,0.5843,Low
SOUTHEAST / IT CORRIDOR,12.906975,77.638916,35.31,0.5604,0.5635,0.5843,Low
SOUTHEAST / IT CORRIDOR,12.90945,77.610664,35.31,0.5808,0.5841,0.5556,Low
CENTRAL BANGALORE,12.97236,77.59949,35.31,0.6315,0.7412,0.3151,Low
CENTRAL BANGALORE,12.966178,77.58023,35.3,0.5096,0.5635,0.5843,Low
CENTRAL BANGALORE,12.973479,77.6312,35.3,0.583,0.6368,0.4788,Low
CENTRAL BANGALORE,12.968048,77.61097,35.3,0.5206,0.801,0.2143,Low
CENTRAL BANGALORE,12.967964,77.60268,35.29,0.6202,0.7823,0.2464,Low
CENTRAL BANGALORE,13.050122,77.62915,35.28,0.5422,0.5408,0.6151,Low
CENTRAL BANGALORE,12.953325,77.58078,35.27,0.64,0.5408,0.6151,Low
CENTRAL BANGALORE,12.971377,77.60702,35.24,0.5091,0.8518,0.1251,Low
SOUTHEAST / IT CORRIDOR,12.91736,77.61725,35.23,0.6033,0.5841,0.5556,Low
CENTRAL BANGALORE,12.954367,77.583435,35.23,0.6111,0.5408,0.6151,Low
CENTRAL BANGALORE,12.967608,77.609436,35.22,0.557,0.8356,0.1538,Low
SOUTHEAST / IT CORRIDOR,12.9716,77.5946,35.21,0.5922,0.5408,0.6151,Low
CENTRAL BANGALORE,12.967017,77.60138,35.2,0.5578,0.7412,0.3151,Low
CENTRAL BANGALORE,12.970485,77.61414,35.18,0.5314,0.7823,0.2464,Low
EAST BANGALORE,12.955853,77.695,35.17,0.6011,0.5841,0.5556,Low
EAST BANGALORE,12.977232,77.64316,35.14,0.4725,0.7823,0.2464,Low
SOUTHEAST / IT CORRIDOR,12.919405,77.603546,35.14,0.5536,0.5155,0.6486,Low
CENTRAL BANGALORE,12.964245,77.56869,35.13,0.6238,0.6029,0.5286,Low
SOUTH BANGALORE,12.929616,77.58946,35.11,0.5126,0.6368,0.4788,Low
SOUTH BANGALORE,12.932707,77.60733,35.11,0.5942,0.6029,0.5286,Low
CENTRAL BANGALORE,12.970426,77.58184,35.09,0.5471,0.6029,0.5286,Low
SOUTHEAST / IT CORRIDOR,12.909601,77.61263,35.09,0.4862,0.5841,0.5556,Low
EAST BANGALORE,12.938124,77.69881,35.08,0.6088,0.6029,0.5286,Low
CENTRAL BANGALORE,12.957779,77.576225,35.08,0.6427,0.6668,0.4334,Low
CENTRAL BANGALORE,12.966041,77.584015,35.07,0.5687,0.6029,0.5286,Low
CENTRAL BANGALORE,12.967303,77.60856,35.05,0.5749,0.8356,0.1538,Low
CENTRAL BANGALORE,12.986428,77.60121,35.05,0.6513,0.6368,0.4788,Low
CENTRAL BANGALORE,12.961493,77.582344,35.02,0.5703,0.6368,0.4788,Low
CENTRAL BANGALORE,12.988765,77.605354,34.98,0.5657,0.6368,0.4788,Low
SOUTH BANGALORE,12.933191,77.578445,34.97,0.6087,0.73,0.3333,Low
SOUTHEAST / IT CORRIDOR,12.909382,77.611534,34.97,0.5713,0.5841,0.5556,Low
SOUTHEAST / IT CORRIDOR,12.920786,77.61742,34.97,0.5604,0.6205,0.5031,Low
SOUTHEAST / IT CORRIDOR,12.908823,77.61066,34.96,0.4655,0.5841,0.5556,Low
SOUTHEAST / IT CORRIDOR,12.921975,77.665436,34.96,0.5218,0.5408,0.6151,Low
CENTRAL BANGALORE,12.965578,77.58433,34.95,0.6396,0.5635,0.5843,Low
CENTRAL BANGALORE,12.99309,77.59236,34.95,0.5983,0.5408,0.6151,Low
CENTRAL BANGALORE,12.955992,77.58493,34.94,0.5649,0.5408,0.6151,Low
CENTRAL BANGALORE,12.965226,77.58245,34.94,0.5547,0.5635,0.5843,Low
SOUTH BANGALORE,12.91328,77.63243,34.93,0.5267,0.5635,0.5843,Low
SOUTHEAST / IT CORRIDOR,12.938844,77.62743,34.93,0.6017,0.5155,0.6486,Low
CENTRAL BANGALORE,12.958114,77.578705,34.9,0.629,0.6668,0.4334,Low
CENTRAL BANGALORE,12.985257,77.60051,34.89,0.6318,0.6368,0.4788,Low
CENTRAL BANGALORE,12.972077,77.57582,34.88,0.4624,0.6029,0.5286,Low
CENTRAL BANGALORE,12.951837,77.6081,34.87,0.6068,0.5155,0.6486,Low
CENTRAL BANGALORE,13.049612,77.626144,34.87,0.5243,0.5841,0.5556,Low
CENTRAL BANGALORE,12.971377,77.60702,34.86,0.5576,0.8518,0.1251,Low
CENTRAL BANGALORE,12.954213,77.58262,34.86,0.5902,0.5408,0.6151,Low
CENTRAL BANGALORE,12.966747,77.60453,34.85,0.5648,0.801,0.2143,Low
CENTRAL BANGALORE,12.950423,77.5959,34.85,0.6122,0.5635,0.5843,Low
CENTRAL BANGALORE,12.963405,77.605835,34.84,0.5793,0.6522,0.4557,Low
CENTRAL BANGALORE,12.973589,77.59895,34.81,0.5426,0.7412,0.3151,Low
CENTRAL BANGALORE,12.956019,77.58125,34.8,0.6296,0.5841,0.5556,Low
CENTRAL BANGALORE,12.971464,77.60658,34.79,0.5407,0.8518,0.1251,Low
CENTRAL BANGALORE,12.974751,77.60594,34.78,0.5667,0.8892,0.0572,Low
CENTRAL BANGALORE,12.961595,77.58266,34.77,0.596,0.6368,0.4788,Low
CENTRAL BANGALORE,12.966248,77.58285,34.76,0.5866,0.6029,0.5286,Low
CENTRAL BANGALORE,12.961693,77.58138,34.76,0.5752,0.6368,0.4788,Low
SOUTH BANGALORE,12.924897,77.587166,34.75,0.6031,0.6368,0.4788,Low
SOUTH BANGALORE,12.950907,77.598785,34.74,0.5767,0.5635,0.5843,Low
SOUTHEAST / IT CORRIDOR,12.941198,77.62743,34.73,0.5894,0.5155,0.6486,Low
CENTRAL BANGALORE,12.970561,77.59857,34.7,0.5787,0.7184,0.3521,Low
CENTRAL BANGALORE,12.956708,77.58058,34.69,0.6591,0.6205,0.5031,Low
SOUTHEAST / IT CORRIDOR,12.921221,77.61253,34.68,0.6413,0.6029,0.5286,Low
EAST BANGALORE,12.971125,77.63357,34.67,0.552,0.6029,0.5286,Low
CENTRAL BANGALORE,12.95728,77.584656,34.66,0.5908,0.5408,0.6151,Low
EAST BANGALORE,12.950181,77.70261,34.66,0.582,0.6938,0.3914,Low
SOUTH BANGALORE,12.928897,77.592514,34.66,0.4693,0.5155,0.6486,Low
CENTRAL BANGALORE,12.990929,77.60742,34.65,0.5962,0.6368,0.4788,Low
SOUTH BANGALORE,12.935014,77.58163,34.64,0.6643,0.7064,0.3715,Low
CENTRAL BANGALORE,12.957838,77.586075,34.64,0.6129,0.5408,0.6151,Low
CENTRAL BANGALORE,12.956089,77.58676,34.62,0.6055,0.5408,0.6151,Low
CENTRAL BANGALORE,12.99276,77.59121,34.61,0.5749,0.5408,0.6151,Low
SOUTHEAST / IT CORRIDOR,12.922929,77.61125,34.61,0.5614,0.5635,0.5843,Low
CENTRAL BANGALORE,12.956188,77.58227,34.61,0.5447,0.5841,0.5556,Low
CENTRAL BANGALORE,12.959896,77.60105,34.59,0.6368,0.5408,0.6151,Low
CENTRAL BANGALORE,12.970139,77.61219,34.58,0.5822,0.801,0.2143,Low
CENTRAL BANGALORE,12.961619,77.58333,34.57,0.5881,0.6368,0.4788,Low
CENTRAL BANGALORE,12.98462,77.61446,34.57,0.5685,0.6368,0.4788,Low
CENTRAL BANGALORE,13.001447,77.57651,34.55,0.4871,0.5841,0.5556,Low
SOUTHEAST / IT CORRIDOR,12.913869,77.64412,34.54,0.5301,0.6368,0.4788,Low
CENTRAL BANGALORE,12.971118,77.58103,34.54,0.5465,0.5635,0.5843,Low
CENTRAL BANGALORE,12.994121,77.59323,34.54,0.6248,0.5408,0.6151,Low
EAST BANGALORE,12.971253,77.64326,34.53,0.5717,0.73,0.3333,Low
CENTRAL BANGALORE,12.968701,77.609924,34.53,0.5225,0.8518,0.1251,Low
CENTRAL BANGALORE,12.946754,77.591515,34.52,0.6226,0.6029,0.5286,Low
CENTRAL BANGALORE,12.957069,77.584946,34.52,0.5752,0.5408,0.6151,Low
SOUTH BANGALORE,12.925214,77.61522,34.52,0.522,0.7412,0.3151,Low
SOUTHEAST / IT CORRIDOR,12.908713,77.62858,34.51,0.6196,0.5155,0.6486,Low
CENTRAL BANGALORE,12.992104,77.59209,34.5,0.5557,0.5408,0.6151,Low
CENTRAL BANGALORE,12.95693,77.58867,34.5,0.6207,0.5408,0.6151,Low
CENTRAL BANGALORE,12.964985,77.5691,34.49,0.6007,0.6029,0.5286,Low
SOUTHEAST / IT CORRIDOR,12.963399,77.6417,34.49,0.5331,0.6029,0.5286,Low
CENTRAL BANGALORE,12.987614,77.6016,34.48,0.5971,0.6368,0.4788,Low
CENTRAL BANGALORE,12.970663,77.60681,34.47,0.521,0.8518,0.1251,Low
EAST BANGALORE,12.965063,77.746155,34.46,0.6101,0.7184,0.3521,Low
CENTRAL BANGALORE,12.967656,77.61061,34.45,0.5591,0.7624,0.2799,Low
WEST BANGALORE,12.995717,77.54573,34.44,0.528,0.6205,0.5031,Low
CENTRAL BANGALORE,12.968369,77.59618,34.43,0.6026,0.5841,0.5556,Low
CENTRAL BANGALORE,12.973215,77.605286,34.42,0.5542,0.8518,0.1251,Low
CENTRAL BANGALORE,12.966867,77.5848,34.39,0.6147,0.6029,0.5286,Low
CENTRAL BANGALORE,12.973339,77.60838,34.39,0.5634,0.8518,0.1251,Low
CENTRAL BANGALORE,13.050324,77.62891,34.35,0.5204,0.5408,0.6151,Low
SOUTH BANGALORE,12.922081,77.5952,34.35,0.5207,0.5155,0.6486,Low
CENTRAL BANGALORE,12.986702,77.60289,34.34,0.6505,0.6368,0.4788,Low
CENTRAL BANGALORE,12.996215,77.58827,34.34,0.546,0.5408,0.6151,Low
EAST BANGALORE,12.967835,77.74721,34.33,0.4985,0.7412,0.3151,Low
SOUTHEAST / IT CORRIDOR,12.914153,77.62712,34.33,0.6278,0.5635,0.5843,Low
SOUTH BANGALORE,12.922102,77.58654,34.32,0.5626,0.6368,0.4788,Low
SOUTH BANGALORE,12.935243,77.61708,34.29,0.5599,0.7725,0.263,Low
CENTRAL BANGALORE,12.951324,77.56887,34.28,0.575,0.5408,0.6151,Low
CENTRAL BANGALORE,12.9944,77.57469,34.28,0.4743,0.5841,0.5556,Low
CENTRAL BANGALORE,12.994058,77.59259,34.27,0.5494,0.5408,0.6151,Low
CENTRAL BANGALORE,12.974138,77.603004,34.27,0.5717,0.8892,0.0572,Low
WEST BANGALORE,12.990519,77.54625,34.27,0.5614,0.6522,0.4557,Low
SOUTHEAST / IT CORRIDOR,12.939229,77.62092,34.26,0.5388,0.6368,0.4788,Low
CENTRAL BANGALORE,12.993128,77.5938,34.23,0.5753,0.5408,0.6151,Low
SOUTH BANGALORE,12.934188,77.58937,34.18,0.6333,0.5635,0.5843,Low
EAST BANGALORE,12.954493,77.69809,34.18,0.532,0.6522,0.4557,Low
SOUTH BANGALORE,12.941625,77.57814,34.16,0.5669,0.6668,0.4334,Low
CENTRAL BANGALORE,12.96281,77.58364,34.15,0.557,0.6368,0.4788,Low
SOUTHEAST / IT CORRIDOR,12.94226,77.61952,34.15,0.548,0.6029,0.5286,Low
WEST BANGALORE,12.996829,77.54698,34.13,0.6001,0.5841,0.5556,Low
CENTRAL BANGALORE,12.987881,77.61254,34.13,0.5834,0.6368,0.4788,Low
CENTRAL BANGALORE,12.957634,77.57058,34.11,0.6344,0.6029,0.5286,Low
CENTRAL BANGALORE,12.965788,77.5815,34.11,0.5033,0.5635,0.5843,Low
CENTRAL BANGALORE,12.973774,77.608,34.11,0.6127,0.8518,0.1251,Low
CENTRAL BANGALORE,12.975576,77.60422,34.11,0.5637,0.8892,0.0572,Low
CENTRAL BANGALORE,12.973523,77.60804,34.1,0.5373,0.8518,0.1251,Low
SOUTHEAST / IT CORRIDOR,12.920667,77.61277,34.09,0.5608,0.6029,0.5286,Low
CENTRAL BANGALORE,12.953275,77.581085,34.08,0.6256,0.5408,0.6151,Low
CENTRAL BANGALORE,12.974751,77.60594,34.08,0.5925,0.8892,0.0572,Low
CENTRAL BANGALORE,12.959531,77.58417,34.05,0.6228,0.5408,0.6151,Low
EAST BANGALORE,12.957893,77.69714,34.04,0.5208,0.6205,0.5031,Low
SOUTHEAST / IT CORRIDOR,12.91722,77.64361,34.04,0.5312,0.6368,0.4788,Low
CENTRAL BANGALORE,12.990587,77.61393,34.03,0.5191,0.5408,0.6151,Low
WEST BANGALORE,12.996103,77.56866,34.03,0.465,0.5833,0.5556,Low
CENTRAL BANGALORE,12.977994,77.60679,34.02,0.6464,0.8747,0.0838,Low
CENTRAL BANGALORE,12.950193,77.5974,34.02,0.5772,0.5635,0.5843,Low
SOUTHEAST / IT CORRIDOR,12.920745,77.61585,34.02,0.5563,0.5408,0.6151,Low
CENTRAL BANGALORE,12.988982,77.59942,34.01,0.6031,0.5635,0.5843,Low
CENTRAL BANGALORE,12.959699,77.60265,34.01,0.5545,0.5408,0.6151,Low
CENTRAL BANGALORE,12.992842,77.590706,34.01,0.5768,0.5408,0.6151,Low
CENTRAL BANGALORE,12.970307,77.58212,34.01,0.5518,0.6029,0.5286,Low
CENTRAL BANGALORE,12.973559,77.595375,34.0,0.5551,0.5408,0.6151,Low
EAST BANGALORE,12.957735,77.70218,34.0,0.5111,0.6522,0.4557,Low
CENTRAL BANGALORE,12.964764,77.60314,33.98,0.6237,0.5841,0.5556,Low
SOUTHEAST / IT CORRIDOR,12.932547,77.62458,33.96,0.5405,0.8188,0.1835,Low
CENTRAL BANGALORE,12.972,77.6072,33.95,0.513,0.8518,0.1251,Low
CENTRAL BANGALORE,12.967964,77.60268,33.95,0.5457,0.7823,0.2464,Low
CENTRAL BANGALORE,12.967415,77.61083,33.95,0.5924,0.7624,0.2799,Low
SOUTHEAST / IT CORRIDOR,12.908679,77.63326,33.94,0.5919,0.5155,0.6486,Low
CENTRAL BANGALORE,13.050455,77.6259,33.93,0.5491,0.5841,0.5556,Low
SOUTHEAST / IT CORRIDOR,12.923364,77.665375,33.9,0.5434,0.5408,0.6151,Low
CENTRAL BANGALORE,12.959324,77.5843,33.89,0.6523,0.5408,0.6151,Low
CENTRAL BANGALORE,12.96739,77.592316,33.89,0.5759,0.5408,0.6151,Low
CENTRAL BANGALORE,12.966116,77.606674,33.87,0.5277,0.801,0.2143,Low
CENTRAL BANGALORE,12.972968,77.6012,33.87,0.5725,0.8356,0.1538,Low
CENTRAL BANGALORE,12.988091,77.60994,33.87,0.6589,0.6368,0.4788,Low
WEST BANGALORE,12.99778,77.55106,33.86,0.487,0.6205,0.5031,Low
CENTRAL BANGALORE,12.966022,77.60178,33.85,0.637,0.6668,0.4334,Low
EAST BANGALORE,12.939304,77.69772,33.85,0.6099,0.6029,0.5286,Low
CENTRAL BANGALORE,12.973963,77.60763,33.84,0.5422,0.8892,0.0572,Low
SOUTH BANGALORE,12.931085,77.5782,33.82,0.6125,0.73,0.3333,Low
CENTRAL BANGALORE,12.977269,77.602036,33.82,0.5452,0.752,0.2973,Low
CENTRAL BANGALORE,12.9696,77.58035,33.81,0.5524,0.6029,0.5286,Low
CENTRAL BANGALORE,12.994436,77.60664,33.8,0.6594,0.5635,0.5843,Low
CENTRAL BANGALORE,12.99309,77.59236,33.78,0.6314,0.5408,0.6151,Low
EAST BANGALORE,12.964578,77.718056,33.76,0.5358,0.5408,0.6151,Low
CENTRAL BANGALORE,12.951629,77.608315,33.76,0.5841,0.5155,0.6486,Low
SOUTHEAST / IT CORRIDOR,12.91623,77.62487,33.75,0.5795,0.5635,0.5843,Low
CENTRAL BANGALORE,12.958101,77.57821,33.74,0.5856,0.6668,0.4334,Low
CENTRAL BANGALORE,12.947839,77.59457,33.73,0.6184,0.5635,0.5843,Low
EAST BANGALORE,12.970143,77.63597,33.71,0.4993,0.6368,0.4788,Low
CENTRAL BANGALORE,12.948221,77.59801,33.71,0.6256,0.5635,0.5843,Low
SOUTH BANGALORE,12.930802,77.61302,33.71,0.5358,0.7725,0.263,Low
CENTRAL BANGALORE,12.963152,77.56872,33.7,0.6699,0.6029,0.5286,Low
CENTRAL BANGALORE,12.9716,77.5946,33.7,0.5628,0.5408,0.6151,Low
CENTRAL BANGALORE,12.962126,77.58052,33.69,0.6163,0.6368,0.4788,Low
CENTRAL BANGALORE,12.954686,77.59037,33.68,0.666,0.5841,0.5556,Low
SOUTHEAST / IT CORRIDOR,12.924675,77.61698,33.68,0.466,0.7184,0.3521,Low
CENTRAL BANGALORE,12.992846,77.591354,33.67,0.5994,0.5408,0.6151,Low
EAST BANGALORE,12.954722,77.6963,33.66,0.5036,0.6205,0.5031,Low
CENTRAL BANGALORE,12.969641,77.58235,33.66,0.6227,0.6029,0.5286,Low
SOUTHEAST / IT CORRIDOR,12.921938,77.67191,33.66,0.5194,0.5408,0.6151,Low
CENTRAL BANGALORE,12.975071,77.60799,33.66,0.5478,0.8892,0.0572,Low
WEST BANGALORE,12.995412,77.54571,33.65,0.4982,0.6205,0.5031,Low
SOUTHEAST / IT CORRIDOR,12.909089,77.6395,33.65,0.572,0.6029,0.5286,Low
CENTRAL BANGALORE,12.960399,77.59723,33.64,0.6312,0.5408,0.6151,Low
CENTRAL BANGALORE,12.975475,77.602684,33.62,0.642,0.8747,0.0838,Low
CENTRAL BANGALORE,12.957699,77.57807,33.61,0.5644,0.6668,0.4334,Low
CENTRAL BANGALORE,12.954155,77.57803,33.61,0.5985,0.6205,0.5031,Low
CENTRAL BANGALORE,12.973726,77.60475,33.61,0.5877,0.8892,0.0572,Low
SOUTH BANGALORE,12.951577,77.59824,33.61,0.6076,0.5635,0.5843,Low
CENTRAL BANGALORE,12.992529,77.59252,33.6,0.5914,0.5408,0.6151,Low
CENTRAL BANGALORE,12.968238,77.58398,33.6,0.6081,0.6029,0.5286,Low
CENTRAL BANGALORE,12.952337,77.579155,33.6,0.6428,0.5841,0.5556,Low
CENTRAL BANGALORE,12.948165,77.57346,33.6,0.565,0.5841,0.5556,Low
CENTRAL BANGALORE,12.954539,77.57838,33.6,0.6403,0.6205,0.5031,Low
CENTRAL BANGALORE,12.952455,77.60148,33.6,0.64,0.5635,0.5843,Low
SOUTHEAST / IT CORRIDOR,12.925039,77.6176,33.6,0.5371,0.7184,0.3521,Low
CENTRAL BANGALORE,12.967176,77.59231,33.6,0.5512,0.5408,0.6151,Low
SOUTH BANGALORE,12.946753,77.57967,33.59,0.6247,0.6205,0.5031,Low
CENTRAL BANGALORE,12.970806,77.58367,33.59,0.5761,0.5635,0.5843,Low
SOUTHEAST / IT CORRIDOR,12.916314,77.615204,33.58,0.4217,0.5841,0.5556,Low
CENTRAL BANGALORE,12.9869,77.60152,33.58,0.6224,0.6368,0.4788,Low
SOUTHEAST / IT CORRIDOR,12.917716,77.6077,33.57,0.5356,0.6029,0.5286,Low
CENTRAL BANGALORE,12.966101,77.60605,33.57,0.5787,0.801,0.2143,Low
CENTRAL BANGALORE,12.955254,77.58166,33.57,0.5917,0.5841,0.5556,Low
CENTRAL BANGALORE,12.997058,77.58567,33.57,0.6195,0.5408,0.6151,Low
CENTRAL BANGALORE,12.996486,77.58782,33.57,0.593,0.5408,0.6151,Low
WEST BANGALORE,12.98945,77.54566,33.56,0.526,0.6205,0.5031,Low
SOUTH BANGALORE,12.943159,77.57235,33.54,0.6601,0.6668,0.4334,Low
SOUTH BANGALORE,12.941254,77.57228,33.54,0.5904,0.6668,0.4334,Low
CENTRAL BANGALORE,12.965575,77.58031,33.54,0.5299,0.5635,0.5843,Low
CENTRAL BANGALORE,12.96886,77.58152,33.53,0.5468,0.6029,0.5286,Low
CENTRAL BANGALORE,12.967593,77.578224,33.53,0.5152,0.5635,0.5843,Low
CENTRAL BANGALORE,12.957693,77.58078,33.53,0.642,0.6938,0.3914,Low
EAST BANGALORE,12.969446,77.6456,33.52,0.607,0.6522,0.4557,Low
CENTRAL BANGALORE,12.990809,77.61348,33.52,0.6091,0.5408,0.6151,Low
CENTRAL BANGALORE,12.992313,77.59366,33.49,0.5956,0.5408,0.6151,Low
CENTRAL BANGALORE,12.963939,77.60378,33.48,0.5748,0.5841,0.5556,Low
CENTRAL BANGALORE,12.951261,77.592964,33.48,0.6198,0.6029,0.5286,Low
EAST BANGALORE,12.97268,77.64647,33.48,0.5892,0.7064,0.3715,Low
CENTRAL BANGALORE,12.987722,77.60243,33.47,0.5938,0.6368,0.4788,Low
CENTRAL BANGALORE,12.965546,77.60147,33.47,0.593,0.5841,0.5556,Low
CENTRAL BANGALORE,12.96298,77.58352,33.47,0.5778,0.6029,0.5286,Low
SOUTH BANGALORE,12.933032,77.588036,33.46,0.5882,0.6368,0.4788,Low
CENTRAL BANGALORE,12.954446,77.57749,33.46,0.5637,0.6205,0.5031,Low
CENTRAL BANGALORE,12.965914,77.584,33.46,0.5558,0.5635,0.5843,Low
CENTRAL BANGALORE,12.955556,77.58507,33.46,0.6515,0.5408,0.6151,Low
CENTRAL BANGALORE,12.964728,77.60573,33.45,0.5629,0.7412,0.3151,Low
SOUTHEAST / IT CORRIDOR,12.922471,77.61692,33.45,0.5802,0.6522,0.4557,Low
CENTRAL BANGALORE,12.954446,77.57749,33.42,0.585,0.6205,0.5031,Low
SOUTHEAST / IT CORRIDOR,12.933862,77.62429,33.41,0.5228,0.7823,0.2464,Low
EAST BANGALORE,12.966764,77.64181,33.41,0.63,0.6029,0.5286,Low
CENTRAL BANGALORE,12.993983,77.59329,33.4,0.5883,0.5408,0.6151,Low
SOUTHEAST / IT CORRIDOR,12.909469,77.64228,33.39,0.5188,0.6368,0.4788,Low
CENTRAL BANGALORE,12.95799,77.57767,33.37,0.6792,0.6668,0.4334,Low
CENTRAL BANGALORE,12.972597,77.57378,33.35,0.4852,0.6029,0.5286,Low
CENTRAL BANGALORE,12.990907,77.59668,33.34,0.5878,0.5635,0.5843,Low
CENTRAL BANGALORE,12.99386,77.59577,33.33,0.5963,0.5408,0.6151,Low
CENTRAL BANGALORE,12.973927,77.62949,33.32,0.598,0.6029,0.5286,Low
CENTRAL BANGALORE,12.967442,77.58345,33.32,0.5519,0.6029,0.5286,Low
CENTRAL BANGALORE,12.959913,77.58426,33.32,0.6226,0.5408,0.6151,Low
SOUTH BANGALORE,12.924559,77.61498,33.3,0.4645,0.6205,0.5031,Low
EAST BANGALORE,12.949168,77.70388,33.3,0.5395,0.6938,0.3914,Low
CENTRAL BANGALORE,12.967458,77.571655,33.29,0.5436,0.5635,0.5843,Low
SOUTHEAST / IT CORRIDOR,12.917822,77.64303,33.27,0.5665,0.6668,0.4334,Low
CENTRAL BANGALORE,12.992092,77.5684,33.25,0.5854,0.5408,0.6151,Low
CENTRAL BANGALORE,12.966315,77.60717,33.25,0.5654,0.801,0.2143,Low
SOUTHEAST / IT CORRIDOR,12.932286,77.629585,33.25,0.6052,0.7184,0.3521,Low
SOUTHEAST / IT CORRIDOR,12.910322,77.63981,33.24,0.5683,0.6368,0.4788,Low
SOUTHEAST / IT CORRIDOR,12.924873,77.614525,33.24,0.535,0.6205,0.5031,Low
CENTRAL BANGALORE,12.986494,77.6015,33.22,0.6258,0.6368,0.4788,Low
CENTRAL BANGALORE,12.964902,77.56892,33.22,0.5892,0.6029,0.5286,Low
CENTRAL BANGALORE,12.979083,77.605446,33.21,0.653,0.8438,0.1393,Low
CENTRAL BANGALORE,12.972783,77.597755,33.19,0.5616,0.6668,0.4334,Low
CENTRAL BANGALORE,12.956321,77.58298,33.19,0.6459,0.5841,0.5556,Low
CENTRAL BANGALORE,12.97554,77.600746,33.19,0.5762,0.81,0.1988,Low
SOUTHEAST / IT CORRIDOR,12.915245,77.6174,33.19,0.5634,0.5841,0.5556,Low
SOUTH BANGALORE,12.925877,77.58659,33.18,0.5051,0.6668,0.4334,Low
CENTRAL BANGALORE,12.967989,77.58112,33.17,0.5395,0.6029,0.5286,Low
CENTRAL BANGALORE,12.973589,77.59895,33.16,0.536,0.7412,0.3151,Low
CENTRAL BANGALORE,12.961867,77.58072,33.16,0.5673,0.6368,0.4788,Low
SOUTHEAST / IT CORRIDOR,12.91322,77.63623,33.14,0.599,0.6668,0.4334,Low
WEST BANGALORE,13.007611,77.555336,33.14,0.5784,0.6029,0.5286,Low
CENTRAL BANGALORE,12.972403,77.59831,33.14,0.5917,0.7184,0.3521,Low
SOUTH BANGALORE,12.936114,77.57672,33.13,0.5626,0.73,0.3333,Low
CENTRAL BANGALORE,12.973032,77.62942,33.13,0.5607,0.6029,0.5286,Low
CENTRAL BANGALORE,12.994146,77.58925,33.12,0.5259,0.5408,0.6151,Low
CENTRAL BANGALORE,12.969348,77.56843,33.12,0.6041,0.5635,0.5843,Low
SOUTH BANGALORE,12.907058,77.58355,33.1,0.478,0.5408,0.6151,Low
CENTRAL BANGALORE,12.951991,77.601204,33.1,0.6188,0.5635,0.5843,Low
SOUTH BANGALORE,12.931499,77.57562,33.09,0.6016,0.6806,0.4121,Low
EAST BANGALORE,12.977682,77.6413,33.09,0.415,0.8356,0.1538,Low
SOUTH BANGALORE,12.869224,77.59693,33.07,0.5857,0.6668,0.4334,Low
CENTRAL BANGALORE,12.965933,77.58359,33.07,0.5677,0.5635,0.5843,Low
CENTRAL BANGALORE,13.051662,77.62766,33.06,0.5451,0.5841,0.5556,Low
CENTRAL BANGALORE,13.049296,77.62983,33.03,0.551,0.5408,0.6151,Low
CENTRAL BANGALORE,12.975105,77.60806,33.02,0.5453,0.8892,0.0572,Low
SOUTHEAST / IT CORRIDOR,12.937178,77.623695,33.02,0.5413,0.6368,0.4788,Low
CENTRAL BANGALORE,12.976734,77.59874,33.02,0.5726,0.7064,0.3715,Low
CENTRAL BANGALORE,12.96916,77.600464,33.02,0.5299,0.7412,0.3151,Low
CENTRAL BANGALORE,12.970772,77.60903,33.01,0.5597,0.8518,0.1251,Low
CENTRAL BANGALORE,12.965391,77.580215,33.0,0.5464,0.5635,0.5843,Low
CENTRAL BANGALORE,12.957492,77.584724,32.99,0.595,0.5408,0.6151,Low
CENTRAL BANGALORE,12.964473,77.601295,32.98,0.5988,0.5841,0.5556,Low
CENTRAL BANGALORE,12.989901,77.59981,32.98,0.6327,0.5635,0.5843,Low
SOUTHEAST / IT CORRIDOR,12.909711,77.64214,32.98,0.5359,0.6368,0.4788,Low
CENTRAL BANGALORE,12.968808,77.610695,32.97,0.5612,0.801,0.2143,Low
CENTRAL BANGALORE,12.993662,77.592026,32.97,0.5511,0.5408,0.6151,Low
SOUTH BANGALORE,12.865737,77.59246,32.97,0.595,0.5408,0.6151,Low
CENTRAL BANGALORE,12.993851,77.5957,32.97,0.5889,0.5408,0.6151,Low
CENTRAL BANGALORE,12.984453,77.61102,32.96,0.6181,0.7064,0.3715,Low
CENTRAL BANGALORE,12.994255,77.5926,32.96,0.5599,0.5408,0.6151,Low
SOUTH BANGALORE,12.944308,77.56833,32.95,0.634,0.5408,0.6151,Low
CENTRAL BANGALORE,12.992997,77.589806,32.92,0.6342,0.5408,0.6151,Low
CENTRAL BANGALORE,12.960007,77.58452,32.9,0.6255,0.5408,0.6151,Low
CENTRAL BANGALORE,12.976341,77.61469,32.9,0.5977,0.7412,0.3151,Low
CENTRAL BANGALORE,12.967314,77.58466,32.9,0.5525,0.6029,0.5286,Low
CENTRAL BANGALORE,12.961556,77.58106,32.89,0.639,0.6368,0.4788,Low
CENTRAL BANGALORE,12.972542,77.60817,32.89,0.4927,0.8518,0.1251,Low
SOUTHEAST / IT CORRIDOR,12.916139,77.61805,32.89,0.5982,0.5841,0.5556,Low
CENTRAL BANGALORE,12.975589,77.6081,32.89,0.6112,0.8747,0.0838,Low
WEST BANGALORE,12.972082,77.574585,32.88,0.468,0.6029,0.5286,Low
CENTRAL BANGALORE,12.955997,77.58713,32.88,0.6258,0.5408,0.6151,Low
CENTRAL BANGALORE,12.951902,77.57532,32.88,0.6059,0.5408,0.6151,Low
CENTRAL BANGALORE,12.967924,77.583435,32.88,0.5693,0.6029,0.5286,Low
SOUTHEAST / IT CORRIDOR,12.940867,77.626236,32.87,0.5801,0.5155,0.6486,Low
CENTRAL BANGALORE,12.950564,77.57964,32.87,0.6122,0.5408,0.6151,Low
CENTRAL BANGALORE,12.95757,77.57645,32.87,0.656,0.6668,0.4334,Low
CENTRAL BANGALORE,12.968698,77.597374,32.86,0.6551,0.5841,0.5556,Low
CENTRAL BANGALORE,12.956744,77.58991,32.86,0.6369,0.5408,0.6151,Low
CENTRAL BANGALORE,12.970457,77.58318,32.86,0.5639,0.5635,0.5843,Low
CENTRAL BANGALORE,12.968109,77.5634,32.86,0.5826,0.5155,0.6486,Low
SOUTH BANGALORE,12.946594,77.571815,32.85,0.6139,0.5841,0.5556,Low
CENTRAL BANGALORE,12.969209,77.573975,32.85,0.5066,0.6029,0.5286,Low
CENTRAL BANGALORE,12.987686,77.60128,32.84,0.6055,0.6368,0.4788,Low
CENTRAL BANGALORE,12.971698,77.60658,32.82,0.4589,0.8518,0.1251,Low
WEST BANGALORE,12.995202,77.54566,32.82,0.5075,0.6205,0.5031,Low
CENTRAL BANGALORE,12.965788,77.5815,32.82,0.5232,0.5635,0.5843,Low
CENTRAL BANGALORE,12.988179,77.6095,32.82,0.6822,0.6368,0.4788,Low
CENTRAL BANGALORE,12.950236,77.592705,32.81,0.5781,0.6029,0.5286,Low
CENTRAL BANGALORE,12.9716,77.5946,32.79,0.5446,0.5408,0.6151,Low
SOUTHEAST / IT CORRIDOR,12.913796,77.61478,32.77,0.5341,0.6205,0.5031,Low
CENTRAL BANGALORE,12.972464,77.59779,32.77,0.5702,0.6668,0.4334,Low
CENTRAL BANGALORE,12.951009,77.59903,32.77,0.6132,0.5635,0.5843,Low
SOUTH BANGALORE,12.867451,77.59731,32.76,0.644,0.6668,0.4334,Low
CENTRAL BANGALORE,12.975589,77.6081,32.76,0.59,0.8747,0.0838,Low
SOUTH BANGALORE,12.913867,77.57971,32.75,0.5416,0.5841,0.5556,Low
CENTRAL BANGALORE,12.993925,77.59245,32.74,0.6275,0.5408,0.6151,Low
CENTRAL BANGALORE,12.967354,77.59342,32.73,0.6121,0.5408,0.6151,Low
CENTRAL BANGALORE,12.967731,77.57982,32.73,0.599,0.6029,0.5286,Low
CENTRAL BANGALORE,12.988113,77.60768,32.73,0.5441,0.6368,0.4788,Low
CENTRAL BANGALORE,12.985436,77.59764,32.73,0.5466,0.5635,0.5843,Low
SOUTH BANGALORE,12.933324,77.58807,32.72,0.6132,0.6368,0.4788,Low
SOUTHEAST / IT CORRIDOR,12.917454,77.63208,32.71,0.5638,0.6029,0.5286,Low
SOUTHEAST / IT CORRIDOR,12.84966,77.65057,32.7,0.5823,0.5155,0.6486,Low
SOUTHEAST / IT CORRIDOR,12.924092,77.61807,32.69,0.5451,0.6806,0.4121,Low
SOUTHEAST / IT CORRIDOR,12.95912,77.72378,32.69,0.5646,0.5408,0.6151,Low
CENTRAL BANGALORE,12.959277,77.579155,32.67,0.6086,0.6668,0.4334,Low
SOUTHEAST / IT CORRIDOR,12.922412,77.619026,32.66,0.4895,0.6522,0.4557,Low
CENTRAL BANGALORE,12.972783,77.597755,32.64,0.5314,0.6668,0.4334,Low
CENTRAL BANGALORE,12.980622,77.6057,32.64,0.61,0.8273,0.1685,Low
CENTRAL BANGALORE,12.974138,77.603004,32.64,0.6071,0.8892,0.0572,Low
EAST BANGALORE,12.976135,77.64104,32.64,0.3672,0.8356,0.1538,Low
CENTRAL BANGALORE,12.980342,77.61192,32.64,0.5949,0.81,0.1988,Low
CENTRAL BANGALORE,12.960525,77.571365,32.62,0.579,0.6029,0.5286,Low
CENTRAL BANGALORE,12.975924,77.60492,32.61,0.5581,0.8747,0.0838,Low
CENTRAL BANGALORE,12.973973,77.5988,32.61,0.6111,0.7184,0.3521,Low
CENTRAL BANGALORE,12.95255,77.576515,32.61,0.5892,0.5841,0.5556,Low
CENTRAL BANGALORE,12.96237,77.56702,32.61,0.62,0.5635,0.5843,Low
EAST BANGALORE,12.969995,77.63819,32.6,0.4933,0.73,0.3333,Low
SOUTH BANGALORE,12.904853,77.58105,32.59,0.5909,0.5408,0.6151,Low
CENTRAL BANGALORE,12.990941,77.608215,32.58,0.5955,0.6368,0.4788,Low
CENTRAL BANGALORE,12.975553,77.60267,32.58,0.6129,0.8747,0.0838,Low
CENTRAL BANGALORE,12.972526,77.601204,32.58,0.5796,0.8356,0.1538,Low
CENTRAL BANGALORE,12.960214,77.597786,32.57,0.6359,0.5408,0.6151,Low
CENTRAL BANGALORE,12.976463,77.60217,32.57,0.5481,0.8438,0.1393,Low
CENTRAL BANGALORE,12.987051,77.60827,32.56,0.5911,0.6368,0.4788,Low
EAST BANGALORE,12.978255,77.63666,32.56,0.4878,0.8356,0.1538,Low
SOUTHEAST / IT CORRIDOR,12.926179,77.61205,32.55,0.5598,0.7064,0.3715,Low
CENTRAL BANGALORE,12.981972,77.601585,32.54,0.643,0.7064,0.3715,Low
EAST BANGALORE,12.977222,77.64285,32.54,0.4793,0.801,0.2143,Low
CENTRAL BANGALORE,12.986407,77.60135,32.53,0.6193,0.6368,0.4788,Low
CENTRAL BANGALORE,12.967203,77.58256,32.52,0.5783,0.6029,0.5286,Low
SOUTHEAST / IT CORRIDOR,12.925192,77.618645,32.52,0.5487,0.7412,0.3151,Low
EAST BANGALORE,12.956962,77.702805,32.52,0.5121,0.6522,0.4557,Low
CENTRAL BANGALORE,12.970283,77.578995,32.51,0.5048,0.6029,0.5286,Low
SOUTHEAST / IT CORRIDOR,12.911396,77.64218,32.51,0.5219,0.6368,0.4788,Low
CENTRAL BANGALORE,12.970901,77.61233,32.5,0.5385,0.801,0.2143,Low
CENTRAL BANGALORE,12.964396,77.58156,32.5,0.6212,0.5635,0.5843,Low
CENTRAL BANGALORE,12.966744,77.60919,32.49,0.5438,0.8188,0.1835,Low
SOUTHEAST / IT CORRIDOR,12.942555,77.617836,32.49,0.5418,0.6029,0.5286,Low
CENTRAL BANGALORE,12.966381,77.56631,32.49,0.533,0.5155,0.6486,Low
CENTRAL BANGALORE,12.972775,77.57734,32.47,0.5514,0.6029,0.5286,Low
CENTRAL BANGALORE,12.946537,77.59302,32.46,0.6105,0.5635,0.5843,Low
CENTRAL BANGALORE,12.961906,77.58291,32.45,0.5732,0.6368,0.4788,Low
SOUTH BANGALORE,12.933,77.58059,32.45,0.58,0.73,0.3333,Low
CENTRAL BANGALORE,12.960346,77.59942,32.44,0.5872,0.5408,0.6151,Low
SOUTHEAST / IT CORRIDOR,12.936362,77.62016,32.44,0.4785,0.7412,0.3151,Low
SOUTHEAST / IT CORRIDOR,12.93239,77.627716,32.42,0.4954,0.7184,0.3521,Low
CENTRAL BANGALORE,12.966193,77.584724,32.41,0.6371,0.6029,0.5286,Low
CENTRAL BANGALORE,12.961622,77.582466,32.37,0.6199,0.6368,0.4788,Low
CENTRAL BANGALORE,12.971196,77.59787,32.37,0.5222,0.6668,0.4334,Low
CENTRAL BANGALORE,12.987761,77.60761,32.36,0.6136,0.6368,0.4788,Low
SOUTH BANGALORE,12.933882,77.58771,32.35,0.607,0.6029,0.5286,Low
CENTRAL BANGALORE,12.986562,77.60288,32.35,0.6782,0.6368,0.4788,Low
CENTRAL BANGALORE,12.986432,77.60015,32.35,0.6548,0.6368,0.4788,Low
SOUTHEAST / IT CORRIDOR,12.909698,77.611725,32.35,0.4814,0.5841,0.5556,Low
CENTRAL BANGALORE,12.962929,77.58043,32.35,0.6381,0.6029,0.5286,Low
CENTRAL BANGALORE,12.968497,77.5956,32.35,0.6098,0.5408,0.6151,Low
CENTRAL BANGALORE,12.992237,77.58978,32.35,0.5867,0.5408,0.6151,Low
CENTRAL BANGALORE,12.974371,77.60148,32.34,0.584,0.8596,0.1111,Low
SOUTH BANGALORE,12.936932,77.61334,32.34,0.5718,0.7064,0.3715,Low
SOUTHEAST / IT CORRIDOR,12.90928,77.63823,32.32,0.527,0.6029,0.5286,Low
CENTRAL BANGALORE,12.973686,77.57185,32.3,0.4998,0.6029,0.5286,Low
CENTRAL BANGALORE,12.975356,77.60347,32.3,0.5355,0.8747,0.0838,Low
CENTRAL BANGALORE,12.964945,77.60594,32.29,0.5973,0.7412,0.3151,Low
SOUTH BANGALORE,12.90953,77.58174,32.29,0.4768,0.5841,0.5556,Low
EAST BANGALORE,12.970222,77.641235,32.29,0.4963,0.752,0.2973,Low
CENTRAL BANGALORE,12.967597,77.59235,32.28,0.5508,0.5408,0.6151,Low
SOUTHEAST / IT CORRIDOR,12.92213,77.61404,32.27,0.5352,0.6368,0.4788,Low
CENTRAL BANGALORE,12.967804,77.568924,32.26,0.5059,0.5155,0.6486,Low
SOUTHEAST / IT CORRIDOR,12.921121,77.67114,32.26,0.5848,0.5408,0.6151,Low
CENTRAL BANGALORE,12.961505,77.58062,32.25,0.5697,0.6368,0.4788,Low
CENTRAL BANGALORE,12.970417,77.56938,32.25,0.5765,0.5635,0.5843,Low
CENTRAL BANGALORE,12.969673,77.58344,32.25,0.5505,0.5635,0.5843,Low
SOUTH BANGALORE,12.931563,77.60736,32.24,0.592,0.6029,0.5286,Low
CENTRAL BANGALORE,12.981972,77.601585,32.23,0.6156,0.7064,0.3715,Low
CENTRAL BANGALORE,12.971222,77.59775,32.23,0.5536,0.6668,0.4334,Low
SOUTHEAST / IT CORRIDOR,12.924768,77.61566,32.23,0.503,0.7184,0.3521,Low
CENTRAL BANGALORE,12.956972,77.5865,32.21,0.6073,0.5408,0.6151,Low
CENTRAL BANGALORE,12.960367,77.58065,32.2,0.5626,0.6668,0.4334,Low
CENTRAL BANGALORE,12.97236,77.59949,32.2,0.6018,0.7412,0.3151,Low
CENTRAL BANGALORE,12.978617,77.578064,32.19,0.4803,0.5408,0.6151,Low
CENTRAL BANGALORE,12.985635,77.60356,32.17,0.532,0.6368,0.4788,Low
CENTRAL BANGALORE,12.961622,77.582466,32.17,0.5981,0.6368,0.4788,Low
CENTRAL BANGALORE,12.97362,77.57392,32.16,0.552,0.6029,0.5286,Low
WEST BANGALORE,12.995084,77.54526,32.16,0.5864,0.6205,0.5031,Low
CENTRAL BANGALORE,12.953337,77.57928,32.14,0.5686,0.5841,0.5556,Low
CENTRAL BANGALORE,12.957273,77.57861,32.13,0.579,0.6938,0.3914,Low
CENTRAL BANGALORE,12.958225,77.5845,32.13,0.5707,0.5841,0.5556,Low
SOUTH BANGALORE,12.931204,77.6011,32.13,0.6272,0.6205,0.5031,Low
CENTRAL BANGALORE,12.987488,77.6058,32.11,0.6314,0.6368,0.4788,Low
SOUTHEAST / IT CORRIDOR,12.921397,77.66551,32.11,0.5366,0.5408,0.6151,Low
CENTRAL BANGALORE,12.966228,77.60677,32.11,0.5484,0.801,0.2143,Low
CENTRAL BANGALORE,12.965219,77.60621,32.11,0.5565,0.7823,0.2464,Low
SOUTH BANGALORE,12.867324,77.59531,32.1,0.6035,0.6668,0.4334,Low
CENTRAL BANGALORE,13.049986,77.62666,32.1,0.4856,0.5841,0.5556,Low
CENTRAL BANGALORE,12.964728,77.60573,32.1,0.613,0.7412,0.3151,Low
SOUTHEAST / IT CORRIDOR,12.916389,77.61519,32.09,0.5618,0.5841,0.5556,Low
SOUTHEAST / IT CORRIDOR,12.922751,77.67428,32.08,0.5565,0.5408,0.6151,Low
SOUTHEAST / IT CORRIDOR,12.917714,77.6334,32.08,0.6106,0.6029,0.5286,Low
EAST BANGALORE,12.953965,77.6972,32.08,0.4914,0.6205,0.5031,Low
SOUTHEAST / IT CORRIDOR,12.923695,77.673515,32.07,0.6126,0.5408,0.6151,Low
EAST BANGALORE,12.971981,77.64669,32.07,0.5764,0.7064,0.3715,Low
CENTRAL BANGALORE,12.976167,77.611855,32.06,0.5963,0.8188,0.1835,Low
CENTRAL BANGALORE,12.965472,77.5793,32.04,0.5588,0.5635,0.5843,Low
EAST BANGALORE,12.948889,77.69684,32.04,0.6121,0.6368,0.4788,Low
CENTRAL BANGALORE,12.965813,77.60428,32.04,0.5269,0.7823,0.2464,Low
CENTRAL BANGALORE,12.965403,77.58251,32.02,0.5257,0.5635,0.5843,Low
SOUTHEAST / IT CORRIDOR,12.916179,77.617676,32.02,0.445,0.5841,0.5556,Low
CENTRAL BANGALORE,12.964481,77.606224,32.02,0.5961,0.7412,0.3151,Low
CENTRAL BANGALORE,12.982756,77.6078,32.01,0.6385,0.7725,0.263,Low
CENTRAL BANGALORE,12.970236,77.57462,32.01,0.525,0.6029,0.5286,Low
CENTRAL BANGALORE,12.992504,77.59195,32.01,0.6143,0.5408,0.6151,Low
SOUTH BANGALORE,12.943671,77.57547,32.0,0.5197,0.6668,0.4334,Low
CENTRAL BANGALORE,12.969672,77.6122,32.0,0.5745,0.801,0.2143,Low
CENTRAL BANGALORE,12.969673,77.58344,31.99,0.5959,0.5635,0.5843,Low
CENTRAL BANGALORE,12.96788,77.60933,31.98,0.5188,0.8518,0.1251,Low
SOUTHEAST / IT CORRIDOR,12.91328,77.63406,31.98,0.569,0.6029,0.5286,Low
CENTRAL BANGALORE,12.971696,77.577705,31.96,0.4881,0.6368,0.4788,Low
CENTRAL BANGALORE,12.961867,77.58072,31.94,0.587,0.6368,0.4788,Low
CENTRAL BANGALORE,12.955826,77.575966,31.94,0.5438,0.6668,0.4334,Low
SOUTH BANGALORE,12.864584,77.59559,31.94,0.5957,0.6368,0.4788,Low
CENTRAL BANGALORE,12.978314,77.57591,31.93,0.4436,0.5408,0.6151,Low
SOUTHEAST / IT CORRIDOR,12.936948,77.62573,31.93,0.5929,0.6368,0.4788,Low
CENTRAL BANGALORE,12.975576,77.60422,31.93,0.5187,0.8892,0.0572,Low
CENTRAL BANGALORE,12.95572,77.58196,31.93,0.6177,0.5841,0.5556,Low
CENTRAL BANGALORE,12.975356,77.60347,31.92,0.584,0.8747,0.0838,Low
CENTRAL BANGALORE,13.051339,77.630066,31.92,0.5395,0.5408,0.6151,Low
CENTRAL BANGALORE,12.975475,77.602684,31.91,0.6091,0.8747,0.0838,Low
CENTRAL BANGALORE,12.99167,77.6095,31.9,0.5937,0.6368,0.4788,Low
CENTRAL BANGALORE,12.971135,77.57103,31.9,0.5739,0.6029,0.5286,Low
CENTRAL BANGALORE,12.967656,77.61061,31.89,0.6291,0.7624,0.2799,Low
CENTRAL BANGALORE,12.955658,77.57184,31.88,0.4992,0.6029,0.5286,Low
SOUTHEAST / IT CORRIDOR,12.838295,77.658554,31.88,0.5078,0.5635,0.5843,Low
CENTRAL BANGALORE,13.05177,77.623116,31.88,0.5136,0.5841,0.5556,Low
EAST BANGALORE,12.9607,77.70382,31.87,0.537,0.6205,0.5031,Low
CENTRAL BANGALORE,12.970665,77.575134,31.84,0.5074,0.6029,0.5286,Low
CENTRAL BANGALORE,12.9891,77.59998,31.84,0.6248,0.5635,0.5843,Low
CENTRAL BANGALORE,12.987702,77.61017,31.83,0.5862,0.6368,0.4788,Low
CENTRAL BANGALORE,12.97389,77.57088,31.82,0.4688,0.6029,0.5286,Low
CENTRAL BANGALORE,12.993221,77.59145,31.8,0.5773,0.5408,0.6151,Low
SOUTH BANGALORE,12.865507,77.59171,31.79,0.4886,0.5408,0.6151,Low
CENTRAL BANGALORE,12.975553,77.60267,31.79,0.5273,0.8747,0.0838,Low
CENTRAL BANGALORE,12.94824,77.576195,31.78,0.5419,0.6522,0.4557,Low
CENTRAL BANGALORE,12.990449,77.60661,31.78,0.5805,0.6368,0.4788,Low
SOUTH BANGALORE,12.940612,77.57306,31.77,0.5846,0.6668,0.4334,Low
CENTRAL BANGALORE,12.991421,77.60945,31.77,0.5904,0.6368,0.4788,Low
CENTRAL BANGALORE,12.99378,77.59552,31.77,0.6332,0.5408,0.6151,Low
CENTRAL BANGALORE,12.97634,77.61133,31.76,0.607,0.8596,0.1111,Low
CENTRAL BANGALORE,12.991561,77.608025,31.75,0.5968,0.6368,0.4788,Low
SOUTH BANGALORE,12.867035,77.59632,31.74,0.5933,0.6668,0.4334,Low
SOUTH BANGALORE,12.926078,77.637535,31.74,0.5258,0.5635,0.5843,Low
EAST BANGALORE,12.949138,77.69751,31.74,0.4978,0.6029,0.5286,Low
CENTRAL BANGALORE,12.993744,77.59257,31.73,0.5714,0.5408,0.6151,Low
CENTRAL BANGALORE,12.96789,77.57719,31.73,0.4917,0.5635,0.5843,Low
WEST BANGALORE,12.994169,77.54544,31.73,0.5216,0.6205,0.5031,Low
CENTRAL BANGALORE,12.966361,77.58339,31.72,0.5513,0.6029,0.5286,Low
WEST BANGALORE,12.993923,77.55268,31.72,0.5837,0.5841,0.5556,Low
SOUTH BANGALORE,12.922043,77.59696,31.71,0.5669,0.5155,0.6486,Low
CENTRAL BANGALORE,12.992801,77.59095,31.71,0.572,0.5408,0.6151,Low
CENTRAL BANGALORE,12.96089,77.597626,31.7,0.6656,0.5408,0.6151,Low
CENTRAL BANGALORE,12.958618,77.5857,31.69,0.6049,0.5408,0.6151,Low
EAST BANGALORE,12.955994,77.69587,31.69,0.5739,0.6205,0.5031,Low
EAST BANGALORE,12.970218,77.64166,31.68,0.53,0.73,0.3333,Low
CENTRAL BANGALORE,12.969094,77.582726,31.67,0.5432,0.6029,0.5286,Low
SOUTH BANGALORE,12.86417,77.59569,31.65,0.6415,0.6368,0.4788,Low
CENTRAL BANGALORE,12.97027,77.58201,31.65,0.579,0.6029,0.5286,Low
CENTRAL BANGALORE,12.949434,77.59639,31.65,0.6459,0.5635,0.5843,Low
CENTRAL BANGALORE,12.96067,77.597694,31.64,0.6185,0.5408,0.6151,Low
CENTRAL BANGALORE,12.970243,77.56895,31.63,0.528,0.5635,0.5843,Low
WEST BANGALORE,12.993658,77.543945,31.62,0.4925,0.6205,0.5031,Low
WEST BANGALORE,12.995963,77.54281,31.6,0.5316,0.5841,0.5556,Low
SOUTHEAST / IT CORRIDOR,12.926561,77.61349,31.6,0.5125,0.752,0.2973,Low
CENTRAL BANGALORE,12.974182,77.59733,31.6,0.579,0.6668,0.4334,Low
SOUTH BANGALORE,12.930434,77.56369,31.6,0.506,0.6029,0.5286,Low
CENTRAL BANGALORE,12.957925,77.576324,31.58,0.6042,0.6668,0.4334,Low
CENTRAL BANGALORE,12.956909,77.58917,31.58,0.6101,0.5408,0.6151,Low
SOUTHEAST / IT CORRIDOR,12.923795,77.61807,31.57,0.475,0.6522,0.4557,Low
CENTRAL BANGALORE,12.98799,77.6066,31.56,0.6382,0.6368,0.4788,Low
CENTRAL BANGALORE,12.993572,77.59567,31.56,0.5633,0.5408,0.6151,Low
CENTRAL BANGALORE,12.968698,77.597374,31.55,0.6089,0.5841,0.5556,Low
SOUTHEAST / IT CORRIDOR,12.918134,77.63654,31.55,0.532,0.6368,0.4788,Low
CENTRAL BANGALORE,12.980555,77.60111,31.55,0.6257,0.752,0.2973,Low
CENTRAL BANGALORE,12.994497,77.59333,31.54,0.578,0.5408,0.6151,Low
CENTRAL BANGALORE,12.971846,77.600204,31.53,0.5794,0.7624,0.2799,Low
CENTRAL BANGALORE,12.96454,77.5658,31.52,0.5753,0.5635,0.5843,Low
CENTRAL BANGALORE,12.993787,77.59586,31.51,0.589,0.5408,0.6151,Low
SOUTHEAST / IT CORRIDOR,12.923276,77.61691,31.5,0.544,0.6522,0.4557,Low
CENTRAL BANGALORE,12.992529,77.59252,31.5,0.5152,0.5408,0.6151,Low
SOUTHEAST / IT CORRIDOR,12.922554,77.66537,31.49,0.5641,0.5408,0.6151,Low
CENTRAL BANGALORE,12.969706,77.59802,31.49,0.6242,0.6668,0.4334,Low
CENTRAL BANGALORE,12.97015,77.576225,31.48,0.4748,0.6029,0.5286,Low
CENTRAL BANGALORE,12.957775,77.588135,31.48,0.5782,0.5408,0.6151,Low
CENTRAL BANGALORE,12.980592,77.57697,31.47,0.4872,0.5408,0.6151,Low
CENTRAL BANGALORE,12.951082,77.56814,31.46,0.5708,0.5408,0.6151,Low
SOUTHEAST / IT CORRIDOR,12.907004,77.6111,31.45,0.4717,0.5408,0.6151,Low
SOUTHEAST / IT CORRIDOR,12.932741,77.6301,31.45,0.544,0.5841,0.5556,Low
CENTRAL BANGALORE,12.955347,77.578384,31.45,0.6359,0.6205,0.5031,Low
CENTRAL BANGALORE,12.964724,77.58366,31.44,0.5898,0.5635,0.5843,Low
SOUTH BANGALORE,12.923126,77.59862,31.44,0.5654,0.5155,0.6486,Low
CENTRAL BANGALORE,12.972852,77.577965,31.43,0.483,0.6029,0.5286,Low
CENTRAL BANGALORE,12.953457,77.57832,31.42,0.5891,0.5841,0.5556,Low
SOUTHEAST / IT CORRIDOR,12.936947,77.62433,31.42,0.5634,0.6938,0.3914,Low
SOUTH BANGALORE,12.865177,77.59836,31.41,0.629,0.6368,0.4788,Low
CENTRAL BANGALORE,12.987856,77.60309,31.4,0.5862,0.6368,0.4788,Low
CENTRAL BANGALORE,12.980978,77.62837,31.38,0.5077,0.5155,0.6486,Low
SOUTHEAST / IT CORRIDOR,12.923631,77.67411,31.38,0.5917,0.5408,0.6151,Low
CENTRAL BANGALORE,12.960478,77.5678,31.37,0.6158,0.5635,0.5843,Low
CENTRAL BANGALORE,12.970354,77.57625,31.37,0.5098,0.6368,0.4788,Low
CENTRAL BANGALORE,12.959793,77.597275,31.37,0.5948,0.5408,0.6151,Low
SOUTH BANGALORE,12.934211,77.579346,31.36,0.5607,0.73,0.3333,Low
AIRPORT & PERIPHERAL ZONES,13.199109,77.70636,31.36,0.5508,0.5408,0.6151,Low
WEST BANGALORE,12.998589,77.55347,31.36,0.5848,0.5841,0.5556,Low
CENTRAL BANGALORE,12.970059,77.58421,31.36,0.6022,0.5635,0.5843,Low
CENTRAL BANGALORE,12.992871,77.59169,31.36,0.6005,0.5408,0.6151,Low
SOUTHEAST / IT CORRIDOR,12.916347,77.61789,31.36,0.4873,0.5841,0.5556,Low
CENTRAL BANGALORE,12.992705,77.59199,31.35,0.5798,0.5408,0.6151,Low
CENTRAL BANGALORE,12.97159,77.57563,31.34,0.4399,0.6368,0.4788,Low
SOUTHEAST / IT CORRIDOR,12.938603,77.62767,31.34,0.5872,0.5635,0.5843,Low
CENTRAL BANGALORE,12.966639,77.571045,31.34,0.5929,0.6029,0.5286,Low
CENTRAL BANGALORE,13.049312,77.631996,31.34,0.6574,0.5408,0.6151,Low
SOUTHEAST / IT CORRIDOR,12.915913,77.61238,31.32,0.5251,0.6668,0.4334,Low
CENTRAL BANGALORE,12.959446,77.59924,31.3,0.5909,0.5408,0.6151,Low
CENTRAL BANGALORE,12.964888,77.58031,31.29,0.5201,0.5635,0.5843,Low
SOUTHEAST / IT CORRIDOR,12.911816,77.63022,31.29,0.6336,0.5635,0.5843,Low
CENTRAL BANGALORE,12.980837,77.5937,31.28,0.5748,0.5635,0.5843,Low
CENTRAL BANGALORE,12.968489,77.58333,31.27,0.6006,0.6029,0.5286,Low
CENTRAL BANGALORE,12.950569,77.59697,31.27,0.5818,0.5635,0.5843,Low
CENTRAL BANGALORE,12.972215,77.6076,31.26,0.4712,0.8518,0.1251,Low
SOUTHEAST / IT CORRIDOR,12.911423,77.61104,31.26,0.4941,0.5841,0.5556,Low
CENTRAL BANGALORE,12.964932,77.58005,31.26,0.5015,0.5635,0.5843,Low
CENTRAL BANGALORE,12.948827,77.59461,31.25,0.5565,0.5635,0.5843,Low
CENTRAL BANGALORE,12.980276,77.59527,31.25,0.534,0.5635,0.5843,Low
CENTRAL BANGALORE,12.971707,77.57569,31.25,0.49,0.6368,0.4788,Low
CENTRAL BANGALORE,12.976463,77.60217,31.22,0.5668,0.8438,0.1393,Low
CENTRAL BANGALORE,12.960007,77.580025,31.21,0.5751,0.6668,0.4334,Low
EAST BANGALORE,12.968401,77.63624,31.2,0.6037,0.5635,0.5843,Low
SOUTHEAST / IT CORRIDOR,12.933748,77.629456,31.19,0.5567,0.6668,0.4334,Low
CENTRAL BANGALORE,12.972018,77.57895,31.19,0.5273,0.6029,0.5286,Low
CENTRAL BANGALORE,12.975621,77.62828,31.19,0.5512,0.5635,0.5843,Low
CENTRAL BANGALORE,12.988467,77.60174,31.19,0.5893,0.6368,0.4788,Low
CENTRAL BANGALORE,12.954509,77.581,31.19,0.6219,0.5408,0.6151,Low
CENTRAL BANGALORE,12.966603,77.58483,31.18,0.5649,0.6029,0.5286,Low
CENTRAL BANGALORE,12.95886,77.5848,31.17,0.6006,0.5841,0.5556,Low
CENTRAL BANGALORE,12.947638,77.59149,31.17,0.4969,0.6029,0.5286,Low
SOUTHEAST / IT CORRIDOR,12.918985,77.61285,31.17,0.4866,0.6029,0.5286,Low
SOUTH BANGALORE,12.933376,77.61091,31.16,0.5478,0.7064,0.3715,Low
EAST BANGALORE,12.978027,77.64158,31.15,0.4395,0.8356,0.1538,Low
CENTRAL BANGALORE,12.964282,77.58345,31.14,0.6246,0.5635,0.5843,Low
CENTRAL BANGALORE,12.964573,77.58344,31.12,0.5491,0.5635,0.5843,Low
EAST BANGALORE,12.959812,77.70276,31.1,0.5055,0.6205,0.5031,Low
SOUTHEAST / IT CORRIDOR,12.93448,77.62967,31.09,0.4862,0.6368,0.4788,Low
CENTRAL BANGALORE,12.972587,77.5749,31.08,0.519,0.6029,0.5286,Low
CENTRAL BANGALORE,12.986157,77.6032,31.08,0.5953,0.6368,0.4788,Low
CENTRAL BANGALORE,12.956004,77.58349,31.08,0.6284,0.5408,0.6151,Low
CENTRAL BANGALORE,12.988417,77.60151,31.07,0.6503,0.6368,0.4788,Low
CENTRAL BANGALORE,12.946655,77.59222,31.07,0.5921,0.6029,0.5286,Low
SOUTHEAST / IT CORRIDOR,12.907862,77.64004,31.07,0.5784,0.6029,0.5286,Low
CENTRAL BANGALORE,12.980146,77.61281,31.05,0.621,0.81,0.1988,Low
CENTRAL BANGALORE,12.974895,77.60871,31.05,0.5758,0.8438,0.1393,Low
CENTRAL BANGALORE,12.961126,77.57835,31.05,0.5613,0.6668,0.4334,Low
SOUTHEAST / IT CORRIDOR,12.919264,77.673454,31.05,0.6235,0.5408,0.6151,Low
CENTRAL BANGALORE,12.970462,77.580765,31.03,0.5384,0.6029,0.5286,Low
CENTRAL BANGALORE,12.952489,77.594826,31.03,0.6179,0.5635,0.5843,Low
WEST BANGALORE,12.99463,77.54734,31.02,0.5256,0.5841,0.5556,Low
CENTRAL BANGALORE,12.948853,77.594055,31.01,0.6386,0.5635,0.5843,Low
CENTRAL BANGALORE,12.965232,77.57985,31.01,0.5487,0.5635,0.5843,Low
CENTRAL BANGALORE,12.985242,77.601875,31.0,0.7029,0.6368,0.4788,Low
CENTRAL BANGALORE,12.963027,77.5838,31.0,0.549,0.6029,0.5286,Low
SOUTH BANGALORE,12.907917,77.635086,30.99,0.6014,0.5155,0.6486,Low
SOUTHEAST / IT CORRIDOR,12.938542,77.62129,30.99,0.4873,0.6368,0.4788,Low
CENTRAL BANGALORE,12.956098,77.57724,30.97,0.58,0.6938,0.3914,Low
SOUTHEAST / IT CORRIDOR,12.909149,77.63462,30.97,0.5522,0.5155,0.6486,Low
SOUTH BANGALORE,12.925263,77.58811,30.97,0.479,0.6368,0.4788,Low
SOUTHEAST / IT CORRIDOR,12.917157,77.61652,30.96,0.5825,0.5841,0.5556,Low
WEST BANGALORE,12.996057,77.54577,30.96,0.5146,0.6205,0.5031,Low
CENTRAL BANGALORE,12.960036,77.60174,30.96,0.578,0.5408,0.6151,Low
CENTRAL BANGALORE,12.99427,77.59213,30.95,0.5529,0.5408,0.6151,Low
SOUTH BANGALORE,12.932284,77.587494,30.95,0.5725,0.6368,0.4788,Low
CENTRAL BANGALORE,12.974642,77.60783,30.94,0.5392,0.8596,0.1111,Low
CENTRAL BANGALORE,12.958429,77.584465,30.94,0.6605,0.5841,0.5556,Low
CENTRAL BANGALORE,12.970491,77.58093,30.94,0.5374,0.6029,0.5286,Low
CENTRAL BANGALORE,12.989338,77.61262,30.94,0.5888,0.6368,0.4788,Low
WEST BANGALORE,13.006122,77.55626,30.93,0.6212,0.6029,0.5286,Low
SOUTH BANGALORE,12.931309,77.588455,30.93,0.5058,0.6368,0.4788,Low
CENTRAL BANGALORE,12.968191,77.582726,30.92,0.6374,0.6029,0.5286,Low
SOUTHEAST / IT CORRIDOR,12.837625,77.661736,30.92,0.5336,0.5635,0.5843,Low
CENTRAL BANGALORE,12.969501,77.59739,30.9,0.5311,0.5841,0.5556,Low
CENTRAL BANGALORE,12.958733,77.576805,30.9,0.6626,0.6668,0.4334,Low
SOUTH BANGALORE,12.941993,77.60273,30.87,0.5833,0.6205,0.5031,Low
CENTRAL BANGALORE,12.956744,77.58991,30.86,0.5473,0.5408,0.6151,Low
CENTRAL BANGALORE,12.96298,77.58111,30.86,0.5554,0.6029,0.5286,Low
SOUTHEAST / IT CORRIDOR,12.83945,77.6544,30.84,0.4814,0.5635,0.5843,Low
CENTRAL BANGALORE,12.966927,77.58275,30.83,0.5584,0.6029,0.5286,Low
CENTRAL BANGALORE,12.972968,77.6012,30.82,0.5626,0.8356,0.1538,Low
WEST BANGALORE,12.994602,77.54555,30.82,0.5742,0.6205,0.5031,Low
CENTRAL BANGALORE,12.970538,77.57526,30.82,0.5032,0.6029,0.5286,Low
CENTRAL BANGALORE,12.953949,77.581314,30.81,0.6276,0.5408,0.6151,Low
CENTRAL BANGALORE,13.050296,77.6274,30.81,0.5322,0.5841,0.5556,Low
CENTRAL BANGALORE,12.987797,77.60795,30.81,0.5695,0.6368,0.4788,Low
AIRPORT & PERIPHERAL ZONES,13.196496,77.70756,30.81,0.5213,0.5408,0.6151,Low
CENTRAL BANGALORE,12.972919,77.602394,30.8,0.5119,0.8356,0.1538,Low
CENTRAL BANGALORE,12.983978,77.611374,30.8,0.6475,0.73,0.3333,Low
SOUTHEAST / IT CORRIDOR,12.839297,77.65541,30.8,0.5384,0.5635,0.5843,Low
CENTRAL BANGALORE,12.994446,77.59046,30.79,0.5713,0.5408,0.6151,Low
SOUTHEAST / IT CORRIDOR,12.933949,77.62897,30.79,0.55,0.6938,0.3914,Low
SOUTHEAST / IT CORRIDOR,12.920928,77.61076,30.79,0.5484,0.6029,0.5286,Low
SOUTHEAST / IT CORRIDOR,12.93449,77.62832,30.78,0.4739,0.7184,0.3521,Low
CENTRAL BANGALORE,12.962077,77.58318,30.78,0.5746,0.6368,0.4788,Low
CENTRAL BANGALORE,12.970498,77.582306,30.78,0.59,0.5635,0.5843,Low
SOUTHEAST / IT CORRIDOR,12.914409,77.61728,30.77,0.4795,0.6205,0.5031,Low
EAST BANGALORE,12.938084,77.69778,30.77,0.5235,0.6029,0.5286,Low
NORTH BANGALORE,13.047316,77.62115,30.77,0.4905,0.5841,0.5556,Low
CENTRAL BANGALORE,12.971681,77.57115,30.76,0.5024,0.6029,0.5286,Low
SOUTH BANGALORE,12.909012,77.63804,30.76,0.5068,0.6029,0.5286,Low
CENTRAL BANGALORE,12.985319,77.60153,30.76,0.6395,0.6368,0.4788,Low
CENTRAL BANGALORE,12.969323,77.584366,30.75,0.5739,0.5635,0.5843,Low
SOUTHEAST / IT CORRIDOR,12.917716,77.61067,30.75,0.5491,0.6368,0.4788,Low
SOUTH BANGALORE,12.936755,77.61554,30.74,0.5475,0.752,0.2973,Low
EAST BANGALORE,12.953333,77.699104,30.74,0.5597,0.6522,0.4557,Low
CENTRAL BANGALORE,12.95345,77.57536,30.74,0.5839,0.5408,0.6151,Low
CENTRAL BANGALORE,12.957923,77.57796,30.74,0.6396,0.6668,0.4334,Low
SOUTHEAST / IT CORRIDOR,12.839021,77.65894,30.73,0.4913,0.5635,0.5843,Low
SOUTHEAST / IT CORRIDOR,12.84011,77.662125,30.71,0.4851,0.6029,0.5286,Low
CENTRAL BANGALORE,12.96572,77.58052,30.71,0.5496,0.5635,0.5843,Low
AIRPORT & PERIPHERAL ZONES,13.196714,77.70604,30.71,0.5866,0.5408,0.6151,Low
CENTRAL BANGALORE,12.96911,77.59709,30.71,0.5417,0.5841,0.5556,Low
EAST BANGALORE,12.95119,77.697586,30.71,0.5593,0.5841,0.5556,Low
CENTRAL BANGALORE,12.973913,77.62966,30.7,0.5888,0.6029,0.5286,Low
CENTRAL BANGALORE,12.947333,77.59466,30.68,0.5984,0.5635,0.5843,Low
CENTRAL BANGALORE,12.978538,77.60235,30.68,0.5973,0.7918,0.2302,Low
WEST BANGALORE,12.997358,77.553665,30.68,0.5835,0.5841,0.5556,Low
CENTRAL BANGALORE,12.969072,77.56928,30.66,0.4942,0.5635,0.5843,Low
CENTRAL BANGALORE,12.962913,77.58242,30.66,0.5496,0.6368,0.4788,Low
CENTRAL BANGALORE,12.965575,77.58031,30.66,0.5891,0.5635,0.5843,Low
CENTRAL BANGALORE,12.973104,77.59928,30.65,0.5499,0.7412,0.3151,Low
SOUTHEAST / IT CORRIDOR,12.933954,77.62553,30.65,0.5511,0.7412,0.3151,Low
EAST BANGALORE,12.974307,77.646835,30.63,0.5275,0.73,0.3333,Low
CENTRAL BANGALORE,12.974138,77.603004,30.63,0.5758,0.8892,0.0572,Low
CENTRAL BANGALORE,12.968616,77.57188,30.62,0.589,0.6029,0.5286,Low
CENTRAL BANGALORE,12.970355,77.582,30.61,0.5287,0.6029,0.5286,Low
CENTRAL BANGALORE,12.966921,77.58285,30.61,0.6138,0.6029,0.5286,Low
CENTRAL BANGALORE,12.956817,77.58789,30.6,0.5781,0.5408,0.6151,Low
CENTRAL BANGALORE,12.970543,77.60002,30.59,0.5296,0.7624,0.2799,Low
SOUTH BANGALORE,12.945246,77.59511,30.58,0.6323,0.5635,0.5843,Low
CENTRAL BANGALORE,12.980774,77.59699,30.58,0.5782,0.5635,0.5843,Low
CENTRAL BANGALORE,12.969652,77.56959,30.58,0.5449,0.5635,0.5843,Low
SOUTH BANGALORE,12.870023,77.59316,30.57,0.543,0.5841,0.5556,Low
EAST BANGALORE,12.94975,77.70148,30.56,0.5378,0.6938,0.3914,Low
CENTRAL BANGALORE,12.962425,77.565,30.56,0.5881,0.5635,0.5843,Low
SOUTHEAST / IT CORRIDOR,12.847951,77.65464,30.56,0.5977,0.6029,0.5286,Low
CENTRAL BANGALORE,12.963626,77.57886,30.56,0.5682,0.6029,0.5286,Low
CENTRAL BANGALORE,12.963616,77.58345,30.55,0.5525,0.6029,0.5286,Low
SOUTHEAST / IT CORRIDOR,12.930864,77.62941,30.55,0.5426,0.6522,0.4557,Low
CENTRAL BANGALORE,12.982422,77.61056,30.54,0.5635,0.73,0.3333,Low
CENTRAL BANGALORE,12.950319,77.58122,30.54,0.6121,0.5408,0.6151,Low
CENTRAL BANGALORE,12.986902,77.601654,30.53,0.615,0.6368,0.4788,Low
CENTRAL BANGALORE,12.958689,77.5805,30.53,0.549,0.6668,0.4334,Low
CENTRAL BANGALORE,12.971335,77.571365,30.53,0.5146,0.6029,0.5286,Low
CENTRAL BANGALORE,12.960074,77.57015,30.53,0.6744,0.6029,0.5286,Low
CENTRAL BANGALORE,12.988611,77.60331,30.51,0.6383,0.6368,0.4788,Low
CENTRAL BANGALORE,12.95049,77.59334,30.5,0.6783,0.5635,0.5843,Low
CENTRAL BANGALORE,12.971841,77.57194,30.49,0.4582,0.6029,0.5286,Low
SOUTHEAST / IT CORRIDOR,12.934989,77.62919,30.48,0.5235,0.6029,0.5286,Low
CENTRAL BANGALORE,12.970377,77.57654,30.48,0.54,0.6368,0.4788,Low
CENTRAL BANGALORE,12.960019,77.578186,30.48,0.5769,0.6668,0.4334,Low
SOUTHEAST / IT CORRIDOR,12.91736,77.61725,30.47,0.5834,0.5841,0.5556,Low
CENTRAL BANGALORE,12.987216,77.604675,30.46,0.6079,0.6368,0.4788,Low
CENTRAL BANGALORE,12.95938,77.575966,30.46,0.6323,0.6668,0.4334,Low
CENTRAL BANGALORE,12.998094,77.57785,30.46,0.5068,0.5841,0.5556,Low
CENTRAL BANGALORE,12.970821,77.57937,30.44,0.476,0.6029,0.5286,Low
CENTRAL BANGALORE,12.968888,77.596886,30.43,0.5577,0.5841,0.5556,Low
CENTRAL BANGALORE,12.965196,77.58024,30.43,0.545,0.5635,0.5843,Low
CENTRAL BANGALORE,12.954248,77.584625,30.43,0.5098,0.5408,0.6151,Low
CENTRAL BANGALORE,12.968344,77.58168,30.42,0.5707,0.6029,0.5286,Low
CENTRAL BANGALORE,12.952792,77.580864,30.42,0.5794,0.5408,0.6151,Low
CENTRAL BANGALORE,12.97935,77.602455,30.41,0.556,0.7918,0.2302,Low
CENTRAL BANGALORE,12.961368,77.57963,30.41,0.5665,0.6668,0.4334,Low
CENTRAL BANGALORE,12.964932,77.58005,30.4,0.5822,0.5635,0.5843,Low
CENTRAL BANGALORE,12.989237,77.60597,30.4,0.6142,0.6368,0.4788,Low
SOUTHEAST / IT CORRIDOR,12.846794,77.65507,30.4,0.5729,0.6368,0.4788,Low
CENTRAL BANGALORE,12.966346,77.58488,30.4,0.6428,0.6029,0.5286,Low
CENTRAL BANGALORE,12.985874,77.604004,30.4,0.6119,0.6368,0.4788,Low
EAST BANGALORE,12.938805,77.697556,30.39,0.6186,0.6029,0.5286,Low
WEST BANGALORE,12.973537,77.57416,30.39,0.554,0.6029,0.5286,Low
SOUTHEAST / IT CORRIDOR,12.917264,77.61529,30.39,0.5059,0.5841,0.5556,Low
SOUTH BANGALORE,12.937842,77.56836,30.39,0.5171,0.6368,0.4788,Low
SOUTHEAST / IT CORRIDOR,12.839173,77.65546,30.39,0.5703,0.5635,0.5843,Low
CENTRAL BANGALORE,12.993127,77.588936,30.38,0.5787,0.5408,0.6151,Low
CENTRAL BANGALORE,12.985493,77.60275,30.38,0.5814,0.6368,0.4788,Low
SOUTHEAST / IT CORRIDOR,12.925612,77.61884,30.38,0.4229,0.7823,0.2464,Low
CENTRAL BANGALORE,12.973318,77.57051,30.37,0.517,0.6029,0.5286,Low
CENTRAL BANGALORE,12.967359,77.58174,30.37,0.5511,0.6029,0.5286,Low
CENTRAL BANGALORE,12.992278,77.59399,30.34,0.5136,0.5408,0.6151,Low
CENTRAL BANGALORE,12.969826,77.57834,30.34,0.5113,0.6029,0.5286,Low
CENTRAL BANGALORE,12.976167,77.611855,30.33,0.6126,0.8188,0.1835,Low
CENTRAL BANGALORE,12.95594,77.58165,30.33,0.6221,0.5841,0.5556,Low
SOUTH BANGALORE,12.929372,77.58756,30.33,0.5364,0.6668,0.4334,Low
LOGISTICS / HIGH TRAFFIC ZONES,13.010281,77.56912,30.33,0.5432,0.5635,0.5843,Low
SOUTHEAST / IT CORRIDOR,12.910056,77.63248,30.32,0.5936,0.5155,0.6486,Low
SOUTH BANGALORE,12.926964,77.61573,30.31,0.4885,0.7412,0.3151,Low
SOUTH BANGALORE,12.907876,77.57992,30.31,0.5581,0.5841,0.5556,Low
AIRPORT & PERIPHERAL ZONES,13.199589,77.70785,30.31,0.5812,0.5408,0.6151,Low
CENTRAL BANGALORE,12.957921,77.581795,30.31,0.6547,0.5841,0.5556,Low
CENTRAL BANGALORE,12.950258,77.59438,30.3,0.6199,0.5635,0.5843,Low
CENTRAL BANGALORE,12.962836,77.58152,30.3,0.562,0.6368,0.4788,Low
SOUTHEAST / IT CORRIDOR,12.959594,77.641594,30.3,0.5488,0.6368,0.4788,Low
CENTRAL BANGALORE,12.986808,77.59887,30.29,0.5768,0.5635,0.5843,Low
CENTRAL BANGALORE,12.967279,77.58438,30.29,0.59,0.6029,0.5286,Low
CENTRAL BANGALORE,12.967686,77.58493,30.28,0.5447,0.5635,0.5843,Low
CENTRAL BANGALORE,12.992997,77.589806,30.27,0.5506,0.5408,0.6151,Low
CENTRAL BANGALORE,12.971729,77.58042,30.26,0.5635,0.5635,0.5843,Low
SOUTHEAST / IT CORRIDOR,12.910625,77.61504,30.26,0.4678,0.5841,0.5556,Low
WEST BANGALORE,13.007402,77.55658,30.25,0.6126,0.6029,0.5286,Low
CENTRAL BANGALORE,12.971099,77.58045,30.25,0.5192,0.6029,0.5286,Low
CENTRAL BANGALORE,12.969986,77.611275,30.24,0.5092,0.801,0.2143,Low
EAST BANGALORE,12.967452,77.716064,30.24,0.4829,0.5408,0.6151,Low
CENTRAL BANGALORE,12.984563,77.60165,30.24,0.6091,0.6368,0.4788,Low
SOUTH BANGALORE,12.943703,77.57399,30.24,0.5577,0.6668,0.4334,Low
CENTRAL BANGALORE,12.968212,77.58321,30.24,0.551,0.6029,0.5286,Low
CENTRAL BANGALORE,12.9859,77.60137,30.23,0.5529,0.6368,0.4788,Low
CENTRAL BANGALORE,12.970644,77.580246,30.22,0.6243,0.6029,0.5286,Low
EAST BANGALORE,12.957086,77.703,30.21,0.4993,0.6522,0.4557,Low
SOUTHEAST / IT CORRIDOR,12.847927,77.65344,30.21,0.5429,0.6029,0.5286,Low
CENTRAL BANGALORE,12.993948,77.59304,30.2,0.5972,0.5408,0.6151,Low
CENTRAL BANGALORE,12.96067,77.597694,30.2,0.5666,0.5408,0.6151,Low
CENTRAL BANGALORE,12.993608,77.59155,30.17,0.5579,0.5408,0.6151,Low
CENTRAL BANGALORE,12.994539,77.592476,30.16,0.5665,0.5408,0.6151,Low
SOUTHEAST / IT CORRIDOR,12.911829,77.60591,30.16,0.5472,0.5635,0.5843,Low
CENTRAL BANGALORE,12.992187,77.60961,30.15,0.6533,0.6368,0.4788,Low
CENTRAL BANGALORE,12.953779,77.5773,30.14,0.6176,0.5841,0.5556,Low
EAST BANGALORE,12.937906,77.69984,30.14,0.6034,0.6368,0.4788,Low
CENTRAL BANGALORE,12.969212,77.58025,30.14,0.5264,0.6029,0.5286,Low
CENTRAL BANGALORE,12.986707,77.6003,30.14,0.5927,0.6368,0.4788,Low
EAST BANGALORE,12.957239,77.69681,30.14,0.5526,0.6205,0.5031,Low
CENTRAL BANGALORE,12.970354,77.57625,30.13,0.5001,0.6368,0.4788,Low
CENTRAL BANGALORE,12.964231,77.56973,30.13,0.5943,0.6029,0.5286,Low
SOUTHEAST / IT CORRIDOR,12.93993,77.628105,30.12,0.534,0.5155,0.6486,Low
CENTRAL BANGALORE,12.954827,77.58173,30.12,0.5568,0.5408,0.6151,Low
CENTRAL BANGALORE,12.987563,77.59921,30.12,0.6352,0.5635,0.5843,Low
CENTRAL BANGALORE,12.956609,77.582794,30.1,0.6122,0.5841,0.5556,Low
EAST BANGALORE,12.968363,77.638306,30.09,0.5194,0.6806,0.4121,Low
CENTRAL BANGALORE,12.969286,77.578415,30.09,0.5403,0.6029,0.5286,Low
CENTRAL BANGALORE,12.980473,77.612785,30.08,0.6152,0.81,0.1988,Low
CENTRAL BANGALORE,12.967176,77.60094,30.08,0.5664,0.6668,0.4334,Low
CENTRAL BANGALORE,12.988533,77.59958,30.07,0.5918,0.5635,0.5843,Low
CENTRAL BANGALORE,12.97654,77.601166,30.05,0.5567,0.81,0.1988,Low
CENTRAL BANGALORE,12.970086,77.57313,30.04,0.5143,0.6029,0.5286,Low
CENTRAL BANGALORE,12.991954,77.60821,30.04,0.6511,0.6368,0.4788,Low
SOUTHEAST / IT CORRIDOR,12.941736,77.627174,30.04,0.5895,0.5155,0.6486,Low
SOUTHEAST / IT CORRIDOR,12.910077,77.638054,30.04,0.5254,0.6029,0.5286,Low
CENTRAL BANGALORE,12.977921,77.602135,30.04,0.5713,0.752,0.2973,Low
SOUTHEAST / IT CORRIDOR,12.919398,77.67293,30.03,0.5984,0.5408,0.6151,Low
CENTRAL BANGALORE,12.953024,77.60069,30.03,0.5955,0.5635,0.5843,Low
SOUTHEAST / IT CORRIDOR,12.908232,77.63189,30.03,0.6724,0.5155,0.6486,Low
EAST BANGALORE,12.979162,77.64338,30.02,0.4118,0.7624,0.2799,Low
CENTRAL BANGALORE,12.968755,77.57834,30.02,0.5659,0.6029,0.5286,Low
CENTRAL BANGALORE,12.969927,77.57329,30.02,0.5176,0.6029,0.5286,Low
SOUTHEAST / IT CORRIDOR,12.922048,77.615486,30.02,0.5167,0.5408,0.6151,Low
CENTRAL BANGALORE,12.97092,77.57994,30.02,0.5176,0.6029,0.5286,Low
SOUTH BANGALORE,12.864584,77.59639,30.01,0.6146,0.6368,0.4788,Low
SOUTH BANGALORE,12.926064,77.5872,30.0,0.5541,0.6668,0.4334,Low
CENTRAL BANGALORE,12.94828,77.576775,30.0,0.5933,0.6522,0.4557,Low
SOUTHEAST / IT CORRIDOR,12.902797,77.67579,30.0,0.6296,0.5408,0.6151,Low
CENTRAL BANGALORE,13.050795,77.62607,30.0,0.4554,0.5841,0.5556,Low
SOUTH BANGALORE,12.905614,77.58577,29.99,0.485,0.5408,0.6151,Low
CENTRAL BANGALORE,12.969697,77.580475,29.99,0.5682,0.6029,0.5286,Low
CENTRAL BANGALORE,12.957618,77.58441,29.99,0.6634,0.5408,0.6151,Low
SOUTHEAST / IT CORRIDOR,12.932356,77.623886,29.99,0.495,0.801,0.2143,Low
CENTRAL BANGALORE,12.969568,77.610535,29.98,0.5167,0.801,0.2143,Low
CENTRAL BANGALORE,12.971164,77.59787,29.98,0.5254,0.6668,0.4334,Low
EAST BANGALORE,12.940209,77.69775,29.97,0.5389,0.6029,0.5286,Low
CENTRAL BANGALORE,12.974307,77.59678,29.96,0.6058,0.6368,0.4788,Low
CENTRAL BANGALORE,12.971164,77.59787,29.95,0.496,0.6668,0.4334,Low
CENTRAL BANGALORE,12.968501,77.584564,29.94,0.5055,0.5635,0.5843,Low
CENTRAL BANGALORE,12.95882,77.57648,29.93,0.5424,0.6668,0.4334,Low
CENTRAL BANGALORE,12.965391,77.580215,29.93,0.5814,0.5635,0.5843,Low
EAST BANGALORE,12.970705,77.64738,29.93,0.5137,0.5635,0.5843,Low
CENTRAL BANGALORE,12.964723,77.581726,29.92,0.5937,0.5635,0.5843,Low
EAST BANGALORE,12.972518,77.71162,29.92,0.57,0.5408,0.6151,Low
SOUTHEAST / IT CORRIDOR,12.906748,77.63652,29.92,0.51,0.5155,0.6486,Low
CENTRAL BANGALORE,12.963432,77.56729,29.91,0.589,0.5635,0.5843,Low
SOUTH BANGALORE,12.934676,77.58122,29.9,0.5936,0.73,0.3333,Low
EAST BANGALORE,12.954609,77.69526,29.9,0.5799,0.5841,0.5556,Low
CENTRAL BANGALORE,12.992846,77.591354,29.89,0.5907,0.5408,0.6151,Low
CENTRAL BANGALORE,12.949793,77.57798,29.88,0.5835,0.6205,0.5031,Low
CENTRAL BANGALORE,12.985628,77.60277,29.87,0.6137,0.6368,0.4788,Low
CENTRAL BANGALORE,12.955277,77.57614,29.87,0.623,0.5841,0.5556,Low
SOUTH BANGALORE,12.923899,77.58274,29.86,0.5257,0.6368,0.4788,Low
CENTRAL BANGALORE,12.972919,77.602394,29.86,0.5196,0.8356,0.1538,Low
EAST BANGALORE,12.967033,77.71734,29.86,0.4989,0.5841,0.5556,Low
CENTRAL BANGALORE,12.971628,77.5973,29.84,0.6567,0.6668,0.4334,Low
CENTRAL BANGALORE,12.971846,77.597786,29.84,0.5696,0.6668,0.4334,Low
WEST BANGALORE,12.989168,77.546074,29.83,0.5034,0.6205,0.5031,Low
CENTRAL BANGALORE,12.97274,77.61271,29.82,0.5539,0.801,0.2143,Low
CENTRAL BANGALORE,12.97118,77.577225,29.8,0.4761,0.6368,0.4788,Low
CENTRAL BANGALORE,12.955729,77.58055,29.8,0.5599,0.6205,0.5031,Low
CENTRAL BANGALORE,12.974642,77.60783,29.79,0.5591,0.8596,0.1111,Low
SOUTH BANGALORE,12.934743,77.60737,29.78,0.5512,0.6029,0.5286,Low
CENTRAL BANGALORE,12.979227,77.60251,29.78,0.5259,0.7918,0.2302,Low
CENTRAL BANGALORE,12.971844,77.59836,29.77,0.4901,0.7184,0.3521,Low
CENTRAL BANGALORE,12.964577,77.56866,29.77,0.6404,0.6029,0.5286,Low
CENTRAL BANGALORE,12.961226,77.58079,29.76,0.5771,0.6368,0.4788,Low
CENTRAL BANGALORE,12.952081,77.5806,29.76,0.5815,0.5408,0.6151,Low
SOUTH BANGALORE,12.934485,77.578156,29.76,0.5824,0.7064,0.3715,Low
CENTRAL BANGALORE,12.995676,77.579384,29.74,0.5302,0.5408,0.6151,Low
SOUTH BANGALORE,12.936033,77.57736,29.74,0.5745,0.752,0.2973,Low
EAST BANGALORE,12.977569,77.645775,29.74,0.4603,0.7412,0.3151,Low
CENTRAL BANGALORE,12.962396,77.566734,29.74,0.5753,0.5635,0.5843,Low
SOUTH BANGALORE,12.937926,77.569,29.73,0.5464,0.6368,0.4788,Low
CENTRAL BANGALORE,12.970374,77.57116,29.72,0.5393,0.5635,0.5843,Low
CENTRAL BANGALORE,12.98255,77.608406,29.72,0.6169,0.7725,0.263,Low
SOUTH BANGALORE,12.939747,77.57456,29.7,0.5167,0.6668,0.4334,Low
CENTRAL BANGALORE,12.95412,77.58109,29.69,0.6404,0.5408,0.6151,Low
WEST BANGALORE,12.972696,77.57583,29.69,0.453,0.6368,0.4788,Low
CENTRAL BANGALORE,12.96837,77.578514,29.69,0.6022,0.6029,0.5286,Low
CENTRAL BANGALORE,12.986494,77.6015,29.69,0.5439,0.6368,0.4788,Low
CENTRAL BANGALORE,12.970175,77.58144,29.67,0.5493,0.6029,0.5286,Low
CENTRAL BANGALORE,12.970543,77.60002,29.67,0.5437,0.7624,0.2799,Low
CENTRAL BANGALORE,12.968369,77.59618,29.67,0.6141,0.5841,0.5556,Low
SOUTHEAST / IT CORRIDOR,12.940539,77.62416,29.66,0.5231,0.5635,0.5843,Low
SOUTH BANGALORE,12.923435,77.58149,29.66,0.4486,0.6368,0.4788,Low
CENTRAL BANGALORE,12.982782,77.60144,29.65,0.647,0.7064,0.3715,Low
SOUTH BANGALORE,12.944333,77.57106,29.65,0.5676,0.5841,0.5556,Low
EAST BANGALORE,12.980142,77.64583,29.65,0.5595,0.7624,0.2799,Low
CENTRAL BANGALORE,12.989392,77.602005,29.65,0.585,0.6368,0.4788,Low
SOUTH BANGALORE,12.932729,77.61342,29.65,0.5383,0.7918,0.2302,Low
CENTRAL BANGALORE,12.962675,77.5811,29.64,0.5787,0.6368,0.4788,Low
CENTRAL BANGALORE,12.980878,77.61109,29.64,0.5517,0.81,0.1988,Low
CENTRAL BANGALORE,12.989279,77.608635,29.63,0.6046,0.6368,0.4788,Low
CENTRAL BANGALORE,12.973181,77.6012,29.63,0.5528,0.8356,0.1538,Low
EAST BANGALORE,12.979996,77.64129,29.62,0.4403,0.8356,0.1538,Low
SOUTH BANGALORE,12.862231,77.59061,29.62,0.5834,0.5408,0.6151,Low
SOUTHEAST / IT CORRIDOR,12.934068,77.62473,29.61,0.4858,0.7624,0.2799,Low
WEST BANGALORE,13.004804,77.55601,29.61,0.6301,0.6368,0.4788,Low
CENTRAL BANGALORE,12.968815,77.58058,29.59,0.4894,0.6029,0.5286,Low
CENTRAL BANGALORE,12.97518,77.6181,29.59,0.6348,0.5408,0.6151,Low
CENTRAL BANGALORE,12.98733,77.602425,29.58,0.5768,0.6368,0.4788,Low
SOUTHEAST / IT CORRIDOR,12.922786,77.66989,29.58,0.5183,0.5408,0.6151,Low
SOUTHEAST / IT CORRIDOR,12.916077,77.619095,29.58,0.5396,0.5408,0.6151,Low
EAST BANGALORE,12.956931,77.69755,29.58,0.5044,0.6205,0.5031,Low
CENTRAL BANGALORE,12.991005,77.607925,29.58,0.6515,0.6368,0.4788,Low
CENTRAL BANGALORE,12.967621,77.58002,29.57,0.547,0.6029,0.5286,Low
CENTRAL BANGALORE,12.965232,77.57985,29.57,0.5304,0.5635,0.5843,Low
CENTRAL BANGALORE,12.958114,77.578705,29.57,0.5965,0.6668,0.4334,Low
CENTRAL BANGALORE,12.964465,77.56916,29.56,0.5936,0.6029,0.5286,Low
CENTRAL BANGALORE,12.971714,77.57906,29.56,0.5398,0.6368,0.4788,Low
SOUTH BANGALORE,12.934338,77.592705,29.56,0.5477,0.5635,0.5843,Low
CENTRAL BANGALORE,12.975553,77.608215,29.56,0.5036,0.8747,0.0838,Low
CENTRAL BANGALORE,12.995777,77.58868,29.56,0.6404,0.5408,0.6151,Low
SOUTHEAST / IT CORRIDOR,12.90747,77.61093,29.56,0.4758,0.5408,0.6151,Low
SOUTHEAST / IT CORRIDOR,12.909019,77.61457,29.56,0.5139,0.5841,0.5556,Low
WEST BANGALORE,12.994335,77.5475,29.55,0.5789,0.5841,0.5556,Low
CENTRAL BANGALORE,12.971581,77.579865,29.55,0.5586,0.5635,0.5843,Low
CENTRAL BANGALORE,12.976234,77.60113,29.52,0.5618,0.81,0.1988,Low
CENTRAL BANGALORE,12.946546,77.595604,29.51,0.5773,0.5635,0.5843,Low
CENTRAL BANGALORE,12.995232,77.59203,29.49,0.5872,0.5408,0.6151,Low
CENTRAL BANGALORE,12.964712,77.58331,29.49,0.5662,0.5635,0.5843,Low
CENTRAL BANGALORE,12.953258,77.57535,29.48,0.5659,0.5408,0.6151,Low
SOUTH BANGALORE,12.950097,77.59846,29.48,0.5716,0.5635,0.5843,Low
CENTRAL BANGALORE,12.961126,77.57835,29.47,0.5415,0.6668,0.4334,Low
SOUTH BANGALORE,12.929535,77.61502,29.47,0.4571,0.7918,0.2302,Low
CENTRAL BANGALORE,12.989152,77.602974,29.46,0.5907,0.6368,0.4788,Low
CENTRAL BANGALORE,12.956228,77.58333,29.45,0.5895,0.5408,0.6151,Low
CENTRAL BANGALORE,12.968497,77.5709,29.45,0.5147,0.6029,0.5286,Low
CENTRAL BANGALORE,12.973104,77.59928,29.44,0.5001,0.7412,0.3151,Low
SOUTHEAST / IT CORRIDOR,12.936519,77.6226,29.44,0.4966,0.7412,0.3151,Low
CENTRAL BANGALORE,12.970314,77.58115,29.44,0.5543,0.6029,0.5286,Low
WEST BANGALORE,12.995613,77.54527,29.43,0.4677,0.6205,0.5031,Low
CENTRAL BANGALORE,12.95412,77.58109,29.42,0.5949,0.5408,0.6151,Low
CENTRAL BANGALORE,12.971222,77.59775,29.41,0.5066,0.6668,0.4334,Low
SOUTHEAST / IT CORRIDOR,12.910028,77.609886,29.41,0.4851,0.5841,0.5556,Low
CENTRAL BANGALORE,12.973002,77.57534,29.4,0.4768,0.6368,0.4788,Low
SOUTH BANGALORE,12.90753,77.63508,29.4,0.5797,0.5155,0.6486,Low
CENTRAL BANGALORE,12.964757,77.57967,29.39,0.5496,0.5635,0.5843,Low
CENTRAL BANGALORE,12.988013,77.60154,29.39,0.6044,0.6368,0.4788,Low
CENTRAL BANGALORE,12.960619,77.58014,29.38,0.5789,0.6668,0.4334,Low
SOUTH BANGALORE,12.935133,77.61393,29.38,0.5704,0.752,0.2973,Low
CENTRAL BANGALORE,12.961517,77.584076,29.37,0.5498,0.5408,0.6151,Low
CENTRAL BANGALORE,12.972794,77.57539,29.37,0.5199,0.6368,0.4788,Low
CENTRAL BANGALORE,12.996681,77.577156,29.37,0.5213,0.5841,0.5556,Low
CENTRAL BANGALORE,12.988102,77.60774,29.37,0.6168,0.6368,0.4788,Low
CENTRAL BANGALORE,12.955909,77.58868,29.36,0.619,0.5408,0.6151,Low
CENTRAL BANGALORE,12.96543,77.5801,29.36,0.6056,0.5635,0.5843,Low
CENTRAL BANGALORE,12.982801,77.60885,29.36,0.6358,0.7725,0.263,Low
CENTRAL BANGALORE,12.973499,77.57429,29.36,0.502,0.6029,0.5286,Low
CENTRAL BANGALORE,12.952816,77.57682,29.35,0.5936,0.5841,0.5556,Low
CENTRAL BANGALORE,12.959551,77.56517,29.35,0.5846,0.5635,0.5843,Low
CENTRAL BANGALORE,12.984788,77.611176,29.35,0.6294,0.7064,0.3715,Low
CENTRAL BANGALORE,12.985807,77.55828,29.35,0.5137,0.5408,0.6151,Low
CENTRAL BANGALORE,12.957446,77.578156,29.34,0.5424,0.6668,0.4334,Low
CENTRAL BANGALORE,12.980202,77.613335,29.33,0.5924,0.7918,0.2302,Low
CENTRAL BANGALORE,12.969474,77.57832,29.31,0.5302,0.6029,0.5286,Low
CENTRAL BANGALORE,12.96974,77.5769,29.31,0.4968,0.6368,0.4788,Low
CENTRAL BANGALORE,12.972644,77.57564,29.3,0.5382,0.6368,0.4788,Low
CENTRAL BANGALORE,12.996624,77.58287,29.3,0.5028,0.5408,0.6151,Low
CENTRAL BANGALORE,12.970849,77.59895,29.3,0.5628,0.7184,0.3521,Low
CENTRAL BANGALORE,12.969405,77.571594,29.29,0.5005,0.6029,0.5286,Low
CENTRAL BANGALORE,12.963473,77.58047,29.29,0.4681,0.5635,0.5843,Low
CENTRAL BANGALORE,12.960174,77.57671,29.27,0.5472,0.6668,0.4334,Low
WEST BANGALORE,13.001519,77.54782,29.26,0.5161,0.5408,0.6151,Low
SOUTHEAST / IT CORRIDOR,12.924743,77.61399,29.26,0.5782,0.6368,0.4788,Low
SOUTHEAST / IT CORRIDOR,12.908377,77.637,29.26,0.6074,0.5635,0.5843,Low
CENTRAL BANGALORE,12.989621,77.61119,29.26,0.5303,0.6368,0.4788,Low
CENTRAL BANGALORE,12.947565,77.59752,29.26,0.554,0.5635,0.5843,Low
CENTRAL BANGALORE,12.961226,77.58079,29.25,0.5933,0.6368,0.4788,Low
CENTRAL BANGALORE,12.951917,77.60022,29.25,0.6447,0.5635,0.5843,Low
EAST BANGALORE,12.957843,77.70048,29.24,0.5289,0.6205,0.5031,Low
CENTRAL BANGALORE,12.950312,77.59629,29.24,0.5375,0.5635,0.5843,Low
CENTRAL BANGALORE,12.989991,77.602135,29.24,0.5778,0.6368,0.4788,Low
WEST BANGALORE,12.971969,77.57127,29.24,0.5242,0.6029,0.5286,Low
CENTRAL BANGALORE,12.97209,77.600235,29.23,0.5648,0.7624,0.2799,Low
CENTRAL BANGALORE,12.986428,77.60121,29.23,0.5753,0.6368,0.4788,Low
WEST BANGALORE,12.99669,77.54522,29.23,0.5467,0.5841,0.5556,Low
CENTRAL BANGALORE,13.051277,77.62849,29.22,0.4899,0.5408,0.6151,Low
SOUTH BANGALORE,12.930842,77.5782,29.22,0.5201,0.73,0.3333,Low
CENTRAL BANGALORE,12.9884,77.60647,29.22,0.5544,0.6368,0.4788,Low
SOUTHEAST / IT CORRIDOR,12.843704,77.65083,29.21,0.5642,0.5635,0.5843,Low
WEST BANGALORE,13.028887,77.54005,29.2,0.5988,0.5635,0.5843,Low
CENTRAL BANGALORE,12.971242,77.59798,29.2,0.5374,0.6668,0.4334,Low
CENTRAL BANGALORE,12.951993,77.59536,29.2,0.5702,0.5635,0.5843,Low
CENTRAL BANGALORE,12.948993,77.59706,29.2,0.5567,0.5635,0.5843,Low
CENTRAL BANGALORE,12.994029,77.59489,29.19,0.5519,0.5408,0.6151,Low
CENTRAL BANGALORE,12.985025,77.6008,29.19,0.6272,0.6368,0.4788,Low
WEST BANGALORE,13.006311,77.55684,29.18,0.6563,0.6029,0.5286,Low
CENTRAL BANGALORE,12.967266,77.61119,29.18,0.5161,0.7624,0.2799,Low
SOUTHEAST / IT CORRIDOR,12.920826,77.61574,29.18,0.5569,0.5408,0.6151,Low
CENTRAL BANGALORE,12.987217,77.608055,29.18,0.6055,0.6368,0.4788,Low
SOUTH BANGALORE,12.863586,77.59084,29.17,0.6322,0.5408,0.6151,Low
CENTRAL BANGALORE,12.987375,77.60149,29.17,0.6705,0.6368,0.4788,Low
CENTRAL BANGALORE,12.969151,77.59767,29.16,0.5843,0.5841,0.5556,Low
SOUTHEAST / IT CORRIDOR,12.916141,77.608246,29.16,0.4597,0.6029,0.5286,Low
CENTRAL BANGALORE,12.955956,77.5761,29.16,0.5841,0.6668,0.4334,Low
NORTH BANGALORE,13.03445,77.596565,29.15,0.5052,0.6806,0.4121,Low
CENTRAL BANGALORE,12.981343,77.6061,29.15,0.5529,0.7918,0.2302,Low
CENTRAL BANGALORE,12.971491,77.582954,29.14,0.5924,0.5635,0.5843,Low
CENTRAL BANGALORE,12.989135,77.60852,29.13,0.5886,0.6368,0.4788,Low
CENTRAL BANGALORE,12.970772,77.60903,29.13,0.5499,0.8518,0.1251,Low
CENTRAL BANGALORE,12.96905,77.596634,29.13,0.5688,0.5841,0.5556,Low
CENTRAL BANGALORE,12.96859,77.595924,29.12,0.5447,0.5841,0.5556,Low
CENTRAL BANGALORE,12.984257,77.61031,29.12,0.6547,0.7064,0.3715,Low
SOUTH BANGALORE,12.865302,77.59233,29.11,0.5758,0.5408,0.6151,Low
CENTRAL BANGALORE,12.967465,77.59263,29.11,0.5513,0.5408,0.6151,Low
CENTRAL BANGALORE,12.972516,77.578835,29.11,0.4814,0.6029,0.5286,Low
CENTRAL BANGALORE,12.99014,77.59506,29.11,0.5641,0.5635,0.5843,Low
CENTRAL BANGALORE,12.972377,77.57746,29.09,0.5211,0.6029,0.5286,Low
CENTRAL BANGALORE,12.955403,77.57795,29.07,0.6658,0.6205,0.5031,Low
CENTRAL BANGALORE,12.98599,77.60185,29.07,0.5868,0.6368,0.4788,Low
CENTRAL BANGALORE,13.050764,77.62738,29.06,0.6146,0.5841,0.5556,Low
CENTRAL BANGALORE,12.99591,77.58659,29.06,0.5609,0.5408,0.6151,Low
CENTRAL BANGALORE,12.966044,77.58195,29.05,0.5093,0.5635,0.5843,Low
CENTRAL BANGALORE,12.97164,77.57967,29.04,0.5039,0.5635,0.5843,Low
CENTRAL BANGALORE,12.993356,77.57678,29.02,0.4966,0.5408,0.6151,Low
CENTRAL BANGALORE,12.960735,77.5995,29.02,0.613,0.5408,0.6151,Low
CENTRAL BANGALORE,12.987406,77.60391,29.02,0.591,0.6368,0.4788,Low
CENTRAL BANGALORE,12.967645,77.59264,29.02,0.5545,0.5408,0.6151,Low
CENTRAL BANGALORE,12.986877,77.60711,29.01,0.5115,0.6368,0.4788,Low
CENTRAL BANGALORE,12.970565,77.5712,29.01,0.4713,0.5635,0.5843,Low
SOUTHEAST / IT CORRIDOR,12.925074,77.620186,29.0,0.4369,0.7823,0.2464,Low
CENTRAL BANGALORE,12.961667,77.58281,28.99,0.5769,0.6368,0.4788,Low
CENTRAL BANGALORE,12.997199,77.586945,28.99,0.5685,0.5408,0.6151,Low
CENTRAL BANGALORE,12.981214,77.59669,28.98,0.5542,0.5635,0.5843,Low
CENTRAL BANGALORE,12.964723,77.581726,28.98,0.5863,0.5635,0.5843,Low
CENTRAL BANGALORE,12.969518,77.58133,28.97,0.5884,0.6029,0.5286,Low
SOUTH BANGALORE,12.940071,77.57218,28.97,0.6015,0.6668,0.4334,Low
SOUTHEAST / IT CORRIDOR,12.913606,77.60583,28.96,0.4323,0.5635,0.5843,Low
SOUTHEAST / IT CORRIDOR,12.935325,77.62653,28.96,0.5265,0.7184,0.3521,Low
CENTRAL BANGALORE,12.970307,77.58212,28.96,0.6271,0.6029,0.5286,Low
SOUTHEAST / IT CORRIDOR,12.941739,77.62165,28.95,0.5268,0.5635,0.5843,Low
CENTRAL BANGALORE,12.956409,77.58056,28.95,0.6176,0.6205,0.5031,Low
CENTRAL BANGALORE,12.955788,77.589035,28.95,0.6002,0.5408,0.6151,Low
CENTRAL BANGALORE,12.973632,77.610985,28.95,0.5144,0.801,0.2143,Low
CENTRAL BANGALORE,12.974307,77.59678,28.94,0.5636,0.6368,0.4788,Low
CENTRAL BANGALORE,12.947844,77.59512,28.93,0.5717,0.5635,0.5843,Low
CENTRAL BANGALORE,12.960511,77.576775,28.93,0.5543,0.6668,0.4334,Low
SOUTHEAST / IT CORRIDOR,12.938025,77.62256,28.93,0.5029,0.6668,0.4334,Low
CENTRAL BANGALORE,12.965517,77.579544,28.92,0.5201,0.5635,0.5843,Low
SOUTHEAST / IT CORRIDOR,12.916803,77.61245,28.91,0.5106,0.6368,0.4788,Low
CENTRAL BANGALORE,12.973183,77.57199,28.91,0.4779,0.6029,0.5286,Low
CENTRAL BANGALORE,12.992926,77.59024,28.91,0.524,0.5408,0.6151,Low
SOUTHEAST / IT CORRIDOR,12.930361,77.62753,28.9,0.4431,0.7184,0.3521,Low
CENTRAL BANGALORE,12.984844,77.60205,28.9,0.5962,0.6368,0.4788,Low
CENTRAL BANGALORE,12.973496,77.599365,28.89,0.5097,0.7412,0.3151,Low
CENTRAL BANGALORE,12.9696,77.58035,28.89,0.5258,0.6029,0.5286,Low
CENTRAL BANGALORE,12.965991,77.60538,28.89,0.576,0.7823,0.2464,Low
SOUTH BANGALORE,12.916963,77.62898,28.88,0.5609,0.6029,0.5286,Low
CENTRAL BANGALORE,12.987785,77.60613,28.88,0.6314,0.6368,0.4788,Low
EAST BANGALORE,12.961023,77.70052,28.87,0.5184,0.6205,0.5031,Low
CENTRAL BANGALORE,12.976581,77.60027,28.87,0.5928,0.81,0.1988,Low
CENTRAL BANGALORE,12.957227,77.587135,28.87,0.619,0.5408,0.6151,Low
CENTRAL BANGALORE,12.949808,77.59411,28.87,0.5836,0.5635,0.5843,Low
CENTRAL BANGALORE,12.970792,77.61478,28.86,0.5505,0.7624,0.2799,Low
CENTRAL BANGALORE,12.986407,77.60135,28.86,0.6085,0.6368,0.4788,Low
WEST BANGALORE,12.990794,77.54564,28.85,0.5419,0.6522,0.4557,Low
CENTRAL BANGALORE,12.980718,77.61383,28.85,0.584,0.73,0.3333,Low
WEST BANGALORE,12.972085,77.5739,28.85,0.4704,0.6029,0.5286,Low
CENTRAL BANGALORE,12.97502,77.60793,28.85,0.4804,0.8596,0.1111,Low
CENTRAL BANGALORE,12.97178,77.600235,28.83,0.5074,0.7823,0.2464,Low
CENTRAL BANGALORE,12.978449,77.60492,28.83,0.6033,0.8747,0.0838,Low
CENTRAL BANGALORE,12.970002,77.57872,28.82,0.5335,0.6029,0.5286,Low
CENTRAL BANGALORE,12.968493,77.57611,28.82,0.5062,0.5635,0.5843,Low
CENTRAL BANGALORE,12.976173,77.603424,28.82,0.5409,0.8747,0.0838,Low
CENTRAL BANGALORE,12.951491,77.59545,28.82,0.608,0.5635,0.5843,Low
EAST BANGALORE,12.966873,77.717606,28.82,0.569,0.5841,0.5556,Low
CENTRAL BANGALORE,12.976316,77.61161,28.81,0.554,0.8596,0.1111,Low
CENTRAL BANGALORE,12.962358,77.58054,28.81,0.5936,0.6368,0.4788,Low
SOUTH BANGALORE,12.926656,77.60049,28.81,0.5935,0.5155,0.6486,Low
CENTRAL BANGALORE,12.964661,77.58373,28.81,0.5033,0.5635,0.5843,Low
CENTRAL BANGALORE,12.9742,77.61165,28.81,0.5507,0.801,0.2143,Low
CENTRAL BANGALORE,12.971739,77.581726,28.8,0.5268,0.5635,0.5843,Low
CENTRAL BANGALORE,12.975618,77.597916,28.8,0.5506,0.7064,0.3715,Low
CENTRAL BANGALORE,12.991226,77.61029,28.8,0.5914,0.6368,0.4788,Low
WEST BANGALORE,12.994248,77.54574,28.8,0.5322,0.6205,0.5031,Low
CENTRAL BANGALORE,12.960004,77.57599,28.79,0.5248,0.6368,0.4788,Low
SOUTHEAST / IT CORRIDOR,12.92117,77.60404,28.79,0.5864,0.5155,0.6486,Low
CENTRAL BANGALORE,12.969271,77.5838,28.79,0.5445,0.5635,0.5843,Low
CENTRAL BANGALORE,12.968888,77.596886,28.79,0.5616,0.5841,0.5556,Low
CENTRAL BANGALORE,12.967083,77.58178,28.79,0.5419,0.6029,0.5286,Low
SOUTHEAST / IT CORRIDOR,12.939269,77.62726,28.78,0.5945,0.5155,0.6486,Low
CENTRAL BANGALORE,12.968034,77.56965,28.78,0.514,0.5635,0.5843,Low
EAST BANGALORE,12.982296,77.71619,28.78,0.5957,0.5408,0.6151,Low
CENTRAL BANGALORE,12.989192,77.61004,28.78,0.6182,0.6368,0.4788,Low
CENTRAL BANGALORE,12.970577,77.577705,28.77,0.5503,0.6368,0.4788,Low
WEST BANGALORE,12.991587,77.54605,28.76,0.4912,0.6522,0.4557,Low
CENTRAL BANGALORE,12.961693,77.58138,28.76,0.5749,0.6368,0.4788,Low
CENTRAL BANGALORE,12.965813,77.60428,28.75,0.5214,0.7823,0.2464,Low
WEST BANGALORE,12.997778,77.5752,28.74,0.4866,0.5841,0.5556,Low
CENTRAL BANGALORE,13.050399,77.628334,28.74,0.5162,0.5841,0.5556,Low
CENTRAL BANGALORE,12.961909,77.58261,28.74,0.5394,0.6368,0.4788,Low
CENTRAL BANGALORE,12.989368,77.61249,28.73,0.5753,0.6368,0.4788,Low
WEST BANGALORE,12.971028,77.577255,28.73,0.4664,0.6368,0.4788,Low
SOUTH BANGALORE,12.935616,77.61385,28.73,0.5906,0.752,0.2973,Low
CENTRAL BANGALORE,12.972748,77.56974,28.72,0.5214,0.6029,0.5286,Low
CENTRAL BANGALORE,12.971299,77.597855,28.72,0.5763,0.6668,0.4334,Low
WEST BANGALORE,13.013302,77.55384,28.71,0.583,0.5635,0.5843,Low
CENTRAL BANGALORE,12.966216,77.579735,28.71,0.5371,0.5635,0.5843,Low
CENTRAL BANGALORE,12.958429,77.584465,28.7,0.5844,0.5841,0.5556,Low
SOUTHEAST / IT CORRIDOR,12.920828,77.61447,28.7,0.595,0.6029,0.5286,Low
CENTRAL BANGALORE,12.987488,77.6058,28.7,0.6293,0.6368,0.4788,Low
CENTRAL BANGALORE,12.99241,77.608055,28.7,0.5288,0.6368,0.4788,Low
CENTRAL BANGALORE,12.969786,77.578476,28.7,0.5868,0.6029,0.5286,Low
SOUTHEAST / IT CORRIDOR,12.915648,77.645096,28.69,0.502,0.6368,0.4788,Low
CENTRAL BANGALORE,12.975638,77.60165,28.69,0.5123,0.8273,0.1685,Low
CENTRAL BANGALORE,12.960785,77.57974,28.68,0.5606,0.6668,0.4334,Low
CENTRAL BANGALORE,12.960134,77.581696,28.68,0.6222,0.6368,0.4788,Low
CENTRAL BANGALORE,12.969462,77.59624,28.68,0.5663,0.5841,0.5556,Low
SOUTH BANGALORE,12.922996,77.57609,28.68,0.5727,0.73,0.3333,Low
CENTRAL BANGALORE,12.972783,77.597755,28.67,0.5283,0.6668,0.4334,Low
CENTRAL BANGALORE,12.98708,77.60181,28.67,0.6548,0.6368,0.4788,Low
CENTRAL BANGALORE,12.972068,77.59415,28.67,0.518,0.5408,0.6151,Low
CENTRAL BANGALORE,12.986084,77.60102,28.65,0.5904,0.6368,0.4788,Low
CENTRAL BANGALORE,12.969878,77.5801,28.64,0.55,0.6029,0.5286,Low
SOUTHEAST / IT CORRIDOR,12.92154,77.61876,28.63,0.4716,0.6522,0.4557,Low
CENTRAL BANGALORE,12.968239,77.58193,28.63,0.5962,0.6029,0.5286,Low
CENTRAL BANGALORE,12.965254,77.58156,28.63,0.5331,0.5635,0.5843,Low
CENTRAL BANGALORE,12.973342,77.57414,28.63,0.5177,0.6029,0.5286,Low
CENTRAL BANGALORE,13.050628,77.62767,28.62,0.5044,0.5841,0.5556,Low
WEST BANGALORE,13.002529,77.54783,28.61,0.5958,0.5841,0.5556,Low
SOUTH BANGALORE,12.869507,77.597084,28.61,0.5981,0.6668,0.4334,Low
CENTRAL BANGALORE,12.984978,77.60753,28.61,0.5527,0.7064,0.3715,Low
CENTRAL BANGALORE,12.966243,77.58319,28.61,0.5469,0.6029,0.5286,Low
CENTRAL BANGALORE,12.986884,77.60424,28.6,0.5824,0.6368,0.4788,Low
SOUTH BANGALORE,12.931804,77.577065,28.6,0.5524,0.73,0.3333,Low
CENTRAL BANGALORE,12.96437,77.57788,28.6,0.5584,0.6029,0.5286,Low
CENTRAL BANGALORE,12.970616,77.56958,28.56,0.4866,0.5635,0.5843,Low
CENTRAL BANGALORE,12.961679,77.579636,28.56,0.6536,0.6668,0.4334,Low
SOUTHEAST / IT CORRIDOR,12.917389,77.62621,28.56,0.5471,0.5635,0.5843,Low
CENTRAL BANGALORE,12.96306,77.581535,28.55,0.54,0.6029,0.5286,Low
CENTRAL BANGALORE,12.99304,77.59269,28.55,0.6076,0.5408,0.6151,Low
LOGISTICS / HIGH TRAFFIC ZONES,12.912883,77.62478,28.54,0.5518,0.5635,0.5843,Low
CENTRAL BANGALORE,12.966745,77.58017,28.53,0.5646,0.5635,0.5843,Low
CENTRAL BANGALORE,12.970572,77.580894,28.53,0.49,0.6029,0.5286,Low
CENTRAL BANGALORE,12.96964,77.57769,28.53,0.4942,0.6029,0.5286,Low
CENTRAL BANGALORE,12.972403,77.59831,28.53,0.5649,0.7184,0.3521,Low
CENTRAL BANGALORE,12.965234,77.58103,28.53,0.5513,0.5635,0.5843,Low
CENTRAL BANGALORE,12.968945,77.58133,28.52,0.5148,0.6029,0.5286,Low
CENTRAL BANGALORE,12.970827,77.569786,28.52,0.568,0.5635,0.5843,Low
CENTRAL BANGALORE,12.960287,77.5991,28.52,0.6225,0.5408,0.6151,Low
SOUTH BANGALORE,12.943886,77.60281,28.51,0.5872,0.6205,0.5031,Low
SOUTHEAST / IT CORRIDOR,12.926305,77.616325,28.51,0.4573,0.7412,0.3151,Low
SOUTH BANGALORE,12.931518,77.589386,28.51,0.5372,0.6368,0.4788,Low
SOUTHEAST / IT CORRIDOR,12.931691,77.63103,28.5,0.5829,0.5841,0.5556,Low
CENTRAL BANGALORE,12.973398,77.57445,28.49,0.5357,0.6029,0.5286,Low
CENTRAL BANGALORE,12.964833,77.57291,28.49,0.5898,0.6029,0.5286,Low
WEST BANGALORE,12.976283,77.576454,28.48,0.4827,0.6368,0.4788,Low
CENTRAL BANGALORE,12.973613,77.59741,28.48,0.5955,0.6668,0.4334,Low
CENTRAL BANGALORE,12.965008,77.58121,28.48,0.6214,0.5635,0.5843,Low
CENTRAL BANGALORE,12.965467,77.56712,28.48,0.5001,0.5635,0.5843,Low
CENTRAL BANGALORE,12.971628,77.5973,28.47,0.5664,0.6668,0.4334,Low
CENTRAL BANGALORE,12.967621,77.58002,28.47,0.5635,0.6029,0.5286,Low
WEST BANGALORE,12.975485,77.57722,28.46,0.5071,0.6368,0.4788,Low
CENTRAL BANGALORE,12.95151,77.60305,28.46,0.558,0.5635,0.5843,Low
CENTRAL BANGALORE,12.957372,77.5771,28.46,0.6341,0.6668,0.4334,Low
SOUTHEAST / IT CORRIDOR,12.914559,77.633224,28.45,0.5651,0.6029,0.5286,Low
CENTRAL BANGALORE,12.987156,77.60299,28.45,0.6267,0.6368,0.4788,Low
CENTRAL BANGALORE,12.997609,77.57741,28.44,0.5367,0.5841,0.5556,Low
SOUTHEAST / IT CORRIDOR,12.933108,77.630974,28.44,0.5484,0.5408,0.6151,Low
CENTRAL BANGALORE,12.980146,77.61281,28.43,0.5718,0.81,0.1988,Low
SOUTH BANGALORE,12.865805,77.59596,28.43,0.6463,0.6368,0.4788,Low
CENTRAL BANGALORE,12.970775,77.57732,28.42,0.4566,0.6368,0.4788,Low
SOUTHEAST / IT CORRIDOR,12.916242,77.619934,28.41,0.5136,0.5408,0.6151,Low
CENTRAL BANGALORE,12.970273,77.56981,28.41,0.5496,0.5635,0.5843,Low
CENTRAL BANGALORE,12.97192,77.57792,28.4,0.4815,0.6368,0.4788,Low
EAST BANGALORE,12.953413,77.703255,28.39,0.4659,0.7412,0.3151,Low
CENTRAL BANGALORE,12.992403,77.59325,28.39,0.5821,0.5408,0.6151,Low
CENTRAL BANGALORE,12.963803,77.57712,28.39,0.5287,0.6029,0.5286,Low
CENTRAL BANGALORE,12.957938,77.58762,28.38,0.5388,0.5408,0.6151,Low
CENTRAL BANGALORE,12.971572,77.57945,28.38,0.5407,0.6029,0.5286,Low
CENTRAL BANGALORE,12.990164,77.61068,28.37,0.5117,0.6368,0.4788,Low
CENTRAL BANGALORE,12.99507,77.590256,28.37,0.5545,0.5408,0.6151,Low
CENTRAL BANGALORE,12.959278,77.58397,28.36,0.6113,0.5408,0.6151,Low
CENTRAL BANGALORE,13.048614,77.62694,28.36,0.4735,0.5841,0.5556,Low
EAST BANGALORE,12.981617,77.71526,28.34,0.5719,0.5408,0.6151,Low
SOUTHEAST / IT CORRIDOR,12.924092,77.67381,28.32,0.5607,0.5408,0.6151,Low
CENTRAL BANGALORE,12.965744,77.56632,28.32,0.5103,0.5155,0.6486,Low
CENTRAL BANGALORE,12.989261,77.613,28.31,0.5908,0.6368,0.4788,Low
CENTRAL BANGALORE,12.978693,77.60694,28.3,0.5984,0.8747,0.0838,Low
WEST BANGALORE,12.99856,77.54967,28.3,0.5553,0.6205,0.5031,Low
SOUTHEAST / IT CORRIDOR,12.850919,77.65089,28.3,0.5159,0.5635,0.5843,Low
CENTRAL BANGALORE,12.985565,77.60057,28.3,0.6498,0.6368,0.4788,Low
CENTRAL BANGALORE,12.976632,77.59913,28.3,0.5815,0.752,0.2973,Low
CENTRAL BANGALORE,12.976581,77.60027,28.3,0.5749,0.81,0.1988,Low
CENTRAL BANGALORE,12.956818,77.58948,28.29,0.5788,0.5408,0.6151,Low
CENTRAL BANGALORE,13.049223,77.62892,28.29,0.5265,0.5841,0.5556,Low
SOUTHEAST / IT CORRIDOR,12.938533,77.629425,28.28,0.5033,0.5635,0.5843,Low
CENTRAL BANGALORE,12.985892,77.600426,28.28,0.6339,0.6368,0.4788,Low
CENTRAL BANGALORE,12.964474,77.58321,28.28,0.5988,0.5635,0.5843,Low
CENTRAL BANGALORE,12.970806,77.58367,28.27,0.5584,0.5635,0.5843,Low
CENTRAL BANGALORE,12.97041,77.599236,28.26,0.5443,0.7412,0.3151,Low
WEST BANGALORE,12.999475,77.54634,28.26,0.4955,0.5408,0.6151,Low
CENTRAL BANGALORE,12.960055,77.57569,28.24,0.5347,0.6368,0.4788,Low
CENTRAL BANGALORE,12.968232,77.57452,28.24,0.5659,0.5635,0.5843,Low
CENTRAL BANGALORE,12.979553,77.606285,28.23,0.5766,0.8438,0.1393,Low
CENTRAL BANGALORE,12.971773,77.57518,28.23,0.4827,0.6029,0.5286,Low
EAST BANGALORE,12.939583,77.69833,28.23,0.6198,0.6029,0.5286,Low
CENTRAL BANGALORE,12.949539,77.58005,28.23,0.6038,0.5841,0.5556,Low
CENTRAL BANGALORE,12.970199,77.57797,28.22,0.5499,0.6368,0.4788,Low
CENTRAL BANGALORE,12.960343,77.596756,28.22,0.5648,0.5408,0.6151,Low
EAST BANGALORE,12.96464,77.74595,28.22,0.5378,0.7184,0.3521,Low
CENTRAL BANGALORE,12.976168,77.61511,28.21,0.5296,0.7412,0.3151,Low
CENTRAL BANGALORE,12.963247,77.56917,28.21,0.5482,0.6029,0.5286,Low
CENTRAL BANGALORE,12.995166,77.59234,28.2,0.573,0.5408,0.6151,Low
CENTRAL BANGALORE,12.955227,77.582,28.2,0.549,0.5408,0.6151,Low
CENTRAL BANGALORE,12.968755,77.58176,28.2,0.5474,0.6029,0.5286,Low
CENTRAL BANGALORE,12.96859,77.595924,28.2,0.4763,0.5841,0.5556,Low
CENTRAL BANGALORE,12.971875,77.5774,28.19,0.5347,0.6368,0.4788,Low
CENTRAL BANGALORE,12.966026,77.5799,28.18,0.5692,0.5635,0.5843,Low
SOUTHEAST / IT CORRIDOR,12.908393,77.640945,28.18,0.5571,0.6029,0.5286,Low
CENTRAL BANGALORE,12.969556,77.57716,28.17,0.485,0.6368,0.4788,Low
CENTRAL BANGALORE,12.960174,77.57671,28.17,0.5774,0.6668,0.4334,Low
WEST BANGALORE,12.995202,77.54566,28.17,0.5729,0.6205,0.5031,Low
CENTRAL BANGALORE,12.975638,77.60165,28.17,0.5195,0.8273,0.1685,Low
CENTRAL BANGALORE,13.000459,77.57389,28.17,0.5045,0.5841,0.5556,Low
CENTRAL BANGALORE,12.952229,77.582634,28.15,0.5984,0.5408,0.6151,Low
CENTRAL BANGALORE,12.96994,77.57877,28.15,0.4812,0.6029,0.5286,Low
CENTRAL BANGALORE,12.972422,77.594055,28.14,0.5445,0.5408,0.6151,Low
CENTRAL BANGALORE,12.997751,77.576675,28.14,0.5388,0.5841,0.5556,Low
CENTRAL BANGALORE,12.971232,77.57743,28.14,0.5223,0.6368,0.4788,Low
EAST BANGALORE,12.967145,77.641495,28.14,0.5232,0.6029,0.5286,Low
CENTRAL BANGALORE,12.946912,77.59048,28.13,0.6264,0.6029,0.5286,Low
CENTRAL BANGALORE,12.997364,77.585266,28.13,0.5117,0.5408,0.6151,Low
CENTRAL BANGALORE,12.962021,77.57851,28.13,0.5979,0.6668,0.4334,Low
CENTRAL BANGALORE,12.968997,77.57657,28.13,0.5187,0.5635,0.5843,Low
CENTRAL BANGALORE,12.987731,77.60393,28.12,0.5808,0.6368,0.4788,Low
CENTRAL BANGALORE,12.965732,77.58361,28.12,0.5779,0.5635,0.5843,Low
CENTRAL BANGALORE,12.971222,77.59775,28.11,0.5403,0.6668,0.4334,Low
SOUTHEAST / IT CORRIDOR,12.9161,77.64566,28.11,0.5128,0.6368,0.4788,Low
CENTRAL BANGALORE,12.997275,77.58698,28.11,0.5458,0.5408,0.6151,Low
CENTRAL BANGALORE,12.984345,77.61021,28.1,0.5792,0.7064,0.3715,Low
CENTRAL BANGALORE,12.95738,77.583435,28.1,0.5694,0.5841,0.5556,Low
CENTRAL BANGALORE,12.971741,77.575874,28.09,0.4446,0.6368,0.4788,Low
CENTRAL BANGALORE,12.978572,77.60223,28.09,0.5761,0.7918,0.2302,Low
SOUTHEAST / IT CORRIDOR,12.959292,77.723236,28.07,0.6025,0.5408,0.6151,Low
CENTRAL BANGALORE,12.974286,77.599525,28.07,0.5195,0.7918,0.2302,Low
CENTRAL BANGALORE,12.970614,77.56989,28.06,0.5405,0.5635,0.5843,Low
CENTRAL BANGALORE,12.988376,77.61031,28.06,0.5902,0.6368,0.4788,Low
CENTRAL BANGALORE,12.988305,77.60299,28.06,0.5726,0.6368,0.4788,Low
CENTRAL BANGALORE,12.991637,77.60898,28.05,0.5528,0.6368,0.4788,Low
CENTRAL BANGALORE,13.050572,77.62962,28.05,0.5516,0.5408,0.6151,Low
SOUTHEAST / IT CORRIDOR,12.935768,77.61739,28.04,0.4914,0.7725,0.263,Low
SOUTHEAST / IT CORRIDOR,12.910737,77.604095,28.04,0.5033,0.5635,0.5843,Low
CENTRAL BANGALORE,12.985594,77.60069,28.04,0.613,0.6368,0.4788,Low
CENTRAL BANGALORE,12.975553,77.608215,28.03,0.5073,0.8747,0.0838,Low
SOUTHEAST / IT CORRIDOR,12.917207,77.64403,28.03,0.4051,0.6368,0.4788,Low
CENTRAL BANGALORE,12.966311,77.58258,28.03,0.541,0.6029,0.5286,Low
SOUTHEAST / IT CORRIDOR,12.926753,77.62317,28.02,0.4886,0.801,0.2143,Low
CENTRAL BANGALORE,12.965445,77.571945,28.02,0.6028,0.6029,0.5286,Low
SOUTH BANGALORE,12.932729,77.61342,28.01,0.5347,0.7918,0.2302,Low
SOUTHEAST / IT CORRIDOR,12.923133,77.620125,28.0,0.4298,0.6522,0.4557,Low
CENTRAL BANGALORE,12.970992,77.58068,28.0,0.5669,0.6029,0.5286,Low
CENTRAL BANGALORE,12.972104,77.5942,28.0,0.5344,0.5408,0.6151,Low
CENTRAL BANGALORE,12.973827,77.59943,28.0,0.5308,0.7412,0.3151,Low
EAST BANGALORE,12.969711,77.64485,27.99,0.5635,0.6806,0.4121,Low
CENTRAL BANGALORE,12.970811,77.578224,27.99,0.5477,0.6368,0.4788,Low
CENTRAL BANGALORE,12.985546,77.60265,27.99,0.5406,0.6368,0.4788,Low
CENTRAL BANGALORE,12.967232,77.59301,27.99,0.5434,0.5408,0.6151,Low
CENTRAL BANGALORE,12.989186,77.609856,27.99,0.5823,0.6368,0.4788,Low
CENTRAL BANGALORE,12.981969,77.59936,27.98,0.5955,0.6806,0.4121,Low
CENTRAL BANGALORE,12.970511,77.57781,27.97,0.5238,0.6368,0.4788,Low
CENTRAL BANGALORE,12.9928,77.593445,27.97,0.6026,0.5408,0.6151,Low
CENTRAL BANGALORE,12.96724,77.570274,27.96,0.5237,0.5635,0.5843,Low
CENTRAL BANGALORE,12.986049,77.60561,27.96,0.5795,0.6368,0.4788,Low
CENTRAL BANGALORE,12.970783,77.577415,27.96,0.4628,0.6368,0.4788,Low
CENTRAL BANGALORE,12.970822,77.57991,27.95,0.5682,0.6029,0.5286,Low
CENTRAL BANGALORE,12.970307,77.58212,27.95,0.5306,0.6029,0.5286,Low
CENTRAL BANGALORE,12.960792,77.597946,27.94,0.5921,0.5408,0.6151,Low
CENTRAL BANGALORE,12.96714,77.61083,27.94,0.5963,0.7624,0.2799,Low
CENTRAL BANGALORE,12.971486,77.5715,27.94,0.5146,0.6029,0.5286,Low
CENTRAL BANGALORE,12.971302,77.571526,27.94,0.4873,0.6029,0.5286,Low
CENTRAL BANGALORE,13.04902,77.631226,27.93,0.5728,0.5408,0.6151,Low
CENTRAL BANGALORE,12.988593,77.61005,27.93,0.5589,0.6368,0.4788,Low
CENTRAL BANGALORE,12.965809,77.579636,27.92,0.459,0.5635,0.5843,Low
CENTRAL BANGALORE,12.978538,77.60235,27.92,0.5475,0.7918,0.2302,Low
SOUTHEAST / IT CORRIDOR,12.922477,77.6108,27.92,0.538,0.5155,0.6486,Low
CENTRAL BANGALORE,12.959537,77.60181,27.91,0.5922,0.5408,0.6151,Low
CENTRAL BANGALORE,12.962442,77.581474,27.91,0.5787,0.6368,0.4788,Low
SOUTHEAST / IT CORRIDOR,12.923135,77.612915,27.91,0.5353,0.6029,0.5286,Low
CENTRAL BANGALORE,12.988037,77.608055,27.9,0.5478,0.6368,0.4788,Low
CENTRAL BANGALORE,12.974618,77.59655,27.9,0.5475,0.6368,0.4788,Low
CENTRAL BANGALORE,12.982023,77.609955,27.9,0.5711,0.7918,0.2302,Low
CENTRAL BANGALORE,12.970603,77.578926,27.89,0.4825,0.6029,0.5286,Low
CENTRAL BANGALORE,12.986028,77.607185,27.89,0.5987,0.6368,0.4788,Low
CENTRAL BANGALORE,12.967637,77.58131,27.89,0.5516,0.6029,0.5286,Low
CENTRAL BANGALORE,12.971242,77.59798,27.88,0.5326,0.6668,0.4334,Low
CENTRAL BANGALORE,12.96707,77.58105,27.88,0.5496,0.6029,0.5286,Low
CENTRAL BANGALORE,13.052192,77.62654,27.87,0.5413,0.5841,0.5556,Low
CENTRAL BANGALORE,12.970754,77.57675,27.86,0.4981,0.6368,0.4788,Low
CENTRAL BANGALORE,12.968633,77.5835,27.86,0.5877,0.6029,0.5286,Low
CENTRAL BANGALORE,13.05207,77.62125,27.86,0.4998,0.5841,0.5556,Low
CENTRAL BANGALORE,12.993086,77.576805,27.85,0.5435,0.5408,0.6151,Low
SOUTHEAST / IT CORRIDOR,12.912251,77.60385,27.84,0.5721,0.5635,0.5843,Low
CENTRAL BANGALORE,12.976823,77.61008,27.84,0.5142,0.8596,0.1111,Low
CENTRAL BANGALORE,12.981455,77.60315,27.82,0.6826,0.752,0.2973,Low
SOUTHEAST / IT CORRIDOR,12.922971,77.6696,27.81,0.5354,0.5841,0.5556,Low
CENTRAL BANGALORE,12.985043,77.60424,27.8,0.6299,0.7064,0.3715,Low
CENTRAL BANGALORE,12.970054,77.57388,27.8,0.5262,0.6029,0.5286,Low
WEST BANGALORE,12.998677,77.550896,27.8,0.4679,0.5841,0.5556,Low
CENTRAL BANGALORE,12.959638,77.58142,27.8,0.5815,0.6368,0.4788,Low
CENTRAL BANGALORE,12.966927,77.58275,27.8,0.5957,0.6029,0.5286,Low
CENTRAL BANGALORE,12.990326,77.60761,27.79,0.552,0.6368,0.4788,Low
CENTRAL BANGALORE,12.970779,77.577156,27.79,0.5539,0.6368,0.4788,Low
CENTRAL BANGALORE,12.988498,77.61076,27.79,0.5903,0.6368,0.4788,Low
CENTRAL BANGALORE,12.998576,77.57575,27.79,0.4885,0.5841,0.5556,Low
CENTRAL BANGALORE,12.985572,77.59795,27.78,0.6473,0.5635,0.5843,Low
CENTRAL BANGALORE,12.984446,77.613205,27.78,0.6086,0.6368,0.4788,Low
EAST BANGALORE,12.954651,77.69605,27.77,0.4677,0.6205,0.5031,Low
SOUTHEAST / IT CORRIDOR,12.959255,77.724365,27.77,0.5844,0.5408,0.6151,Low
CENTRAL BANGALORE,12.966869,77.57953,27.77,0.5516,0.5635,0.5843,Low
CENTRAL BANGALORE,12.955051,77.581566,27.77,0.6185,0.5408,0.6151,Low
CENTRAL BANGALORE,12.947583,77.59127,27.77,0.6023,0.6029,0.5286,Low
CENTRAL BANGALORE,12.972143,77.59401,27.77,0.5448,0.5408,0.6151,Low
CENTRAL BANGALORE,12.96665,77.58242,27.75,0.5436,0.6029,0.5286,Low
CENTRAL BANGALORE,12.950589,77.599846,27.75,0.6034,0.5635,0.5843,Low
CENTRAL BANGALORE,12.964996,77.579796,27.75,0.5207,0.5635,0.5843,Low
CENTRAL BANGALORE,12.969556,77.582535,27.74,0.579,0.6029,0.5286,Low
CENTRAL BANGALORE,12.986645,77.60219,27.73,0.5978,0.6368,0.4788,Low
SOUTHEAST / IT CORRIDOR,12.92506,77.61595,27.73,0.4887,0.7412,0.3151,Low
SOUTHEAST / IT CORRIDOR,12.941948,77.62021,27.73,0.5828,0.6368,0.4788,Low
SOUTHEAST / IT CORRIDOR,12.911967,77.60835,27.73,0.4594,0.6668,0.4334,Low
CENTRAL BANGALORE,12.985612,77.60238,27.71,0.6026,0.6368,0.4788,Low
CENTRAL BANGALORE,12.985814,77.60213,27.71,0.6687,0.6368,0.4788,Low
CENTRAL BANGALORE,12.970951,77.57685,27.71,0.5379,0.6368,0.4788,Low
CENTRAL BANGALORE,12.98599,77.60185,27.7,0.6089,0.6368,0.4788,Low
SOUTHEAST / IT CORRIDOR,12.92053,77.60799,27.7,0.5762,0.5635,0.5843,Low
CENTRAL BANGALORE,12.985767,77.60073,27.7,0.5405,0.6368,0.4788,Low
SOUTH BANGALORE,12.932757,77.5874,27.7,0.5241,0.6368,0.4788,Low
CENTRAL BANGALORE,12.967845,77.5777,27.69,0.5308,0.5635,0.5843,Low
CENTRAL BANGALORE,12.960785,77.57974,27.69,0.5906,0.6668,0.4334,Low
SOUTH BANGALORE,12.910219,77.585045,27.69,0.4838,0.5408,0.6151,Low
WEST BANGALORE,12.972478,77.57126,27.68,0.473,0.6029,0.5286,Low
CENTRAL BANGALORE,12.993345,77.592415,27.68,0.5845,0.5408,0.6151,Low
CENTRAL BANGALORE,12.972486,77.59758,27.68,0.5309,0.6668,0.4334,Low
CENTRAL BANGALORE,12.970245,77.57064,27.67,0.5169,0.5635,0.5843,Low
SOUTHEAST / IT CORRIDOR,12.93493,77.626816,27.66,0.5598,0.7184,0.3521,Low
SOUTH BANGALORE,12.937692,77.58274,27.65,0.5542,0.7064,0.3715,Low
CENTRAL BANGALORE,12.964483,77.58079,27.65,0.603,0.5635,0.5843,Low
CENTRAL BANGALORE,12.963401,77.58255,27.64,0.4727,0.6029,0.5286,Low
SOUTHEAST / IT CORRIDOR,12.9716,77.5946,27.64,0.5739,0.5408,0.6151,Low
CENTRAL BANGALORE,12.967203,77.58256,27.64,0.5219,0.6029,0.5286,Low
CENTRAL BANGALORE,12.964221,77.56343,27.64,0.5436,0.5155,0.6486,Low
SOUTHEAST / IT CORRIDOR,12.938965,77.62127,27.63,0.5076,0.6368,0.4788,Low
CENTRAL BANGALORE,12.976463,77.60217,27.63,0.5398,0.8438,0.1393,Low
CENTRAL BANGALORE,12.961889,77.578316,27.62,0.5468,0.6668,0.4334,Low
CENTRAL BANGALORE,12.959054,77.577354,27.62,0.6084,0.6668,0.4334,Low
SOUTH BANGALORE,12.93609,77.58078,27.62,0.5891,0.73,0.3333,Low
CENTRAL BANGALORE,13.000946,77.576706,27.62,0.4249,0.5841,0.5556,Low
CENTRAL BANGALORE,12.967775,77.58056,27.61,0.569,0.6029,0.5286,Low
CENTRAL BANGALORE,12.973561,77.57013,27.61,0.4781,0.6029,0.5286,Low
CENTRAL BANGALORE,12.986707,77.6003,27.61,0.6167,0.6368,0.4788,Low
CENTRAL BANGALORE,12.965247,77.580826,27.61,0.6021,0.5635,0.5843,Low
CENTRAL BANGALORE,12.948835,77.59344,27.61,0.5683,0.5635,0.5843,Low
CENTRAL BANGALORE,12.99014,77.59506,27.6,0.5953,0.5635,0.5843,Low
CENTRAL BANGALORE,12.964757,77.57967,27.6,0.562,0.5635,0.5843,Low
CENTRAL BANGALORE,12.963029,77.58219,27.6,0.5923,0.6029,0.5286,Low
EAST BANGALORE,12.95718,77.7032,27.59,0.5381,0.6522,0.4557,Low
CENTRAL BANGALORE,12.965336,77.58006,27.59,0.4913,0.5635,0.5843,Low
CENTRAL BANGALORE,12.971388,77.57748,27.58,0.5066,0.6368,0.4788,Low
CENTRAL BANGALORE,12.952124,77.58105,27.57,0.5903,0.5408,0.6151,Low
CENTRAL BANGALORE,12.948531,77.59339,27.57,0.5137,0.5635,0.5843,Low
CENTRAL BANGALORE,12.97118,77.577225,27.56,0.5006,0.6368,0.4788,Low
WEST BANGALORE,12.997015,77.54636,27.55,0.5761,0.5841,0.5556,Low
CENTRAL BANGALORE,12.972015,77.57841,27.55,0.5374,0.6029,0.5286,Low
EAST BANGALORE,12.957313,77.701546,27.55,0.4531,0.6522,0.4557,Low
SOUTHEAST / IT CORRIDOR,12.932616,77.62332,27.54,0.4624,0.8188,0.1835,Low
CENTRAL BANGALORE,12.965563,77.58342,27.53,0.5521,0.5635,0.5843,Low
CENTRAL BANGALORE,12.96974,77.5769,27.53,0.4696,0.6368,0.4788,Low
WEST BANGALORE,12.995404,77.54622,27.52,0.5124,0.6205,0.5031,Low
SOUTHEAST / IT CORRIDOR,12.920823,77.61842,27.52,0.5462,0.6522,0.4557,Low
CENTRAL BANGALORE,12.988611,77.60331,27.52,0.6189,0.6368,0.4788,Low
CENTRAL BANGALORE,12.968155,77.572784,27.52,0.5028,0.6029,0.5286,Low
CENTRAL BANGALORE,12.997409,77.583885,27.51,0.6209,0.5408,0.6151,Low
CENTRAL BANGALORE,12.980878,77.61109,27.51,0.5609,0.81,0.1988,Low
CENTRAL BANGALORE,12.961637,77.58078,27.5,0.5808,0.6368,0.4788,Low
CENTRAL BANGALORE,12.986968,77.60897,27.5,0.5872,0.6368,0.4788,Low
CENTRAL BANGALORE,12.97018,77.58202,27.5,0.5927,0.6029,0.5286,Low
CENTRAL BANGALORE,12.972222,77.57753,27.49,0.5315,0.6029,0.5286,Low
CENTRAL BANGALORE,12.957298,77.584305,27.49,0.5892,0.5408,0.6151,Low
CENTRAL BANGALORE,12.968469,77.577065,27.48,0.5122,0.5635,0.5843,Low
EAST BANGALORE,12.972325,77.71174,27.48,0.611,0.5408,0.6151,Low
CENTRAL BANGALORE,12.966118,77.58294,27.47,0.5901,0.6029,0.5286,Low
WEST BANGALORE,12.971443,77.57722,27.47,0.5418,0.6368,0.4788,Low
CENTRAL BANGALORE,13.048383,77.62739,27.46,0.4606,0.5841,0.5556,Low
CENTRAL BANGALORE,12.98563,77.61087,27.46,0.5519,0.6368,0.4788,Low
CENTRAL BANGALORE,12.963257,77.60125,27.46,0.5478,0.5408,0.6151,Low
CENTRAL BANGALORE,12.990847,77.60381,27.45,0.6096,0.6368,0.4788,Low
CENTRAL BANGALORE,12.950551,77.57816,27.45,0.5905,0.5841,0.5556,Low
CENTRAL BANGALORE,12.967415,77.58475,27.45,0.5959,0.6029,0.5286,Low
CENTRAL BANGALORE,12.965796,77.570816,27.44,0.5036,0.6029,0.5286,Low
CENTRAL BANGALORE,12.987696,77.60549,27.43,0.6111,0.6368,0.4788,Low
CENTRAL BANGALORE,12.96905,77.596634,27.42,0.5526,0.5841,0.5556,Low
CENTRAL BANGALORE,12.954577,77.57906,27.42,0.5789,0.6205,0.5031,Low
CENTRAL BANGALORE,12.965809,77.58024,27.42,0.5678,0.5635,0.5843,Low
CENTRAL BANGALORE,12.970506,77.59762,27.41,0.5444,0.6668,0.4334,Low
CENTRAL BANGALORE,12.971963,77.57387,27.41,0.5228,0.6029,0.5286,Low
SOUTHEAST / IT CORRIDOR,12.9273,77.615845,27.41,0.4655,0.7624,0.2799,Low
CENTRAL BANGALORE,12.969781,77.57336,27.4,0.4889,0.6029,0.5286,Low
CENTRAL BANGALORE,12.967099,77.5722,27.4,0.5622,0.5635,0.5843,Low
CENTRAL BANGALORE,12.972143,77.572235,27.4,0.4072,0.6029,0.5286,Low
CENTRAL BANGALORE,12.95857,77.57738,27.4,0.591,0.6668,0.4334,Low
CENTRAL BANGALORE,12.986523,77.60572,27.39,0.5721,0.6368,0.4788,Low
CENTRAL BANGALORE,12.961679,77.579636,27.38,0.5999,0.6668,0.4334,Low
CENTRAL BANGALORE,12.964483,77.58079,27.38,0.54,0.5635,0.5843,Low
CENTRAL BANGALORE,12.95756,77.576706,27.37,0.5709,0.6668,0.4334,Low
CENTRAL BANGALORE,12.970182,77.57717,27.37,0.4465,0.6368,0.4788,Low
CENTRAL BANGALORE,12.976607,77.59968,27.37,0.5563,0.7725,0.263,Low
SOUTHEAST / IT CORRIDOR,12.933823,77.622826,27.37,0.4562,0.8188,0.1835,Low
SOUTH BANGALORE,12.903163,77.5817,27.36,0.5258,0.5408,0.6151,Low
CENTRAL BANGALORE,12.982847,77.61062,27.36,0.5894,0.73,0.3333,Low
CENTRAL BANGALORE,12.972253,77.59417,27.36,0.5503,0.5408,0.6151,Low
CENTRAL BANGALORE,12.960962,77.59739,27.35,0.6267,0.5408,0.6151,Low
CENTRAL BANGALORE,12.962021,77.57851,27.35,0.5506,0.6668,0.4334,Low
CENTRAL BANGALORE,12.953864,77.57928,27.34,0.5482,0.5841,0.5556,Low
SOUTH BANGALORE,12.910603,77.58179,27.32,0.5615,0.5841,0.5556,Low
CENTRAL BANGALORE,12.969227,77.57808,27.32,0.5276,0.6029,0.5286,Low
CENTRAL BANGALORE,12.965487,77.580765,27.31,0.5898,0.5635,0.5843,Low
SOUTH BANGALORE,12.928421,77.57674,27.3,0.49,0.7064,0.3715,Low
CENTRAL BANGALORE,12.970488,77.5792,27.3,0.5216,0.6029,0.5286,Low
SOUTHEAST / IT CORRIDOR,12.92042,77.61121,27.29,0.5686,0.6029,0.5286,Low
CENTRAL BANGALORE,12.992775,77.59283,27.29,0.5884,0.5408,0.6151,Low
CENTRAL BANGALORE,12.957058,77.57982,27.29,0.6766,0.6938,0.3914,Low
CENTRAL BANGALORE,12.981728,77.60489,27.28,0.6231,0.7725,0.263,Low
WEST BANGALORE,12.998383,77.55303,27.27,0.5202,0.5841,0.5556,Low
CENTRAL BANGALORE,12.981882,77.59707,27.27,0.5694,0.5635,0.5843,Low
SOUTH BANGALORE,12.951047,77.59536,27.27,0.5466,0.5635,0.5843,Low
CENTRAL BANGALORE,12.984935,77.60109,27.24,0.6399,0.6368,0.4788,Low
SOUTHEAST / IT CORRIDOR,12.85348,77.65542,27.24,0.5399,0.5635,0.5843,Low
WEST BANGALORE,13.00135,77.55316,27.24,0.6597,0.6368,0.4788,Low
CENTRAL BANGALORE,12.98697,77.59383,27.24,0.592,0.5155,0.6486,Low
SOUTH BANGALORE,12.945401,77.59523,27.23,0.5688,0.5635,0.5843,Low
CENTRAL BANGALORE,12.98551,77.60887,27.23,0.6003,0.7064,0.3715,Low
CENTRAL BANGALORE,12.958972,77.580025,27.22,0.5694,0.6668,0.4334,Low
CENTRAL BANGALORE,12.975105,77.60806,27.21,0.5262,0.8892,0.0572,Low
SOUTH BANGALORE,12.935913,77.61597,27.21,0.5397,0.7725,0.263,Low
CENTRAL BANGALORE,12.9689,77.57525,27.21,0.5057,0.6029,0.5286,Low
CENTRAL BANGALORE,12.971932,77.57534,27.21,0.442,0.6029,0.5286,Low
CENTRAL BANGALORE,12.979083,77.605446,27.21,0.6449,0.8438,0.1393,Low
CENTRAL BANGALORE,12.98642,77.61185,27.21,0.6239,0.6368,0.4788,Low
CENTRAL BANGALORE,12.971363,77.57891,27.2,0.5129,0.6368,0.4788,Low
SOUTH BANGALORE,12.921739,77.583694,27.2,0.5141,0.6368,0.4788,Low
CENTRAL BANGALORE,13.052065,77.626945,27.2,0.5678,0.5841,0.5556,Low
CENTRAL BANGALORE,12.993724,77.59581,27.19,0.5852,0.5408,0.6151,Low
SOUTH BANGALORE,12.923649,77.58807,27.19,0.4901,0.6368,0.4788,Low
WEST BANGALORE,12.972143,77.57699,27.19,0.5203,0.6029,0.5286,Low
CENTRAL BANGALORE,12.967636,77.5749,27.19,0.536,0.5635,0.5843,Low
CENTRAL BANGALORE,12.999423,77.57463,27.18,0.4872,0.5841,0.5556,Low
CENTRAL BANGALORE,12.987217,77.608055,27.18,0.5855,0.6368,0.4788,Low
CENTRAL BANGALORE,12.965899,77.583,27.18,0.5264,0.5635,0.5843,Low
CENTRAL BANGALORE,12.955707,77.58212,27.17,0.5937,0.5841,0.5556,Low
SOUTHEAST / IT CORRIDOR,12.915781,77.62084,27.17,0.6032,0.5408,0.6151,Low
CENTRAL BANGALORE,12.973049,77.57744,27.15,0.4603,0.6029,0.5286,Low
CENTRAL BANGALORE,12.955919,77.575615,27.15,0.5524,0.6668,0.4334,Low
CENTRAL BANGALORE,12.949617,77.59675,27.15,0.6027,0.5635,0.5843,Low
CENTRAL BANGALORE,12.984898,77.6039,27.15,0.5134,0.7064,0.3715,Low
EAST BANGALORE,12.974673,77.64761,27.15,0.5372,0.73,0.3333,Low
WEST BANGALORE,12.996105,77.54893,27.15,0.5655,0.5841,0.5556,Low
CENTRAL BANGALORE,12.966771,77.56813,27.13,0.5172,0.5155,0.6486,Low
CENTRAL BANGALORE,12.984751,77.61253,27.13,0.5294,0.6368,0.4788,Low
CENTRAL BANGALORE,12.963467,77.56486,27.12,0.5869,0.5635,0.5843,Low
CENTRAL BANGALORE,12.967895,77.57241,27.11,0.5383,0.5635,0.5843,Low
CENTRAL BANGALORE,12.972847,77.60877,27.11,0.5184,0.8518,0.1251,Low
CENTRAL BANGALORE,12.959962,77.599655,27.11,0.6048,0.5408,0.6151,Low
CENTRAL BANGALORE,12.958972,77.580025,27.11,0.5567,0.6668,0.4334,Low
CENTRAL BANGALORE,12.956228,77.58333,27.1,0.5805,0.5408,0.6151,Low
CENTRAL BANGALORE,12.97082,77.579636,27.1,0.506,0.6029,0.5286,Low
SOUTH BANGALORE,12.94217,77.571526,27.1,0.5359,0.6668,0.4334,Low
CENTRAL BANGALORE,12.955262,77.58681,27.09,0.521,0.5408,0.6151,Low
CENTRAL BANGALORE,12.987591,77.60531,27.08,0.6042,0.6368,0.4788,Low
SOUTH BANGALORE,12.93206,77.613655,27.08,0.4595,0.7918,0.2302,Low
CENTRAL BANGALORE,12.987348,77.60384,27.07,0.6174,0.6368,0.4788,Low
CENTRAL BANGALORE,12.946764,77.591705,27.07,0.6099,0.6029,0.5286,Low
CENTRAL BANGALORE,12.966926,77.5806,27.07,0.4886,0.6029,0.5286,Low
CENTRAL BANGALORE,12.977289,77.60191,27.07,0.5607,0.752,0.2973,Low
CENTRAL BANGALORE,12.96915,77.57991,27.07,0.5268,0.6029,0.5286,Low
CENTRAL BANGALORE,12.984009,77.60924,27.06,0.6129,0.7064,0.3715,Low
CENTRAL BANGALORE,12.972352,77.57809,27.06,0.493,0.6029,0.5286,Low
SOUTH BANGALORE,12.911975,77.63244,27.06,0.5907,0.5635,0.5843,Low
CENTRAL BANGALORE,12.960593,77.577675,27.06,0.485,0.6668,0.4334,Low
CENTRAL BANGALORE,12.969839,77.57887,27.05,0.5034,0.6029,0.5286,Low
EAST BANGALORE,12.977669,77.71454,27.05,0.5308,0.5841,0.5556,Low
CENTRAL BANGALORE,12.961445,77.585846,27.05,0.6278,0.5408,0.6151,Low
CENTRAL BANGALORE,12.971789,77.580635,27.05,0.4926,0.5635,0.5843,Low
CENTRAL BANGALORE,12.96665,77.58111,27.05,0.5266,0.6029,0.5286,Low
CENTRAL BANGALORE,12.967259,77.582886,27.04,0.5577,0.6029,0.5286,Low
CENTRAL BANGALORE,12.969459,77.57246,27.04,0.5273,0.6029,0.5286,Low
CENTRAL BANGALORE,12.980862,77.59847,27.03,0.6214,0.6806,0.4121,Low
SOUTHEAST / IT CORRIDOR,12.91978,77.610725,27.02,0.6161,0.6029,0.5286,Low
CENTRAL BANGALORE,12.955883,77.58757,27.01,0.629,0.5408,0.6151,Low
CENTRAL BANGALORE,12.970162,77.57274,27.01,0.4799,0.6029,0.5286,Low
CENTRAL BANGALORE,12.970821,77.580475,27.0,0.5196,0.6029,0.5286,Low
CENTRAL BANGALORE,12.964131,77.56643,27.0,0.5742,0.5635,0.5843,Low
CENTRAL BANGALORE,12.974307,77.59678,27.0,0.5506,0.6368,0.4788,Low
CENTRAL BANGALORE,12.948745,77.59571,27.0,0.5913,0.5635,0.5843,Low
CENTRAL BANGALORE,12.973349,77.57107,26.99,0.4602,0.6029,0.5286,Low
SOUTHEAST / IT CORRIDOR,12.917363,77.60398,26.98,0.4783,0.5635,0.5843,Low
CENTRAL BANGALORE,12.976234,77.60113,26.98,0.5697,0.81,0.1988,Low
CENTRAL BANGALORE,12.973808,77.61082,26.98,0.532,0.801,0.2143,Low
CENTRAL BANGALORE,12.981385,77.59432,26.98,0.5232,0.5635,0.5843,Low
CENTRAL BANGALORE,12.984076,77.60897,26.98,0.5612,0.7064,0.3715,Low
CENTRAL BANGALORE,12.969837,77.5745,26.97,0.5692,0.6029,0.5286,Low
CENTRAL BANGALORE,12.992997,77.589806,26.97,0.5783,0.5408,0.6151,Low
CENTRAL BANGALORE,12.981609,77.598694,26.97,0.6041,0.6806,0.4121,Low
CENTRAL BANGALORE,12.969919,77.58274,26.96,0.5673,0.6029,0.5286,Low
CENTRAL BANGALORE,12.97178,77.600235,26.95,0.5546,0.7823,0.2464,Low
CENTRAL BANGALORE,12.965539,77.56457,26.94,0.5984,0.5155,0.6486,Low
CENTRAL BANGALORE,12.961556,77.58106,26.94,0.6468,0.6368,0.4788,Low
CENTRAL BANGALORE,12.970744,77.58121,26.94,0.5158,0.6029,0.5286,Low
CENTRAL BANGALORE,12.985363,77.60234,26.93,0.6077,0.6368,0.4788,Low
CENTRAL BANGALORE,13.050792,77.62706,26.92,0.5255,0.5841,0.5556,Low
CENTRAL BANGALORE,12.95685,77.57165,26.92,0.6553,0.6029,0.5286,Low
WEST BANGALORE,13.007056,77.55458,26.92,0.5792,0.6029,0.5286,Low
CENTRAL BANGALORE,12.972117,77.57734,26.91,0.4997,0.6029,0.5286,Low
CENTRAL BANGALORE,12.973973,77.5988,26.91,0.5343,0.7184,0.3521,Low
CENTRAL BANGALORE,12.976638,77.60183,26.91,0.589,0.8273,0.1685,Low
LOGISTICS / HIGH TRAFFIC ZONES,12.960593,77.577675,26.91,0.5255,0.6668,0.4334,Low
CENTRAL BANGALORE,12.971651,77.57548,26.9,0.4946,0.6368,0.4788,Low
CENTRAL BANGALORE,12.967085,77.573555,26.88,0.5413,0.5635,0.5843,Low
SOUTHEAST / IT CORRIDOR,12.936387,77.619804,26.88,0.5002,0.7412,0.3151,Low
CENTRAL BANGALORE,12.979744,77.61348,26.87,0.5662,0.7918,0.2302,Low
CENTRAL BANGALORE,12.972082,77.574585,26.87,0.4841,0.6029,0.5286,Low
CENTRAL BANGALORE,12.954684,77.57573,26.85,0.5805,0.5841,0.5556,Low
SOUTH BANGALORE,12.921696,77.58631,26.85,0.4985,0.6368,0.4788,Low
CENTRAL BANGALORE,12.97634,77.61133,26.85,0.5165,0.8596,0.1111,Low
SOUTHEAST / IT CORRIDOR,12.934834,77.62017,26.85,0.4996,0.7823,0.2464,Low
CENTRAL BANGALORE,12.96496,77.57895,26.85,0.51,0.5635,0.5843,Low
SOUTH BANGALORE,12.864994,77.59144,26.84,0.5386,0.5408,0.6151,Low
SOUTHEAST / IT CORRIDOR,12.839629,77.65405,26.84,0.4959,0.5635,0.5843,Low
CENTRAL BANGALORE,12.967736,77.57081,26.84,0.4496,0.5635,0.5843,Low
SOUTHEAST / IT CORRIDOR,12.917269,77.626396,26.84,0.468,0.5635,0.5843,Low
CENTRAL BANGALORE,12.970946,77.57575,26.83,0.4721,0.6029,0.5286,Low
CENTRAL BANGALORE,12.971299,77.597855,26.83,0.4972,0.6668,0.4334,Low
SOUTHEAST / IT CORRIDOR,12.916201,77.619156,26.83,0.4305,0.5408,0.6151,Low
CENTRAL BANGALORE,12.967289,77.57854,26.83,0.5144,0.5635,0.5843,Low
SOUTH BANGALORE,12.916643,77.6288,26.82,0.5784,0.6029,0.5286,Low
CENTRAL BANGALORE,12.983015,77.6007,26.81,0.5874,0.7064,0.3715,Low
CENTRAL BANGALORE,12.983905,77.609604,26.81,0.6121,0.7064,0.3715,Low
CENTRAL BANGALORE,12.990595,77.61149,26.8,0.5791,0.6368,0.4788,Low
CENTRAL BANGALORE,12.95711,77.58872,26.79,0.62,0.5408,0.6151,Low
CENTRAL BANGALORE,12.961219,77.5701,26.78,0.542,0.6029,0.5286,Low
CENTRAL BANGALORE,12.962126,77.58052,26.78,0.5393,0.6368,0.4788,Low
CENTRAL BANGALORE,12.972101,77.5787,26.78,0.5032,0.6029,0.5286,Low
CENTRAL BANGALORE,12.972253,77.59417,26.77,0.4788,0.5408,0.6151,Low
CENTRAL BANGALORE,12.9694,77.57117,26.77,0.4893,0.6029,0.5286,Low
SOUTHEAST / IT CORRIDOR,12.90382,77.6759,26.76,0.5773,0.5408,0.6151,Low
CENTRAL BANGALORE,12.985313,77.60265,26.76,0.6033,0.6368,0.4788,Low
SOUTHEAST / IT CORRIDOR,12.919439,77.61583,26.76,0.4614,0.5408,0.6151,Low
CENTRAL BANGALORE,12.96916,77.600464,26.75,0.5905,0.7412,0.3151,Low
CENTRAL BANGALORE,12.961696,77.5806,26.75,0.5244,0.6368,0.4788,Low
CENTRAL BANGALORE,12.984776,77.60467,26.74,0.5917,0.7064,0.3715,Low
CENTRAL BANGALORE,12.955403,77.57795,26.72,0.5885,0.6205,0.5031,Low
SOUTH BANGALORE,12.948049,77.57378,26.72,0.553,0.5841,0.5556,Low
CENTRAL BANGALORE,12.962177,77.581055,26.72,0.583,0.6368,0.4788,Low
WEST BANGALORE,12.978651,77.5775,26.71,0.5259,0.5408,0.6151,Low
CENTRAL BANGALORE,12.98253,77.60224,26.7,0.6114,0.7064,0.3715,Low
SOUTHEAST / IT CORRIDOR,12.934405,77.61892,26.69,0.4816,0.8273,0.1685,Low
CENTRAL BANGALORE,12.974167,77.572624,26.68,0.4802,0.6029,0.5286,Low
CENTRAL BANGALORE,12.985345,77.61075,26.67,0.5259,0.6368,0.4788,Low
CENTRAL BANGALORE,12.96089,77.597626,26.65,0.6396,0.5408,0.6151,Low
CENTRAL BANGALORE,12.971164,77.59787,26.65,0.5537,0.6668,0.4334,Low
SOUTHEAST / IT CORRIDOR,12.914393,77.60486,26.65,0.5098,0.5635,0.5843,Low
CENTRAL BANGALORE,12.978449,77.60492,26.65,0.6111,0.8747,0.0838,Low
SOUTHEAST / IT CORRIDOR,12.850795,77.65472,26.65,0.5338,0.6029,0.5286,Low
SOUTHEAST / IT CORRIDOR,12.917537,77.60478,26.64,0.5013,0.5635,0.5843,Low
CENTRAL BANGALORE,12.980065,77.6027,26.63,0.5758,0.7725,0.263,Low
CENTRAL BANGALORE,12.969675,77.61208,26.63,0.5388,0.801,0.2143,Low
WEST BANGALORE,12.999648,77.546,26.63,0.602,0.5408,0.6151,Low
SOUTH BANGALORE,12.941908,77.57043,26.62,0.5225,0.6668,0.4334,Low
CENTRAL BANGALORE,12.970417,77.57313,26.62,0.5252,0.6029,0.5286,Low
SOUTH BANGALORE,12.941643,77.571,26.61,0.5496,0.6668,0.4334,Low
CENTRAL BANGALORE,12.984467,77.60382,26.61,0.5524,0.7064,0.3715,Low
EAST BANGALORE,12.959451,77.702805,26.61,0.4896,0.6205,0.5031,Low
WEST BANGALORE,12.972978,77.572586,26.6,0.3895,0.6029,0.5286,Low
CENTRAL BANGALORE,12.98663,77.60287,26.6,0.5545,0.6368,0.4788,Low
CENTRAL BANGALORE,12.956368,77.580696,26.59,0.5318,0.6205,0.5031,Low
CENTRAL BANGALORE,12.973178,77.57568,26.59,0.4286,0.6368,0.4788,Low
CENTRAL BANGALORE,12.974389,77.6111,26.59,0.5245,0.801,0.2143,Low
CENTRAL BANGALORE,12.965368,77.57879,26.59,0.5498,0.5635,0.5843,Low
CENTRAL BANGALORE,12.954716,77.58001,26.58,0.5765,0.6205,0.5031,Low
CENTRAL BANGALORE,12.987284,77.60401,26.58,0.5935,0.6368,0.4788,Low
SOUTH BANGALORE,12.926514,77.587326,26.57,0.5091,0.6668,0.4334,Low
CENTRAL BANGALORE,12.972715,77.57694,26.56,0.5102,0.6029,0.5286,Low
CENTRAL BANGALORE,12.97214,77.593735,26.56,0.5763,0.5408,0.6151,Low
WEST BANGALORE,12.971486,77.5715,26.56,0.5054,0.6029,0.5286,Low
SOUTH BANGALORE,12.936695,77.580086,26.56,0.5066,0.73,0.3333,Low
CENTRAL BANGALORE,12.967714,77.57795,26.55,0.5231,0.5635,0.5843,Low
CENTRAL BANGALORE,12.984378,77.60254,26.55,0.5789,0.7064,0.3715,Low
CENTRAL BANGALORE,12.947452,77.597046,26.55,0.594,0.5635,0.5843,Low
CENTRAL BANGALORE,12.968224,77.57127,26.53,0.5332,0.6029,0.5286,Low
CENTRAL BANGALORE,12.970849,77.59895,26.5,0.5296,0.7184,0.3521,Low
CENTRAL BANGALORE,12.968698,77.57795,26.5,0.5395,0.6029,0.5286,Low
CENTRAL BANGALORE,12.9748,77.6096,26.5,0.4982,0.8438,0.1393,Low
CENTRAL BANGALORE,12.98517,77.60363,26.5,0.5477,0.7064,0.3715,Low
CENTRAL BANGALORE,12.97315,77.60017,26.49,0.528,0.7624,0.2799,Low
CENTRAL BANGALORE,12.971207,77.576614,26.49,0.4809,0.6368,0.4788,Low
CENTRAL BANGALORE,12.949803,77.596306,26.49,0.5427,0.5635,0.5843,Low
CENTRAL BANGALORE,12.955567,77.58988,26.49,0.6136,0.5841,0.5556,Low
SOUTH BANGALORE,12.950464,77.598045,26.49,0.5226,0.5635,0.5843,Low
CENTRAL BANGALORE,12.980065,77.6027,26.48,0.5363,0.7725,0.263,Low
AIRPORT & PERIPHERAL ZONES,13.198696,77.7058,26.48,0.5001,0.5408,0.6151,Low
CENTRAL BANGALORE,12.962637,77.579155,26.47,0.5334,0.6368,0.4788,Low
CENTRAL BANGALORE,12.98354,77.611244,26.46,0.5761,0.73,0.3333,Low
CENTRAL BANGALORE,12.961906,77.58291,26.45,0.5526,0.6368,0.4788,Low
EAST BANGALORE,12.95374,77.695465,26.45,0.4888,0.5841,0.5556,Low
CENTRAL BANGALORE,12.968545,77.57877,26.44,0.5985,0.6029,0.5286,Low
WEST BANGALORE,12.976921,77.578094,26.44,0.4676,0.5408,0.6151,Low
LOGISTICS / HIGH TRAFFIC ZONES,12.916644,77.625374,26.43,0.6111,0.5635,0.5843,Low
CENTRAL BANGALORE,12.986115,77.60371,26.43,0.5825,0.6368,0.4788,Low
CENTRAL BANGALORE,12.986609,77.6049,26.43,0.6152,0.6368,0.4788,Low
SOUTHEAST / IT CORRIDOR,12.935514,77.61757,26.42,0.4353,0.7725,0.263,Low
CENTRAL BANGALORE,12.970593,77.57345,26.42,0.5014,0.6029,0.5286,Low
CENTRAL BANGALORE,12.968749,77.57652,26.42,0.5719,0.5635,0.5843,Low
CENTRAL BANGALORE,12.967314,77.58466,26.42,0.5798,0.6029,0.5286,Low
CENTRAL BANGALORE,12.958376,77.585976,26.42,0.5437,0.5408,0.6151,Low
CENTRAL BANGALORE,12.969933,77.577324,26.41,0.5155,0.6368,0.4788,Low
SOUTHEAST / IT CORRIDOR,12.920205,77.61673,26.41,0.5484,0.5408,0.6151,Low
CENTRAL BANGALORE,12.987227,77.60832,26.39,0.6349,0.6368,0.4788,Low
CENTRAL BANGALORE,12.962836,77.58152,26.39,0.5414,0.6368,0.4788,Low
CENTRAL BANGALORE,12.970273,77.56981,26.38,0.554,0.5635,0.5843,Low
SOUTH BANGALORE,12.932089,77.61345,26.38,0.5586,0.7918,0.2302,Low
SOUTHEAST / IT CORRIDOR,12.939448,77.628044,26.38,0.5576,0.5155,0.6486,Low
CENTRAL BANGALORE,12.976686,77.599266,26.37,0.5721,0.752,0.2973,Low
SOUTHEAST / IT CORRIDOR,12.939319,77.61803,26.37,0.4932,0.7064,0.3715,Low
SOUTH BANGALORE,12.930866,77.58014,26.37,0.5262,0.73,0.3333,Low
SOUTHEAST / IT CORRIDOR,12.935202,77.62847,26.37,0.5533,0.6029,0.5286,Low
WEST BANGALORE,12.972775,77.57734,26.36,0.4468,0.6029,0.5286,Low
CENTRAL BANGALORE,12.969839,77.57462,26.36,0.4541,0.6029,0.5286,Low
CENTRAL BANGALORE,12.96865,77.57155,26.36,0.5694,0.6029,0.5286,Low
CENTRAL BANGALORE,12.985801,77.60946,26.35,0.6032,0.6368,0.4788,Low
SOUTH BANGALORE,12.92534,77.61526,26.34,0.4433,0.7412,0.3151,Low
CENTRAL BANGALORE,12.997603,77.5863,26.34,0.6443,0.5408,0.6151,Low
CENTRAL BANGALORE,12.972002,77.57409,26.34,0.5272,0.6029,0.5286,Low
CENTRAL BANGALORE,12.972174,77.57667,26.34,0.5111,0.6029,0.5286,Low
SOUTHEAST / IT CORRIDOR,12.917451,77.62428,26.33,0.6194,0.5635,0.5843,Low
CENTRAL BANGALORE,12.970044,77.5769,26.33,0.5336,0.6368,0.4788,Low
NORTH BANGALORE,13.034587,77.5971,26.32,0.4714,0.6806,0.4121,Low
SOUTH BANGALORE,12.93672,77.57879,26.32,0.5328,0.73,0.3333,Low
AIRPORT & PERIPHERAL ZONES,13.198377,77.7084,26.32,0.5637,0.5408,0.6151,Low
EAST BANGALORE,12.9537,77.69428,26.31,0.5414,0.5408,0.6151,Low
SOUTH BANGALORE,12.946922,77.57914,26.31,0.5443,0.6205,0.5031,Low
CENTRAL BANGALORE,12.970492,77.576744,26.31,0.5029,0.6368,0.4788,Low
CENTRAL BANGALORE,12.960585,77.59811,26.31,0.6174,0.5408,0.6151,Low
SOUTHEAST / IT CORRIDOR,12.94128,77.618675,26.3,0.5126,0.6368,0.4788,Low
SOUTH BANGALORE,12.931093,77.57735,26.3,0.4959,0.73,0.3333,Low
CENTRAL BANGALORE,12.968509,77.57202,26.29,0.5129,0.6029,0.5286,Low
CENTRAL BANGALORE,12.985087,77.59775,26.28,0.5902,0.5635,0.5843,Low
CENTRAL BANGALORE,12.962505,77.56608,26.28,0.6329,0.5635,0.5843,Low
CENTRAL BANGALORE,12.95626,77.57736,26.28,0.5805,0.6668,0.4334,Low
SOUTH BANGALORE,12.923337,77.58589,26.28,0.5281,0.6368,0.4788,Low
EAST BANGALORE,12.978146,77.709915,26.27,0.5917,0.5408,0.6151,Low
SOUTH BANGALORE,12.929403,77.58315,26.27,0.4669,0.73,0.3333,Low
WEST BANGALORE,12.972265,77.5777,26.26,0.5041,0.6029,0.5286,Low
NORTH BANGALORE,13.036374,77.59821,26.26,0.4868,0.6806,0.4121,Low
CENTRAL BANGALORE,12.984326,77.60332,26.25,0.5981,0.7064,0.3715,Low
CENTRAL BANGALORE,12.972451,77.57715,26.24,0.4774,0.6029,0.5286,Low
CENTRAL BANGALORE,12.973594,77.56961,26.24,0.4595,0.6029,0.5286,Low
CENTRAL BANGALORE,13.049144,77.630585,26.24,0.4878,0.5408,0.6151,Low
CENTRAL BANGALORE,12.972179,77.59405,26.24,0.5422,0.5408,0.6151,Low
CENTRAL BANGALORE,12.981613,77.60826,26.22,0.5332,0.81,0.1988,Low
CENTRAL BANGALORE,12.964702,77.58282,26.22,0.5689,0.5635,0.5843,Low
SOUTH BANGALORE,12.930979,77.60893,26.21,0.5693,0.6806,0.4121,Low
SOUTH BANGALORE,12.923649,77.58807,26.2,0.5234,0.6368,0.4788,Low
CENTRAL BANGALORE,12.965959,77.58051,26.2,0.4947,0.5635,0.5843,Low
CENTRAL BANGALORE,12.972205,77.57505,26.2,0.4218,0.6029,0.5286,Low
CENTRAL BANGALORE,12.967508,77.58182,26.2,0.5383,0.6029,0.5286,Low
CENTRAL BANGALORE,12.969795,77.58167,26.19,0.5789,0.6029,0.5286,Low
CENTRAL BANGALORE,12.973632,77.610985,26.19,0.5267,0.801,0.2143,Low
CENTRAL BANGALORE,12.96596,77.58114,26.19,0.5127,0.5635,0.5843,Low
SOUTHEAST / IT CORRIDOR,12.85053,77.65081,26.19,0.5634,0.5635,0.5843,Low
CENTRAL BANGALORE,12.976555,77.599686,26.18,0.565,0.7725,0.263,Low
CENTRAL BANGALORE,13.051185,77.626884,26.18,0.5316,0.5841,0.5556,Low
CENTRAL BANGALORE,12.968517,77.57495,26.16,0.5144,0.6029,0.5286,Low
CENTRAL BANGALORE,12.969501,77.59739,26.16,0.4876,0.5841,0.5556,Low
CENTRAL BANGALORE,12.958087,77.57075,26.15,0.5715,0.6029,0.5286,Low
WEST BANGALORE,12.972206,77.575264,26.15,0.5061,0.6368,0.4788,Low
CENTRAL BANGALORE,12.976578,77.60183,26.14,0.5511,0.8273,0.1685,Low
CENTRAL BANGALORE,12.951118,77.60803,26.14,0.6252,0.5155,0.6486,Low
CENTRAL BANGALORE,12.961852,77.5667,26.13,0.5788,0.5635,0.5843,Low
CENTRAL BANGALORE,12.969488,77.57336,26.13,0.5535,0.6029,0.5286,Low
CENTRAL BANGALORE,12.951737,77.60234,26.13,0.5816,0.5635,0.5843,Low
CENTRAL BANGALORE,12.954835,77.577,26.12,0.5954,0.6205,0.5031,Low
CENTRAL BANGALORE,12.980976,77.59735,26.12,0.5416,0.5635,0.5843,Low
CENTRAL BANGALORE,12.972502,77.57408,26.12,0.4774,0.6029,0.5286,Low
CENTRAL BANGALORE,12.972095,77.58029,26.12,0.5025,0.5635,0.5843,Low
SOUTH BANGALORE,12.934682,77.609726,26.11,0.5227,0.6806,0.4121,Low
CENTRAL BANGALORE,12.970754,77.57675,26.11,0.4986,0.6368,0.4788,Low
NORTH BANGALORE,13.039087,77.59892,26.1,0.4859,0.6806,0.4121,Low
CENTRAL BANGALORE,12.971123,77.58301,26.1,0.5263,0.5635,0.5843,Low
CENTRAL BANGALORE,12.98197,77.55824,26.09,0.4888,0.5408,0.6151,Low
CENTRAL BANGALORE,12.97985,77.605446,26.09,0.5213,0.8273,0.1685,Low
SOUTHEAST / IT CORRIDOR,12.928275,77.622856,26.09,0.5071,0.8188,0.1835,Low
CENTRAL BANGALORE,12.985028,77.6118,26.09,0.6012,0.6368,0.4788,Low
CENTRAL BANGALORE,12.964782,77.58128,26.09,0.5292,0.5635,0.5843,Low
CENTRAL BANGALORE,12.957724,77.572014,26.09,0.626,0.6029,0.5286,Low
CENTRAL BANGALORE,12.971237,77.579254,26.08,0.4933,0.6029,0.5286,Low
CENTRAL BANGALORE,12.983458,77.61266,26.08,0.5623,0.73,0.3333,Low
CENTRAL BANGALORE,12.971433,77.59598,26.08,0.4825,0.5841,0.5556,Low
CENTRAL BANGALORE,12.971831,77.57107,26.08,0.5086,0.6029,0.5286,Low
SOUTH BANGALORE,12.934431,77.5907,26.07,0.5164,0.5635,0.5843,Low
CENTRAL BANGALORE,12.974372,77.611176,26.06,0.4394,0.801,0.2143,Low
CENTRAL BANGALORE,12.958366,77.57944,26.06,0.6206,0.6668,0.4334,Low
CENTRAL BANGALORE,12.979188,77.60245,26.06,0.5495,0.7918,0.2302,Low
CENTRAL BANGALORE,12.970959,77.57672,26.05,0.4347,0.6368,0.4788,Low
CENTRAL BANGALORE,12.977945,77.60666,26.05,0.531,0.8747,0.0838,Low
CENTRAL BANGALORE,12.984203,77.597046,26.05,0.5457,0.5635,0.5843,Low
CENTRAL BANGALORE,12.971612,77.58125,26.04,0.5281,0.5635,0.5843,Low
CENTRAL BANGALORE,12.982003,77.603935,26.04,0.5795,0.752,0.2973,Low
CENTRAL BANGALORE,12.96635,77.57863,26.04,0.5547,0.5635,0.5843,Low
CENTRAL BANGALORE,12.95412,77.58109,26.04,0.5973,0.5408,0.6151,Low
CENTRAL BANGALORE,12.96903,77.580505,26.03,0.4943,0.6029,0.5286,Low
CENTRAL BANGALORE,12.965751,77.57794,26.03,0.5812,0.5635,0.5843,Low
CENTRAL BANGALORE,12.970251,77.5829,26.03,0.4943,0.5635,0.5843,Low
CENTRAL BANGALORE,12.959498,77.602295,26.02,0.6123,0.5408,0.6151,Low
SOUTHEAST / IT CORRIDOR,12.921213,77.62014,26.02,0.4799,0.6522,0.4557,Low
CENTRAL BANGALORE,12.971963,77.57387,26.01,0.4928,0.6029,0.5286,Low
CENTRAL BANGALORE,12.972464,77.59779,26.01,0.5534,0.6668,0.4334,Low
CENTRAL BANGALORE,12.9696,77.58035,26.0,0.5072,0.6029,0.5286,Low
EAST BANGALORE,12.960547,77.70281,26.0,0.4611,0.6205,0.5031,Low
SOUTHEAST / IT CORRIDOR,12.911164,77.62645,26.0,0.4943,0.5635,0.5843,Low
CENTRAL BANGALORE,12.982283,77.60303,25.99,0.6064,0.7064,0.3715,Low
CENTRAL BANGALORE,13.05209,77.620705,25.99,0.5458,0.5841,0.5556,Low
SOUTH BANGALORE,12.945943,77.59555,25.99,0.5924,0.5635,0.5843,Low
CENTRAL BANGALORE,12.972258,77.593864,25.99,0.5716,0.5408,0.6151,Low
CENTRAL BANGALORE,12.985421,77.61179,25.99,0.606,0.6368,0.4788,Low
CENTRAL BANGALORE,12.992065,77.59998,25.99,0.5588,0.6029,0.5286,Low
CENTRAL BANGALORE,12.956478,77.57669,25.99,0.4931,0.6668,0.4334,Low
CENTRAL BANGALORE,12.993991,77.59285,25.98,0.6278,0.5408,0.6151,Low
CENTRAL BANGALORE,12.972425,77.577255,25.98,0.55,0.6029,0.5286,Low
CENTRAL BANGALORE,12.958943,77.57765,25.98,0.5132,0.6668,0.4334,Low
CENTRAL BANGALORE,12.96089,77.597626,25.98,0.5703,0.5408,0.6151,Low
CENTRAL BANGALORE,12.98533,77.60036,25.97,0.6087,0.6368,0.4788,Low
CENTRAL BANGALORE,12.971628,77.5973,25.97,0.5707,0.6668,0.4334,Low
CENTRAL BANGALORE,12.969051,77.5733,25.97,0.5116,0.6029,0.5286,Low
CENTRAL BANGALORE,12.960929,77.582954,25.96,0.6068,0.6368,0.4788,Low
CENTRAL BANGALORE,12.966178,77.58023,25.96,0.508,0.5635,0.5843,Low
SOUTHEAST / IT CORRIDOR,12.941386,77.61877,25.95,0.5378,0.6368,0.4788,Low
SOUTH BANGALORE,12.941124,77.57122,25.95,0.516,0.6668,0.4334,Low
SOUTHEAST / IT CORRIDOR,12.940486,77.620255,25.95,0.5614,0.6368,0.4788,Low
CENTRAL BANGALORE,12.966892,77.567505,25.95,0.6024,0.5155,0.6486,Low
EAST BANGALORE,12.958458,77.70218,25.94,0.5207,0.6522,0.4557,Low
CENTRAL BANGALORE,12.979877,77.576744,25.94,0.4915,0.5408,0.6151,Low
CENTRAL BANGALORE,12.971222,77.59775,25.94,0.5011,0.6668,0.4334,Low
SOUTH BANGALORE,12.939799,77.5726,25.94,0.5642,0.6668,0.4334,Low
CENTRAL BANGALORE,12.988788,77.60305,25.94,0.5761,0.6368,0.4788,Low
CENTRAL BANGALORE,12.969755,77.57617,25.94,0.4725,0.6029,0.5286,Low
CENTRAL BANGALORE,12.985335,77.60702,25.93,0.5966,0.7064,0.3715,Low
CENTRAL BANGALORE,12.951617,77.59066,25.93,0.5005,0.5841,0.5556,Low
WEST BANGALORE,12.970893,77.57369,25.93,0.5124,0.6029,0.5286,Low
CENTRAL BANGALORE,12.983223,77.60638,25.92,0.6073,0.7064,0.3715,Low
WEST BANGALORE,12.995061,77.55405,25.92,0.5149,0.6205,0.5031,Low
CENTRAL BANGALORE,12.989225,77.60215,25.92,0.6328,0.6368,0.4788,Low
EAST BANGALORE,12.971136,77.64128,25.92,0.4386,0.7725,0.263,Low
CENTRAL BANGALORE,12.96995,77.57792,25.91,0.4869,0.6029,0.5286,Low
WEST BANGALORE,13.000087,77.54435,25.91,0.5608,0.5408,0.6151,Low
CENTRAL BANGALORE,12.969573,77.57163,25.9,0.5162,0.6029,0.5286,Low
WEST BANGALORE,12.972046,77.57445,25.87,0.4782,0.6029,0.5286,Low
CENTRAL BANGALORE,12.993806,77.57148,25.87,0.4099,0.5841,0.5556,Low
CENTRAL BANGALORE,12.969349,77.57069,25.86,0.5286,0.6029,0.5286,Low
SOUTH BANGALORE,12.935128,77.5849,25.85,0.5405,0.6029,0.5286,Low
CENTRAL BANGALORE,12.985603,77.60103,25.84,0.5734,0.6368,0.4788,Low
CENTRAL BANGALORE,12.98534,77.600716,25.84,0.5863,0.6368,0.4788,Low
SOUTHEAST / IT CORRIDOR,12.936877,77.62761,25.83,0.5632,0.5635,0.5843,Low
CENTRAL BANGALORE,12.964112,77.58093,25.83,0.5196,0.5635,0.5843,Low
CENTRAL BANGALORE,12.970195,77.57351,25.81,0.4969,0.6029,0.5286,Low
CENTRAL BANGALORE,12.978619,77.60685,25.81,0.57,0.8747,0.0838,Low
CENTRAL BANGALORE,12.980055,77.60739,25.81,0.5584,0.8438,0.1393,Low
CENTRAL BANGALORE,12.971363,77.57765,25.8,0.4953,0.6368,0.4788,Low
SOUTHEAST / IT CORRIDOR,12.917324,77.61062,25.8,0.5401,0.6368,0.4788,Low
CENTRAL BANGALORE,12.969198,77.56823,25.8,0.5542,0.5635,0.5843,Low
SOUTHEAST / IT CORRIDOR,12.936346,77.6245,25.79,0.5119,0.6938,0.3914,Low
CENTRAL BANGALORE,12.986926,77.55728,25.79,0.5918,0.5408,0.6151,Low
WEST BANGALORE,12.97331,77.577576,25.78,0.478,0.6029,0.5286,Low
CENTRAL BANGALORE,12.971123,77.57734,25.78,0.4805,0.6368,0.4788,Low
CENTRAL BANGALORE,12.993036,77.58958,25.78,0.556,0.5408,0.6151,Low
CENTRAL BANGALORE,12.957536,77.58306,25.77,0.5707,0.5841,0.5556,Low
CENTRAL BANGALORE,12.959703,77.58363,25.77,0.618,0.5408,0.6151,Low
CENTRAL BANGALORE,12.97214,77.57494,25.77,0.449,0.6029,0.5286,Low
CENTRAL BANGALORE,12.958604,77.58013,25.77,0.5935,0.6668,0.4334,Low
CENTRAL BANGALORE,12.995416,77.574554,25.76,0.5263,0.5841,0.5556,Low
SOUTHEAST / IT CORRIDOR,12.916605,77.612206,25.76,0.486,0.6368,0.4788,Low
CENTRAL BANGALORE,12.969055,77.58036,25.75,0.5614,0.6029,0.5286,Low
CENTRAL BANGALORE,12.973795,77.613365,25.74,0.4953,0.7823,0.2464,Low
CENTRAL BANGALORE,12.957069,77.57745,25.73,0.5521,0.6668,0.4334,Low
SOUTHEAST / IT CORRIDOR,12.932273,77.62466,25.73,0.4275,0.8188,0.1835,Low
CENTRAL BANGALORE,12.965852,77.57372,25.73,0.5596,0.6029,0.5286,Low
CENTRAL BANGALORE,12.986128,77.60165,25.73,0.6335,0.6368,0.4788,Low
SOUTH BANGALORE,12.936604,77.61356,25.72,0.5241,0.752,0.2973,Low
CENTRAL BANGALORE,12.967141,77.58162,25.72,0.5495,0.6029,0.5286,Low
SOUTHEAST / IT CORRIDOR,12.92066,77.60399,25.72,0.5342,0.5155,0.6486,Low
CENTRAL BANGALORE,12.972379,77.59382,25.71,0.5631,0.5408,0.6151,Low
CENTRAL BANGALORE,12.967063,77.57653,25.7,0.5222,0.5635,0.5843,Low
CENTRAL BANGALORE,12.965217,77.5726,25.7,0.5499,0.6029,0.5286,Low
CENTRAL BANGALORE,12.989225,77.60215,25.7,0.569,0.6368,0.4788,Low
CENTRAL BANGALORE,12.985443,77.601135,25.69,0.5431,0.6368,0.4788,Low
CENTRAL BANGALORE,12.963653,77.572174,25.69,0.6079,0.6029,0.5286,Low
SOUTHEAST / IT CORRIDOR,12.924394,77.62122,25.69,0.5263,0.7064,0.3715,Low
CENTRAL BANGALORE,12.978693,77.60694,25.69,0.55,0.8747,0.0838,Low
CENTRAL BANGALORE,12.974005,77.57182,25.68,0.4368,0.6029,0.5286,Low
CENTRAL BANGALORE,12.972972,77.56983,25.68,0.4693,0.6029,0.5286,Low
CENTRAL BANGALORE,12.988447,77.60268,25.68,0.611,0.6368,0.4788,Low
CENTRAL BANGALORE,12.987878,77.60226,25.68,0.6067,0.6368,0.4788,Low
CENTRAL BANGALORE,12.965416,77.58469,25.68,0.5343,0.5635,0.5843,Low
CENTRAL BANGALORE,12.948664,77.5962,25.67,0.6019,0.5635,0.5843,Low
CENTRAL BANGALORE,12.958441,77.578545,25.66,0.5478,0.6668,0.4334,Low
CENTRAL BANGALORE,12.985556,77.60483,25.66,0.642,0.7064,0.3715,Low
SOUTH BANGALORE,12.940606,77.575356,25.66,0.5161,0.6668,0.4334,Low
CENTRAL BANGALORE,12.964616,77.56623,25.65,0.5538,0.5635,0.5843,Low
LOGISTICS / HIGH TRAFFIC ZONES,12.916347,77.61789,25.65,0.429,0.5841,0.5556,Low
CENTRAL BANGALORE,12.985972,77.60048,25.64,0.6034,0.6368,0.4788,Low
CENTRAL BANGALORE,12.955765,77.58498,25.64,0.5124,0.5408,0.6151,Low
CENTRAL BANGALORE,12.992542,77.59337,25.63,0.5753,0.5408,0.6151,Low
CENTRAL BANGALORE,12.969755,77.57895,25.63,0.5693,0.6029,0.5286,Low
CENTRAL BANGALORE,12.964591,77.57343,25.63,0.568,0.6029,0.5286,Low
AIRPORT & PERIPHERAL ZONES,13.198724,77.707466,25.63,0.5287,0.5408,0.6151,Low
CENTRAL BANGALORE,12.968057,77.57247,25.62,0.5343,0.6029,0.5286,Low
CENTRAL BANGALORE,12.986738,77.59436,25.62,0.6296,0.5155,0.6486,Low
CENTRAL BANGALORE,12.952381,77.58179,25.62,0.5749,0.5408,0.6151,Low
CENTRAL BANGALORE,12.985239,77.6009,25.61,0.5541,0.6368,0.4788,Low
SOUTHEAST / IT CORRIDOR,12.839218,77.655464,25.6,0.5288,0.5635,0.5843,Low
SOUTH BANGALORE,12.903883,77.58136,25.6,0.5478,0.5408,0.6151,Low
CENTRAL BANGALORE,12.965056,77.58238,25.6,0.5807,0.5635,0.5843,Low
CENTRAL BANGALORE,12.962606,77.5722,25.59,0.6148,0.6029,0.5286,Low
CENTRAL BANGALORE,12.992337,77.59365,25.59,0.4836,0.5408,0.6151,Low
LOGISTICS / HIGH TRAFFIC ZONES,12.969261,77.74689,25.59,0.4861,0.7412,0.3151,Low
CENTRAL BANGALORE,12.968757,77.57864,25.59,0.4619,0.6029,0.5286,Low
CENTRAL BANGALORE,12.954888,77.58009,25.59,0.5866,0.6205,0.5031,Low
WEST BANGALORE,12.996647,77.546326,25.58,0.5951,0.5841,0.5556,Low
CENTRAL BANGALORE,12.984071,77.61342,25.57,0.6213,0.6368,0.4788,Low
CENTRAL BANGALORE,12.971991,77.574974,25.57,0.4365,0.6029,0.5286,Low
CENTRAL BANGALORE,12.980601,77.628265,25.56,0.5934,0.5155,0.6486,Low
CENTRAL BANGALORE,12.967613,77.580605,25.55,0.5108,0.6029,0.5286,Low
CENTRAL BANGALORE,12.970293,77.57597,25.55,0.487,0.6029,0.5286,Low
CENTRAL BANGALORE,12.983594,77.6118,25.54,0.5705,0.73,0.3333,Low
CENTRAL BANGALORE,12.971359,77.57549,25.54,0.5145,0.6029,0.5286,Low
EAST BANGALORE,12.97818,77.64082,25.54,0.4063,0.8356,0.1538,Low
CENTRAL BANGALORE,12.971856,77.578835,25.54,0.4607,0.6029,0.5286,Low
CENTRAL BANGALORE,12.970042,77.5709,25.53,0.4844,0.5635,0.5843,Low
CENTRAL BANGALORE,12.972057,77.57945,25.52,0.5459,0.6029,0.5286,Low
CENTRAL BANGALORE,12.961126,77.57835,25.52,0.5509,0.6668,0.4334,Low
CENTRAL BANGALORE,12.965032,77.58349,25.52,0.5949,0.5635,0.5843,Low
CENTRAL BANGALORE,12.976578,77.60179,25.52,0.545,0.8273,0.1685,Low
CENTRAL BANGALORE,12.97214,77.5711,25.51,0.5051,0.6029,0.5286,Low
SOUTHEAST / IT CORRIDOR,12.839051,77.65645,25.51,0.541,0.5635,0.5843,Low
AIRPORT & PERIPHERAL ZONES,13.198833,77.70607,25.51,0.5283,0.5408,0.6151,Low
SOUTH BANGALORE,12.943949,77.60633,25.5,0.5716,0.6205,0.5031,Low
CENTRAL BANGALORE,12.971752,77.5705,25.5,0.4699,0.6029,0.5286,Low
CENTRAL BANGALORE,12.98926,77.59954,25.49,0.6219,0.5635,0.5843,Low
CENTRAL BANGALORE,12.984323,77.59708,25.49,0.5545,0.5635,0.5843,Low
CENTRAL BANGALORE,12.950561,77.58001,25.48,0.5832,0.5408,0.6151,Low
CENTRAL BANGALORE,12.978028,77.60673,25.46,0.5378,0.8747,0.0838,Low
CENTRAL BANGALORE,12.961517,77.584076,25.45,0.6013,0.5408,0.6151,Low
CENTRAL BANGALORE,13.049127,77.62866,25.44,0.4748,0.5841,0.5556,Low
CENTRAL BANGALORE,12.98554,77.60035,25.43,0.6312,0.6368,0.4788,Low
CENTRAL BANGALORE,12.975618,77.597916,25.43,0.5082,0.7064,0.3715,Low
CENTRAL BANGALORE,12.96242,77.58273,25.43,0.6225,0.6368,0.4788,Low
SOUTHEAST / IT CORRIDOR,12.909755,77.63983,25.43,0.5273,0.6368,0.4788,Low
SOUTHEAST / IT CORRIDOR,12.939546,77.622925,25.41,0.5013,0.6029,0.5286,Low
NORTH BANGALORE,13.005421,77.574776,25.41,0.4798,0.5841,0.5556,Low
CENTRAL BANGALORE,12.968019,77.57802,25.41,0.535,0.5635,0.5843,Low
CENTRAL BANGALORE,12.972189,77.57029,25.4,0.4596,0.6029,0.5286,Low
CENTRAL BANGALORE,12.984812,77.60913,25.4,0.5868,0.7064,0.3715,Low
CENTRAL BANGALORE,12.957805,77.57754,25.39,0.5389,0.6668,0.4334,Low
SOUTH BANGALORE,12.94508,77.59497,25.39,0.603,0.5635,0.5843,Low
CENTRAL BANGALORE,12.971781,77.57756,25.39,0.4762,0.6368,0.4788,Low
SOUTHEAST / IT CORRIDOR,12.909246,77.640816,25.39,0.5273,0.6368,0.4788,Low
CENTRAL BANGALORE,12.988625,77.607506,25.38,0.5996,0.6368,0.4788,Low
EAST BANGALORE,12.938091,77.69775,25.38,0.5799,0.6029,0.5286,Low
CENTRAL BANGALORE,12.969327,77.58264,25.37,0.5257,0.6029,0.5286,Low
CENTRAL BANGALORE,12.985363,77.60234,25.36,0.5679,0.6368,0.4788,Low
CENTRAL BANGALORE,12.962574,77.582375,25.36,0.5924,0.6368,0.4788,Low
CENTRAL BANGALORE,12.964308,77.58402,25.35,0.5477,0.5635,0.5843,Low
CENTRAL BANGALORE,12.954588,77.58912,25.35,0.511,0.5408,0.6151,Low
SOUTHEAST / IT CORRIDOR,12.912194,77.60893,25.33,0.4749,0.6668,0.4334,Low
SOUTHEAST / IT CORRIDOR,12.913049,77.604004,25.33,0.4774,0.5635,0.5843,Low
CENTRAL BANGALORE,12.97171,77.576454,25.32,0.5051,0.6368,0.4788,Low
CENTRAL BANGALORE,12.955165,77.58006,25.31,0.5071,0.6205,0.5031,Low
CENTRAL BANGALORE,12.972117,77.57734,25.31,0.4687,0.6029,0.5286,Low
CENTRAL BANGALORE,12.978619,77.60685,25.31,0.5259,0.8747,0.0838,Low
CENTRAL BANGALORE,13.052431,77.62592,25.31,0.5198,0.5841,0.5556,Low
CENTRAL BANGALORE,12.970703,77.57117,25.31,0.4943,0.5635,0.5843,Low
SOUTHEAST / IT CORRIDOR,12.91904,77.60531,25.31,0.5555,0.5635,0.5843,Low
SOUTH BANGALORE,12.921724,77.58453,25.31,0.4685,0.6368,0.4788,Low
SOUTH BANGALORE,12.930788,77.578926,25.3,0.4651,0.73,0.3333,Low
CENTRAL BANGALORE,12.987458,77.60651,25.3,0.6496,0.6368,0.4788,Low
CENTRAL BANGALORE,12.956139,77.58368,25.3,0.5879,0.5408,0.6151,Low
SOUTH BANGALORE,12.924398,77.58252,25.29,0.4622,0.6368,0.4788,Low
NORTH BANGALORE,13.044042,77.62626,25.28,0.4168,0.5841,0.5556,Low
CENTRAL BANGALORE,12.979706,77.60363,25.28,0.5537,0.81,0.1988,Low
AIRPORT & PERIPHERAL ZONES,13.198452,77.70937,25.28,0.5686,0.5408,0.6151,Low
CENTRAL BANGALORE,12.965296,77.578995,25.27,0.5133,0.5635,0.5843,Low
EAST BANGALORE,12.979971,77.639915,25.27,0.4643,0.8356,0.1538,Low
CENTRAL BANGALORE,12.966853,77.58287,25.27,0.5628,0.6029,0.5286,Low
LOGISTICS / HIGH TRAFFIC ZONES,12.92297,77.62363,25.26,0.4564,0.6806,0.4121,Low
CENTRAL BANGALORE,12.954888,77.58009,25.26,0.6152,0.6205,0.5031,Low
CENTRAL BANGALORE,12.992381,77.592705,25.26,0.5544,0.5408,0.6151,Low
SOUTH BANGALORE,12.929058,77.56399,25.25,0.4351,0.6029,0.5286,Low
CENTRAL BANGALORE,12.971729,77.58042,25.25,0.5761,0.5635,0.5843,Low
CENTRAL BANGALORE,12.985035,77.60195,25.25,0.6704,0.6368,0.4788,Low
WEST BANGALORE,12.993003,77.541565,25.24,0.522,0.5841,0.5556,Low
SOUTH BANGALORE,12.931723,77.60736,25.23,0.5563,0.6029,0.5286,Low
SOUTH BANGALORE,12.930588,77.584946,25.23,0.4939,0.6668,0.4334,Low
SOUTHEAST / IT CORRIDOR,12.92058,77.61608,25.22,0.5413,0.5408,0.6151,Low
SOUTHEAST / IT CORRIDOR,12.84818,77.65508,25.22,0.5279,0.6368,0.4788,Low
CENTRAL BANGALORE,12.973579,77.57519,25.21,0.4039,0.6368,0.4788,Low
WEST BANGALORE,12.971129,77.56908,25.21,0.522,0.6029,0.5286,Low
CENTRAL BANGALORE,12.95427,77.582275,25.21,0.6394,0.5408,0.6151,Low
CENTRAL BANGALORE,12.999421,77.574104,25.21,0.4574,0.5841,0.5556,Low
CENTRAL BANGALORE,12.956155,77.58018,25.2,0.5815,0.6205,0.5031,Low
CENTRAL BANGALORE,12.971435,77.57436,25.2,0.4681,0.6029,0.5286,Low
CENTRAL BANGALORE,12.970616,77.56958,25.2,0.4814,0.5635,0.5843,Low
CENTRAL BANGALORE,12.985335,77.60702,25.2,0.5859,0.7064,0.3715,Low
CENTRAL BANGALORE,12.956464,77.5847,25.19,0.532,0.5408,0.6151,Low
CENTRAL BANGALORE,12.96844,77.58055,25.19,0.5492,0.6029,0.5286,Low
CENTRAL BANGALORE,12.958324,77.58189,25.18,0.5452,0.5841,0.5556,Low
CENTRAL BANGALORE,12.972055,77.59385,25.18,0.5625,0.5408,0.6151,Low
CENTRAL BANGALORE,12.971219,77.57957,25.17,0.4868,0.6029,0.5286,Low
CENTRAL BANGALORE,12.960097,77.57072,25.17,0.5892,0.6029,0.5286,Low
CENTRAL BANGALORE,12.954827,77.58173,25.17,0.5606,0.5408,0.6151,Low
CENTRAL BANGALORE,12.971944,77.57675,25.16,0.5258,0.6368,0.4788,Low
CENTRAL BANGALORE,12.970599,77.57653,25.16,0.5283,0.6368,0.4788,Low
CENTRAL BANGALORE,12.999267,77.570984,25.16,0.4003,0.5841,0.5556,Low
CENTRAL BANGALORE,12.970343,77.6104,25.16,0.5101,0.801,0.2143,Low
CENTRAL BANGALORE,12.987375,77.60149,25.15,0.6583,0.6368,0.4788,Low
EAST BANGALORE,12.958911,77.7022,25.15,0.4946,0.6205,0.5031,Low
CENTRAL BANGALORE,12.997364,77.585266,25.14,0.5451,0.5408,0.6151,Low
CENTRAL BANGALORE,12.987313,77.60197,25.14,0.5913,0.6368,0.4788,Low
WEST BANGALORE,12.971578,77.57325,25.14,0.4171,0.6029,0.5286,Low
CENTRAL BANGALORE,12.951253,77.60349,25.14,0.574,0.5635,0.5843,Low
CENTRAL BANGALORE,12.967347,77.582634,25.14,0.5693,0.6029,0.5286,Low
CENTRAL BANGALORE,12.964978,77.60102,25.12,0.5565,0.5841,0.5556,Low
SOUTH BANGALORE,12.907045,77.58455,25.12,0.513,0.5408,0.6151,Low
CENTRAL BANGALORE,12.956874,77.578476,25.12,0.5516,0.6938,0.3914,Low
WEST BANGALORE,12.97213,77.578224,25.11,0.5116,0.6029,0.5286,Low
CENTRAL BANGALORE,13.001025,77.570305,25.11,0.4684,0.5841,0.5556,Low
CENTRAL BANGALORE,12.970566,77.57816,25.11,0.5228,0.6368,0.4788,Low
AIRPORT & PERIPHERAL ZONES,13.199076,77.70902,25.11,0.4815,0.5408,0.6151,Low
CENTRAL BANGALORE,12.969463,77.57222,25.09,0.4359,0.6029,0.5286,Low
CENTRAL BANGALORE,12.967585,77.581085,25.09,0.6015,0.6029,0.5286,Low
CENTRAL BANGALORE,12.984096,77.59878,25.09,0.5848,0.5635,0.5843,Low
CENTRAL BANGALORE,12.971873,77.59363,25.09,0.4943,0.5408,0.6151,Low
EAST BANGALORE,12.951566,77.69797,25.09,0.4905,0.6522,0.4557,Low
CENTRAL BANGALORE,12.969556,77.57716,25.09,0.5379,0.6368,0.4788,Low
CENTRAL BANGALORE,13.049481,77.62761,25.09,0.5797,0.5841,0.5556,Low
SOUTH BANGALORE,12.931768,77.610016,25.09,0.455,0.7064,0.3715,Low
CENTRAL BANGALORE,12.967917,77.57275,25.08,0.5254,0.5635,0.5843,Low
CENTRAL BANGALORE,12.977329,77.60813,25.07,0.5182,0.8747,0.0838,Low
CENTRAL BANGALORE,12.972326,77.576996,25.07,0.4796,0.6029,0.5286,Low
WEST BANGALORE,12.995805,77.54621,25.05,0.5262,0.5841,0.5556,Low
CENTRAL BANGALORE,12.986086,77.60142,25.05,0.5126,0.6368,0.4788,Low
CENTRAL BANGALORE,12.969579,77.571945,25.04,0.5189,0.6029,0.5286,Low
SOUTHEAST / IT CORRIDOR,12.923485,77.62041,25.03,0.5014,0.7064,0.3715,Low
CENTRAL BANGALORE,12.960449,77.575035,25.02,0.6025,0.6029,0.5286,Low
CENTRAL BANGALORE,12.966114,77.58349,25.02,0.5578,0.6029,0.5286,Low
CENTRAL BANGALORE,12.967615,77.577805,25.02,0.4638,0.5635,0.5843,Low
CENTRAL BANGALORE,12.993017,77.609276,25.0,0.5947,0.5635,0.5843,Low
SOUTHEAST / IT CORRIDOR,12.921091,77.60407,25.0,0.5892,0.5155,0.6486,Low
CENTRAL BANGALORE,12.96829,77.56319,24.99,0.5767,0.5155,0.6486,Low
CENTRAL BANGALORE,12.985213,77.60383,24.98,0.5957,0.7064,0.3715,Low
CENTRAL BANGALORE,12.975444,77.61384,24.97,0.5872,0.7823,0.2464,Low
CENTRAL BANGALORE,12.964476,77.573715,24.97,0.58,0.6029,0.5286,Low
WEST BANGALORE,12.998845,77.57223,24.96,0.4586,0.5841,0.5556,Low
CENTRAL BANGALORE,12.992622,77.59279,24.96,0.6009,0.5408,0.6151,Low
CENTRAL BANGALORE,12.988919,77.60196,24.96,0.5463,0.6368,0.4788,Low
CENTRAL BANGALORE,12.985302,77.59973,24.95,0.5972,0.5635,0.5843,Low
CENTRAL BANGALORE,12.971876,77.57543,24.95,0.4379,0.6029,0.5286,Low
CENTRAL BANGALORE,12.986283,77.60544,24.95,0.6037,0.6368,0.4788,Low
CENTRAL BANGALORE,12.970307,77.58212,24.95,0.5209,0.6029,0.5286,Low
SOUTH BANGALORE,12.926751,77.57888,24.95,0.5152,0.73,0.3333,Low
CENTRAL BANGALORE,12.957821,77.57923,24.94,0.5257,0.6668,0.4334,Low
CENTRAL BANGALORE,12.964914,77.5726,24.94,0.5477,0.6029,0.5286,Low
CENTRAL BANGALORE,12.969574,77.579216,24.94,0.4952,0.6029,0.5286,Low
CENTRAL BANGALORE,12.968778,77.57382,24.93,0.5444,0.6029,0.5286,Low
CENTRAL BANGALORE,12.974053,77.61116,24.93,0.4786,0.801,0.2143,Low
CENTRAL BANGALORE,12.979553,77.606285,24.92,0.5437,0.8438,0.1393,Low
CENTRAL BANGALORE,12.966356,77.57913,24.92,0.5551,0.5635,0.5843,Low
CENTRAL BANGALORE,12.969012,77.61291,24.92,0.5471,0.7823,0.2464,Low
CENTRAL BANGALORE,12.986049,77.60561,24.92,0.5602,0.6368,0.4788,Low
CENTRAL BANGALORE,13.049317,77.63039,24.91,0.5291,0.5408,0.6151,Low
AIRPORT & PERIPHERAL ZONES,13.197512,77.708984,24.91,0.5809,0.5408,0.6151,Low
SOUTHEAST / IT CORRIDOR,12.912915,77.60786,24.91,0.4759,0.6668,0.4334,Low
CENTRAL BANGALORE,12.967613,77.580605,24.91,0.4859,0.6029,0.5286,Low
SOUTHEAST / IT CORRIDOR,12.839499,77.659515,24.9,0.5496,0.5635,0.5843,Low
CENTRAL BANGALORE,12.969529,77.57455,24.9,0.4926,0.6029,0.5286,Low
CENTRAL BANGALORE,12.986031,77.60129,24.9,0.6206,0.6368,0.4788,Low
WEST BANGALORE,12.971831,77.57107,24.89,0.4507,0.6029,0.5286,Low
CENTRAL BANGALORE,12.961654,77.56627,24.89,0.6205,0.5635,0.5843,Low
CENTRAL BANGALORE,12.986359,77.60167,24.89,0.6323,0.6368,0.4788,Low
CENTRAL BANGALORE,12.969012,77.61291,24.88,0.5498,0.7823,0.2464,Low
CENTRAL BANGALORE,12.981728,77.60489,24.88,0.5771,0.7725,0.263,Low
CENTRAL BANGALORE,12.967385,77.573044,24.88,0.5023,0.5635,0.5843,Low
CENTRAL BANGALORE,12.958733,77.576805,24.88,0.6435,0.6668,0.4334,Low
CENTRAL BANGALORE,12.966139,77.58059,24.87,0.5328,0.5635,0.5843,Low
CENTRAL BANGALORE,12.982462,77.6001,24.87,0.639,0.7064,0.3715,Low
CENTRAL BANGALORE,12.972202,77.59427,24.87,0.5685,0.5408,0.6151,Low
CENTRAL BANGALORE,12.987465,77.60387,24.87,0.6184,0.6368,0.4788,Low
CENTRAL BANGALORE,12.95087,77.59557,24.87,0.5811,0.5635,0.5843,Low
SOUTHEAST / IT CORRIDOR,12.934357,77.61692,24.86,0.484,0.7918,0.2302,Low
CENTRAL BANGALORE,12.983358,77.60113,24.86,0.6206,0.7064,0.3715,Low
NORTH BANGALORE,13.039714,77.59461,24.85,0.4817,0.6806,0.4121,Low
CENTRAL BANGALORE,12.98424,77.597145,24.84,0.5086,0.5635,0.5843,Low
WEST BANGALORE,12.999099,77.57265,24.84,0.4072,0.5841,0.5556,Low
WEST BANGALORE,13.010822,77.55916,24.84,0.582,0.6029,0.5286,Low
EAST BANGALORE,12.966613,77.74691,24.83,0.4836,0.7412,0.3151,Low
CENTRAL BANGALORE,12.965573,77.58172,24.83,0.5464,0.5635,0.5843,Low
EAST BANGALORE,12.959979,77.702065,24.83,0.4496,0.6205,0.5031,Low
CENTRAL BANGALORE,12.966495,77.61395,24.83,0.5118,0.5841,0.5556,Low
SOUTH BANGALORE,12.924205,77.6094,24.82,0.5937,0.5155,0.6486,Low
EAST BANGALORE,12.939604,77.6978,24.82,0.5682,0.6029,0.5286,Low
CENTRAL BANGALORE,12.971252,77.57302,24.8,0.4582,0.6029,0.5286,Low
CENTRAL BANGALORE,12.972359,77.57694,24.8,0.4835,0.6029,0.5286,Low
SOUTH BANGALORE,12.926908,77.58815,24.8,0.5109,0.6668,0.4334,Low
SOUTHEAST / IT CORRIDOR,12.918477,77.611595,24.79,0.518,0.6029,0.5286,Low
CENTRAL BANGALORE,12.971233,77.575775,24.79,0.4953,0.6368,0.4788,Low
SOUTH BANGALORE,12.921202,77.58372,24.79,0.5676,0.6368,0.4788,Low
LOGISTICS / HIGH TRAFFIC ZONES,12.912113,77.644585,24.78,0.4633,0.6368,0.4788,Low
EAST BANGALORE,12.979937,77.63706,24.77,0.4307,0.8356,0.1538,Low
CENTRAL BANGALORE,12.991464,77.61186,24.77,0.51,0.6368,0.4788,Low
CENTRAL BANGALORE,12.956743,77.57743,24.76,0.5597,0.6668,0.4334,Low
CENTRAL BANGALORE,12.964396,77.58156,24.76,0.5459,0.5635,0.5843,Low
CENTRAL BANGALORE,12.964087,77.5668,24.76,0.5883,0.5635,0.5843,Low
SOUTH BANGALORE,12.934416,77.58119,24.75,0.5666,0.7064,0.3715,Low
SOUTH BANGALORE,12.872043,77.59715,24.74,0.5549,0.6368,0.4788,Low
CENTRAL BANGALORE,12.970248,77.570244,24.73,0.4899,0.5635,0.5843,Low
WEST BANGALORE,12.979156,77.5777,24.73,0.4746,0.5408,0.6151,Low
CENTRAL BANGALORE,12.970511,77.57781,24.72,0.4894,0.6368,0.4788,Low
CENTRAL BANGALORE,12.986323,77.610504,24.71,0.5551,0.6368,0.4788,Low
CENTRAL BANGALORE,12.968392,77.56859,24.71,0.532,0.5155,0.6486,Low
WEST BANGALORE,12.972101,77.5787,24.7,0.483,0.6029,0.5286,Low
CENTRAL BANGALORE,12.968806,77.57084,24.7,0.5674,0.6029,0.5286,Low
SOUTHEAST / IT CORRIDOR,12.919553,77.608215,24.7,0.5071,0.5635,0.5843,Low
CENTRAL BANGALORE,12.984697,77.60986,24.7,0.5298,0.7064,0.3715,Low
CENTRAL BANGALORE,12.955205,77.580025,24.69,0.5562,0.6205,0.5031,Low
CENTRAL BANGALORE,12.969401,77.57739,24.69,0.5531,0.6029,0.5286,Low
CENTRAL BANGALORE,12.96713,77.57337,24.69,0.5669,0.5635,0.5843,Low
SOUTHEAST / IT CORRIDOR,12.940472,77.622505,24.68,0.5268,0.5635,0.5843,Low
SOUTH BANGALORE,12.930903,77.57662,24.68,0.4767,0.73,0.3333,Low
CENTRAL BANGALORE,12.946425,77.59103,24.68,0.5938,0.6029,0.5286,Low
CENTRAL BANGALORE,12.971036,77.5775,24.68,0.5243,0.6368,0.4788,Low
CENTRAL BANGALORE,12.950097,77.59846,24.67,0.5978,0.5635,0.5843,Low
CENTRAL BANGALORE,12.968781,77.58323,24.65,0.5167,0.6029,0.5286,Low
CENTRAL BANGALORE,12.987061,77.608536,24.65,0.5555,0.6368,0.4788,Low
CENTRAL BANGALORE,12.96794,77.575066,24.64,0.5627,0.5635,0.5843,Low
CENTRAL BANGALORE,12.988136,77.61156,24.64,0.5866,0.6368,0.4788,Low
CENTRAL BANGALORE,12.987698,77.60324,24.62,0.5944,0.6368,0.4788,Low
CENTRAL BANGALORE,12.959764,77.57178,24.59,0.5732,0.6029,0.5286,Low
CENTRAL BANGALORE,12.993383,77.56805,24.58,0.5005,0.5408,0.6151,Low
CENTRAL BANGALORE,12.951437,77.580055,24.57,0.5781,0.5408,0.6151,Low
CENTRAL BANGALORE,12.973,77.58116,24.57,0.4646,0.5635,0.5843,Low
CENTRAL BANGALORE,12.978235,77.60538,24.56,0.5164,0.8747,0.0838,Low
SOUTH BANGALORE,12.925681,77.58491,24.56,0.4883,0.6668,0.4334,Low
SOUTH BANGALORE,12.903744,77.57991,24.56,0.5841,0.5408,0.6151,Low
CENTRAL BANGALORE,12.97355,77.56988,24.56,0.5074,0.6029,0.5286,Low
CENTRAL BANGALORE,12.969394,77.57823,24.56,0.4942,0.6029,0.5286,Low
CENTRAL BANGALORE,12.98018,77.558624,24.55,0.4921,0.5408,0.6151,Low
EAST BANGALORE,12.960704,77.702095,24.55,0.5044,0.6205,0.5031,Low
CENTRAL BANGALORE,12.984707,77.61012,24.53,0.6004,0.7064,0.3715,Low
CENTRAL BANGALORE,12.973787,77.577934,24.53,0.4465,0.6029,0.5286,Low
EAST BANGALORE,12.938364,77.69781,24.53,0.5703,0.6029,0.5286,Low
CENTRAL BANGALORE,12.975978,77.61263,24.53,0.4998,0.8188,0.1835,Low
SOUTHEAST / IT CORRIDOR,12.937186,77.62057,24.53,0.4681,0.7184,0.3521,Low
CENTRAL BANGALORE,12.971446,77.57759,24.53,0.4825,0.6368,0.4788,Low
WEST BANGALORE,12.972587,77.5749,24.53,0.4905,0.6029,0.5286,Low
SOUTH BANGALORE,12.924191,77.57976,24.52,0.475,0.73,0.3333,Low
WEST BANGALORE,12.972319,77.57396,24.52,0.4855,0.6029,0.5286,Low
CENTRAL BANGALORE,12.971049,77.577156,24.51,0.4842,0.6368,0.4788,Low
CENTRAL BANGALORE,12.947258,77.59795,24.51,0.5928,0.5635,0.5843,Low
CENTRAL BANGALORE,12.994707,77.574974,24.5,0.509,0.5841,0.5556,Low
CENTRAL BANGALORE,12.972749,77.57112,24.5,0.4773,0.6029,0.5286,Low
SOUTH BANGALORE,12.927268,77.57693,24.49,0.5645,0.7064,0.3715,Low
CENTRAL BANGALORE,12.977459,77.61501,24.48,0.5647,0.7823,0.2464,Low
CENTRAL BANGALORE,12.988116,77.61026,24.48,0.5222,0.6368,0.4788,Low
WEST BANGALORE,13.003429,77.57126,24.47,0.4178,0.5408,0.6151,Low
CENTRAL BANGALORE,12.971571,77.56854,24.46,0.4562,0.6029,0.5286,Low
CENTRAL BANGALORE,12.980941,77.593704,24.46,0.5434,0.5635,0.5843,Low
SOUTHEAST / IT CORRIDOR,12.924202,77.61487,24.45,0.4903,0.5841,0.5556,Low
CENTRAL BANGALORE,12.967536,77.59304,24.45,0.6198,0.5408,0.6151,Low
CENTRAL BANGALORE,12.971027,77.57227,24.45,0.469,0.6029,0.5286,Low
CENTRAL BANGALORE,12.957923,77.57796,24.44,0.5718,0.6668,0.4334,Low
SOUTH BANGALORE,12.933035,77.580666,24.44,0.5556,0.73,0.3333,Low
CENTRAL BANGALORE,12.986129,77.60705,24.43,0.5855,0.6368,0.4788,Low
CENTRAL BANGALORE,12.957775,77.588135,24.43,0.598,0.5408,0.6151,Low
CENTRAL BANGALORE,12.970044,77.5769,24.43,0.4891,0.6368,0.4788,Low
CENTRAL BANGALORE,12.968281,77.58129,24.42,0.5262,0.6029,0.5286,Low
CENTRAL BANGALORE,12.971407,77.578545,24.42,0.5172,0.6368,0.4788,Low
CENTRAL BANGALORE,12.986535,77.60668,24.41,0.596,0.6368,0.4788,Low
CENTRAL BANGALORE,12.969652,77.57598,24.41,0.4973,0.6029,0.5286,Low
CENTRAL BANGALORE,12.969463,77.57222,24.41,0.4389,0.6029,0.5286,Low
CENTRAL BANGALORE,12.966044,77.58195,24.41,0.5181,0.5635,0.5843,Low
CENTRAL BANGALORE,12.968153,77.581024,24.4,0.4442,0.6029,0.5286,Low
CENTRAL BANGALORE,12.979565,77.609604,24.4,0.5094,0.8747,0.0838,Low
CENTRAL BANGALORE,12.966969,77.57854,24.4,0.5346,0.5635,0.5843,Low
CENTRAL BANGALORE,12.957808,77.582016,24.38,0.5728,0.5841,0.5556,Low
CENTRAL BANGALORE,12.955864,77.57523,24.37,0.5754,0.6668,0.4334,Low
SOUTH BANGALORE,12.930842,77.58253,24.37,0.6008,0.73,0.3333,Low
AIRPORT & PERIPHERAL ZONES,13.198717,77.708916,24.37,0.5816,0.5408,0.6151,Low
CENTRAL BANGALORE,12.985027,77.60446,24.36,0.5587,0.7064,0.3715,Low
CENTRAL BANGALORE,12.962017,77.577675,24.36,0.5082,0.6029,0.5286,Low
SOUTHEAST / IT CORRIDOR,12.921226,77.61107,24.36,0.5453,0.6029,0.5286,Low
CENTRAL BANGALORE,12.989785,77.6067,24.36,0.5354,0.6368,0.4788,Low
WEST BANGALORE,12.971592,77.57071,24.34,0.4461,0.6029,0.5286,Low
CENTRAL BANGALORE,12.954799,77.58206,24.34,0.4981,0.5408,0.6151,Low
SOUTHEAST / IT CORRIDOR,12.913993,77.61007,24.33,0.4531,0.6668,0.4334,Low
CENTRAL BANGALORE,12.98836,77.60194,24.33,0.6019,0.6368,0.4788,Low
CENTRAL BANGALORE,12.991704,77.608315,24.33,0.5588,0.6368,0.4788,Low
CENTRAL BANGALORE,12.983043,77.60585,24.31,0.6272,0.7064,0.3715,Low
CENTRAL BANGALORE,12.98563,77.601166,24.31,0.5636,0.6368,0.4788,Low
CENTRAL BANGALORE,12.970577,77.577705,24.31,0.5123,0.6368,0.4788,Low
CENTRAL BANGALORE,12.984009,77.60924,24.3,0.5246,0.7064,0.3715,Low
CENTRAL BANGALORE,12.965623,77.58387,24.3,0.5058,0.5635,0.5843,Low
CENTRAL BANGALORE,12.972112,77.57347,24.3,0.5093,0.6029,0.5286,Low
CENTRAL BANGALORE,12.971963,77.57387,24.3,0.4691,0.6029,0.5286,Low
CENTRAL BANGALORE,12.965648,77.5808,24.29,0.4888,0.5635,0.5843,Low
SOUTH BANGALORE,12.929092,77.56617,24.29,0.4578,0.6029,0.5286,Low
CENTRAL BANGALORE,12.967808,77.583664,24.29,0.5861,0.6029,0.5286,Low
CENTRAL BANGALORE,12.973253,77.572716,24.29,0.3936,0.6029,0.5286,Low
CENTRAL BANGALORE,12.972904,77.581406,24.28,0.4497,0.5635,0.5843,Low
CENTRAL BANGALORE,12.96946,77.57655,24.28,0.5316,0.6029,0.5286,Low
CENTRAL BANGALORE,12.985319,77.60153,24.28,0.6622,0.6368,0.4788,Low
CENTRAL BANGALORE,12.957367,77.587296,24.27,0.523,0.5408,0.6151,Low
SOUTHEAST / IT CORRIDOR,12.849431,77.65052,24.27,0.5366,0.5155,0.6486,Low
CENTRAL BANGALORE,12.974532,77.614105,24.27,0.5041,0.7823,0.2464,Low
CENTRAL BANGALORE,12.969542,77.574974,24.27,0.4902,0.6029,0.5286,Low
CENTRAL BANGALORE,12.986862,77.59821,24.26,0.5744,0.5635,0.5843,Low
CENTRAL BANGALORE,12.981882,77.59707,24.25,0.5806,0.5635,0.5843,Low
CENTRAL BANGALORE,12.960883,77.59724,24.24,0.6012,0.5408,0.6151,Low
CENTRAL BANGALORE,12.964703,77.583046,24.24,0.553,0.5635,0.5843,Low
CENTRAL BANGALORE,12.972502,77.57408,24.24,0.4786,0.6029,0.5286,Low
SOUTH BANGALORE,12.924431,77.578865,24.23,0.5536,0.73,0.3333,Low
WEST BANGALORE,12.97703,77.57692,24.23,0.407,0.5408,0.6151,Low
CENTRAL BANGALORE,12.986165,77.60849,24.22,0.6218,0.6368,0.4788,Low
SOUTHEAST / IT CORRIDOR,12.932585,77.63051,24.22,0.4944,0.5841,0.5556,Low
CENTRAL BANGALORE,12.994351,77.56928,24.22,0.4644,0.5841,0.5556,Low
CENTRAL BANGALORE,12.972455,77.57828,24.21,0.5265,0.6029,0.5286,Low
CENTRAL BANGALORE,12.986644,77.608154,24.21,0.5669,0.6368,0.4788,Low
CENTRAL BANGALORE,12.96399,77.582275,24.21,0.4683,0.5635,0.5843,Low
CENTRAL BANGALORE,12.979513,77.57654,24.2,0.4918,0.5408,0.6151,Low
LOGISTICS / HIGH TRAFFIC ZONES,12.976813,77.75481,24.19,0.4962,0.6029,0.5286,Low
CENTRAL BANGALORE,12.955729,77.58055,24.18,0.5345,0.6205,0.5031,Low
CENTRAL BANGALORE,12.974167,77.572624,24.17,0.4541,0.6029,0.5286,Low
CENTRAL BANGALORE,12.996082,77.58866,24.17,0.567,0.5408,0.6151,Low
CENTRAL BANGALORE,12.989318,77.61272,24.16,0.5231,0.6368,0.4788,Low
AIRPORT & PERIPHERAL ZONES,13.198304,77.70959,24.15,0.5125,0.5408,0.6151,Low
CENTRAL BANGALORE,12.979135,77.57635,24.15,0.4447,0.5408,0.6151,Low
CENTRAL BANGALORE,12.964986,77.58161,24.15,0.5108,0.5635,0.5843,Low
CENTRAL BANGALORE,12.967422,77.57115,24.14,0.6045,0.5635,0.5843,Low
CENTRAL BANGALORE,12.965967,77.58341,24.14,0.6196,0.5635,0.5843,Low
CENTRAL BANGALORE,12.988047,77.60705,24.13,0.5526,0.6368,0.4788,Low
EAST BANGALORE,12.972906,77.64692,24.13,0.5475,0.7064,0.3715,Low
WEST BANGALORE,13.012873,77.560875,24.13,0.5298,0.5635,0.5843,Low
AIRPORT & PERIPHERAL ZONES,13.198528,77.706894,24.13,0.5439,0.5408,0.6151,Low
CENTRAL BANGALORE,13.050258,77.63147,24.12,0.5103,0.5408,0.6151,Low
CENTRAL BANGALORE,12.970072,77.583084,24.11,0.5267,0.5635,0.5843,Low
CENTRAL BANGALORE,12.969349,77.57069,24.1,0.5135,0.6029,0.5286,Low
CENTRAL BANGALORE,12.986747,77.60847,24.1,0.54,0.6368,0.4788,Low
WEST BANGALORE,12.974751,77.57053,24.1,0.5183,0.6029,0.5286,Low
CENTRAL BANGALORE,12.959638,77.58142,24.09,0.5449,0.6368,0.4788,Low
CENTRAL BANGALORE,12.960321,77.57626,24.09,0.6139,0.6368,0.4788,Low
CENTRAL BANGALORE,12.968509,77.57202,24.09,0.5055,0.6029,0.5286,Low
NORTH BANGALORE,13.034755,77.59435,24.09,0.478,0.6806,0.4121,Low
CENTRAL BANGALORE,12.972114,77.57401,24.08,0.4744,0.6029,0.5286,Low
CENTRAL BANGALORE,12.971841,77.5795,24.08,0.4933,0.6029,0.5286,Low
WEST BANGALORE,12.994444,77.54577,24.07,0.5287,0.6205,0.5031,Low
CENTRAL BANGALORE,12.972143,77.57699,24.06,0.4598,0.6029,0.5286,Low
CENTRAL BANGALORE,12.965968,77.58445,24.06,0.5505,0.5635,0.5843,Low
WEST BANGALORE,12.993701,77.54932,24.06,0.533,0.5841,0.5556,Low
SOUTHEAST / IT CORRIDOR,12.920577,77.67021,24.05,0.6244,0.5408,0.6151,Low
CENTRAL BANGALORE,12.972012,77.57156,24.04,0.4445,0.6029,0.5286,Low
CENTRAL BANGALORE,12.977447,77.60818,24.04,0.4781,0.8747,0.0838,Low
CENTRAL BANGALORE,12.96974,77.5769,24.04,0.5059,0.6368,0.4788,Low
CENTRAL BANGALORE,12.972993,77.57131,24.03,0.4514,0.6029,0.5286,Low
CENTRAL BANGALORE,12.967548,77.57126,24.01,0.5114,0.5635,0.5843,Low
CENTRAL BANGALORE,12.970009,77.57459,24.01,0.4367,0.6029,0.5286,Low
CENTRAL BANGALORE,12.978078,77.60626,24.0,0.5051,0.8747,0.0838,Low
EAST BANGALORE,12.95709,77.7032,23.98,0.5008,0.6522,0.4557,Low
CENTRAL BANGALORE,12.964781,77.58018,23.97,0.5803,0.5635,0.5843,Low
SOUTH BANGALORE,12.933787,77.61092,23.97,0.4739,0.7064,0.3715,Low
CENTRAL BANGALORE,12.986326,77.60861,23.97,0.6279,0.6368,0.4788,Low
CENTRAL BANGALORE,12.964003,77.6113,23.96,0.5934,0.5408,0.6151,Low
CENTRAL BANGALORE,12.98599,77.60476,23.96,0.5891,0.6368,0.4788,Low
CENTRAL BANGALORE,12.950712,77.59586,23.95,0.5671,0.5635,0.5843,Low
WEST BANGALORE,12.973499,77.57429,23.95,0.5453,0.6029,0.5286,Low
CENTRAL BANGALORE,12.973042,77.5731,23.95,0.516,0.6029,0.5286,Low
CENTRAL BANGALORE,12.968234,77.57589,23.95,0.4672,0.5635,0.5843,Low
AIRPORT & PERIPHERAL ZONES,13.198646,77.711136,23.94,0.5303,0.5408,0.6151,Low
CENTRAL BANGALORE,12.993869,77.59526,23.94,0.5614,0.5408,0.6151,Low
CENTRAL BANGALORE,12.973455,77.57302,23.94,0.4959,0.6029,0.5286,Low
CENTRAL BANGALORE,12.969437,77.574326,23.93,0.4853,0.6029,0.5286,Low
CENTRAL BANGALORE,12.968345,77.580956,23.92,0.554,0.6029,0.5286,Low
CENTRAL BANGALORE,12.968316,77.57155,23.92,0.4982,0.6029,0.5286,Low
CENTRAL BANGALORE,12.959909,77.58273,23.92,0.5182,0.6368,0.4788,Low
CENTRAL BANGALORE,13.0535,77.625656,23.91,0.4997,0.5408,0.6151,Low
CENTRAL BANGALORE,12.960345,77.57767,23.9,0.5363,0.6668,0.4334,Low
SOUTH BANGALORE,12.945139,77.59679,23.89,0.479,0.5635,0.5843,Low
CENTRAL BANGALORE,12.987107,77.60742,23.89,0.6129,0.6368,0.4788,Low
SOUTHEAST / IT CORRIDOR,12.912063,77.61172,23.89,0.4955,0.5841,0.5556,Low
CENTRAL BANGALORE,12.953518,77.58027,23.88,0.5575,0.5408,0.6151,Low
CENTRAL BANGALORE,12.971383,77.57111,23.88,0.4309,0.6029,0.5286,Low
SOUTHEAST / IT CORRIDOR,12.914423,77.60559,23.88,0.4789,0.5635,0.5843,Low
CENTRAL BANGALORE,12.969537,77.594475,23.88,0.4949,0.5408,0.6151,Low
CENTRAL BANGALORE,12.959913,77.58426,23.88,0.6047,0.5408,0.6151,Low
CENTRAL BANGALORE,12.969331,77.573524,23.88,0.4884,0.6029,0.5286,Low
CENTRAL BANGALORE,12.981603,77.600426,23.87,0.608,0.7064,0.3715,Low
CENTRAL BANGALORE,12.970389,77.58099,23.87,0.5331,0.6029,0.5286,Low
CENTRAL BANGALORE,12.972798,77.57327,23.86,0.4682,0.6029,0.5286,Low
WEST BANGALORE,12.974225,77.57139,23.85,0.4677,0.6029,0.5286,Low
SOUTHEAST / IT CORRIDOR,12.922474,77.66868,23.83,0.5081,0.5408,0.6151,Low
SOUTH BANGALORE,12.929839,77.58174,23.83,0.536,0.73,0.3333,Low
SOUTHEAST / IT CORRIDOR,12.933808,77.61859,23.82,0.4631,0.8273,0.1685,Low
CENTRAL BANGALORE,12.967338,77.57985,23.81,0.4768,0.6029,0.5286,Low
CENTRAL BANGALORE,12.987982,77.601746,23.81,0.5772,0.6368,0.4788,Low
WEST BANGALORE,12.993222,77.54578,23.8,0.5345,0.6205,0.5031,Low
CENTRAL BANGALORE,12.966083,77.56761,23.8,0.5477,0.5155,0.6486,Low
CENTRAL BANGALORE,12.967029,77.58067,23.79,0.4822,0.6029,0.5286,Low
CENTRAL BANGALORE,12.972757,77.57408,23.79,0.5291,0.6029,0.5286,Low
CENTRAL BANGALORE,12.951824,77.60138,23.78,0.6154,0.5635,0.5843,Low
CENTRAL BANGALORE,12.966773,77.58301,23.78,0.5236,0.6029,0.5286,Low
CENTRAL BANGALORE,12.977748,77.60725,23.77,0.5102,0.8747,0.0838,Low
SOUTH BANGALORE,12.930531,77.58752,23.77,0.6268,0.6668,0.4334,Low
CENTRAL BANGALORE,12.954855,77.58298,23.76,0.6284,0.5408,0.6151,Low
WEST BANGALORE,12.972167,77.57911,23.76,0.4962,0.6029,0.5286,Low
CENTRAL BANGALORE,12.96572,77.5822,23.76,0.6064,0.5635,0.5843,Low
CENTRAL BANGALORE,12.989082,77.60391,23.74,0.6337,0.6368,0.4788,Low
CENTRAL BANGALORE,12.970876,77.57728,23.73,0.5106,0.6368,0.4788,Low
CENTRAL BANGALORE,12.982427,77.598,23.73,0.573,0.6029,0.5286,Low
CENTRAL BANGALORE,12.972624,77.57663,23.73,0.5055,0.6029,0.5286,Low
SOUTHEAST / IT CORRIDOR,12.916329,77.606384,23.73,0.5517,0.5635,0.5843,Low
WEST BANGALORE,13.006691,77.55608,23.73,0.6246,0.6029,0.5286,Low
SOUTHEAST / IT CORRIDOR,12.850836,77.6551,23.72,0.5427,0.6029,0.5286,Low
NORTH BANGALORE,13.036106,77.595894,23.72,0.4335,0.6806,0.4121,Low
SOUTHEAST / IT CORRIDOR,12.846794,77.65507,23.72,0.5671,0.6368,0.4788,Low
WEST BANGALORE,12.97112,77.56884,23.71,0.4733,0.5635,0.5843,Low
CENTRAL BANGALORE,12.966927,77.58275,23.7,0.554,0.6029,0.5286,Low
CENTRAL BANGALORE,12.970492,77.576744,23.68,0.4293,0.6368,0.4788,Low
CENTRAL BANGALORE,12.985321,77.60433,23.68,0.5588,0.7064,0.3715,Low
SOUTH BANGALORE,12.904167,77.58023,23.67,0.5817,0.5408,0.6151,Low
CENTRAL BANGALORE,12.970644,77.580246,23.67,0.5124,0.6029,0.5286,Low
CENTRAL BANGALORE,12.971116,77.582016,23.67,0.5234,0.5635,0.5843,Low
CENTRAL BANGALORE,12.967736,77.57081,23.66,0.5261,0.5635,0.5843,Low
CENTRAL BANGALORE,12.977789,77.60673,23.66,0.4727,0.8747,0.0838,Low
CENTRAL BANGALORE,12.98446,77.60072,23.66,0.5819,0.6368,0.4788,Low
CENTRAL BANGALORE,12.98644,77.60188,23.65,0.5114,0.6368,0.4788,Low
NORTH BANGALORE,13.037241,77.59122,23.64,0.4884,0.6806,0.4121,Low
CENTRAL BANGALORE,12.971276,77.58064,23.64,0.5148,0.5635,0.5843,Low
SOUTHEAST / IT CORRIDOR,12.936038,77.61721,23.63,0.4597,0.7725,0.263,Low
CENTRAL BANGALORE,12.960881,77.598206,23.63,0.6097,0.5408,0.6151,Low
CENTRAL BANGALORE,12.948636,77.59325,23.62,0.4988,0.5635,0.5843,Low
CENTRAL BANGALORE,12.970104,77.57419,23.62,0.4871,0.6029,0.5286,Low
CENTRAL BANGALORE,13.049023,77.63183,23.61,0.4796,0.5408,0.6151,Low
CENTRAL BANGALORE,12.990638,77.59925,23.6,0.599,0.6029,0.5286,Low
CENTRAL BANGALORE,12.969764,77.57219,23.6,0.5278,0.6029,0.5286,Low
CENTRAL BANGALORE,12.961889,77.578316,23.6,0.5916,0.6668,0.4334,Low
SOUTH BANGALORE,12.924886,77.588104,23.59,0.5105,0.6368,0.4788,Low
CENTRAL BANGALORE,12.985511,77.6055,23.59,0.5951,0.7064,0.3715,Low
SOUTH BANGALORE,12.931828,77.583885,23.59,0.551,0.73,0.3333,Low
WEST BANGALORE,12.994668,77.54903,23.59,0.5913,0.5841,0.5556,Low
CENTRAL BANGALORE,12.986007,77.60686,23.58,0.5477,0.6368,0.4788,Low
EAST BANGALORE,12.959503,77.70171,23.58,0.4547,0.6205,0.5031,Low
CENTRAL BANGALORE,12.971123,77.57734,23.58,0.5344,0.6368,0.4788,Low
CENTRAL BANGALORE,12.978752,77.604195,23.57,0.5309,0.8438,0.1393,Low
CENTRAL BANGALORE,12.971123,77.57734,23.57,0.4828,0.6368,0.4788,Low
CENTRAL BANGALORE,12.965957,77.584236,23.56,0.5777,0.5635,0.5843,Low
CENTRAL BANGALORE,12.969881,77.58326,23.56,0.5491,0.5635,0.5843,Low
CENTRAL BANGALORE,12.971568,77.57802,23.56,0.4763,0.6368,0.4788,Low
CENTRAL BANGALORE,12.970665,77.575134,23.56,0.4432,0.6029,0.5286,Low
SOUTH BANGALORE,12.930421,77.57966,23.55,0.4692,0.73,0.3333,Low
CENTRAL BANGALORE,12.984103,77.6037,23.55,0.5851,0.7064,0.3715,Low
WEST BANGALORE,12.971603,77.57721,23.54,0.5174,0.6368,0.4788,Low
CENTRAL BANGALORE,12.981385,77.59432,23.53,0.5378,0.5635,0.5843,Low
CENTRAL BANGALORE,12.951645,77.56994,23.53,0.5914,0.5408,0.6151,Low
CENTRAL BANGALORE,12.971864,77.57425,23.53,0.3742,0.6029,0.5286,Low
CENTRAL BANGALORE,12.978613,77.59849,23.52,0.5351,0.6522,0.4557,Low
CENTRAL BANGALORE,12.986743,77.611374,23.52,0.5532,0.6368,0.4788,Low
SOUTHEAST / IT CORRIDOR,12.921059,77.611694,23.51,0.5626,0.6029,0.5286,Low
CENTRAL BANGALORE,12.997644,77.571625,23.5,0.4737,0.5841,0.5556,Low
CENTRAL BANGALORE,12.967438,77.5774,23.5,0.5104,0.5635,0.5843,Low
CENTRAL BANGALORE,12.967522,77.59204,23.5,0.552,0.5408,0.6151,Low
CENTRAL BANGALORE,12.985188,77.60019,23.49,0.622,0.6368,0.4788,Low
CENTRAL BANGALORE,12.967347,77.582634,23.49,0.5618,0.6029,0.5286,Low
CENTRAL BANGALORE,12.969479,77.581116,23.49,0.5572,0.6029,0.5286,Low
CENTRAL BANGALORE,12.963036,77.57923,23.49,0.5859,0.6029,0.5286,Low
CENTRAL BANGALORE,12.955173,77.58716,23.48,0.5054,0.5408,0.6151,Low
CENTRAL BANGALORE,12.951225,77.59718,23.47,0.5176,0.5635,0.5843,Low
CENTRAL BANGALORE,12.984485,77.60359,23.47,0.5568,0.7064,0.3715,Low
CENTRAL BANGALORE,12.953868,77.58044,23.47,0.5628,0.5408,0.6151,Low
CENTRAL BANGALORE,12.986113,77.60736,23.46,0.6233,0.6368,0.4788,Low
CENTRAL BANGALORE,12.972643,77.574394,23.45,0.4772,0.6029,0.5286,Low
CENTRAL BANGALORE,12.976594,77.59929,23.45,0.5532,0.752,0.2973,Low
CENTRAL BANGALORE,12.985499,77.60123,23.45,0.5919,0.6368,0.4788,Low
CENTRAL BANGALORE,12.965788,77.5815,23.44,0.5464,0.5635,0.5843,Low
CENTRAL BANGALORE,12.970314,77.57392,23.44,0.4987,0.6029,0.5286,Low
CENTRAL BANGALORE,12.969734,77.58219,23.44,0.5928,0.6029,0.5286,Low
EAST BANGALORE,12.959154,77.702225,23.43,0.4468,0.6205,0.5031,Low
AIRPORT & PERIPHERAL ZONES,13.197752,77.70415,23.43,0.5014,0.5408,0.6151,Low
CENTRAL BANGALORE,12.982153,77.60345,23.43,0.6081,0.752,0.2973,Low
CENTRAL BANGALORE,12.976805,77.59643,23.43,0.5244,0.6522,0.4557,Low
WEST BANGALORE,12.971237,77.579254,23.43,0.4333,0.6029,0.5286,Low
CENTRAL BANGALORE,12.972451,77.57715,23.43,0.4591,0.6029,0.5286,Low
CENTRAL BANGALORE,12.949434,77.59639,23.42,0.6401,0.5635,0.5843,Low
CENTRAL BANGALORE,12.978752,77.604195,23.42,0.5139,0.8438,0.1393,Low
WEST BANGALORE,12.973664,77.57286,23.41,0.4393,0.6029,0.5286,Low
SOUTHEAST / IT CORRIDOR,12.937185,77.62512,23.41,0.5228,0.6368,0.4788,Low
CENTRAL BANGALORE,12.970341,77.57793,23.4,0.4907,0.6368,0.4788,Low
CENTRAL BANGALORE,12.975383,77.614426,23.38,0.5124,0.7624,0.2799,Low
CENTRAL BANGALORE,12.964703,77.5821,23.38,0.5445,0.5635,0.5843,Low
CENTRAL BANGALORE,12.987686,77.60128,23.37,0.5253,0.6368,0.4788,Low
SOUTHEAST / IT CORRIDOR,12.92062,77.61202,23.37,0.4599,0.6029,0.5286,Low
CENTRAL BANGALORE,12.950225,77.59492,23.37,0.5679,0.5635,0.5843,Low
CENTRAL BANGALORE,12.967896,77.57886,23.36,0.4636,0.6029,0.5286,Low
SOUTH BANGALORE,12.869751,77.597,23.36,0.5739,0.6668,0.4334,Low
CENTRAL BANGALORE,12.973776,77.61391,23.36,0.5073,0.7823,0.2464,Low
CENTRAL BANGALORE,12.983188,77.60347,23.35,0.5523,0.7064,0.3715,Low
CENTRAL BANGALORE,12.996655,77.57479,23.35,0.4908,0.5841,0.5556,Low
CENTRAL BANGALORE,12.977907,77.60677,23.35,0.5601,0.8747,0.0838,Low
SOUTHEAST / IT CORRIDOR,12.939325,77.62824,23.35,0.5422,0.5155,0.6486,Low
CENTRAL BANGALORE,12.970792,77.57284,23.34,0.519,0.6029,0.5286,Low
CENTRAL BANGALORE,12.962544,77.56498,23.33,0.579,0.5635,0.5843,Low
CENTRAL BANGALORE,12.981455,77.60315,23.33,0.5156,0.752,0.2973,Low
SOUTH BANGALORE,12.930926,77.563774,23.33,0.5159,0.6029,0.5286,Low
CENTRAL BANGALORE,12.972553,77.57391,23.32,0.4952,0.6029,0.5286,Low
CENTRAL BANGALORE,12.984076,77.60897,23.31,0.605,0.7064,0.3715,Low
CENTRAL BANGALORE,12.975952,77.61582,23.31,0.4927,0.7412,0.3151,Low
CENTRAL BANGALORE,12.999427,77.575905,23.31,0.4331,0.5841,0.5556,Low
CENTRAL BANGALORE,12.976654,77.60104,23.31,0.5447,0.81,0.1988,Low
SOUTHEAST / IT CORRIDOR,12.916627,77.610085,23.29,0.4525,0.6368,0.4788,Low
CENTRAL BANGALORE,12.972401,77.577354,23.29,0.4481,0.6029,0.5286,Low
WEST BANGALORE,12.973386,77.57586,23.29,0.4218,0.6368,0.4788,Low
SOUTH BANGALORE,12.929101,77.60942,23.28,0.5154,0.7064,0.3715,Low
CENTRAL BANGALORE,12.973776,77.61391,23.27,0.4983,0.7823,0.2464,Low
CENTRAL BANGALORE,12.958655,77.56953,23.27,0.5053,0.6029,0.5286,Low
CENTRAL BANGALORE,12.990476,77.59579,23.27,0.5531,0.5635,0.5843,Low
CENTRAL BANGALORE,12.969976,77.57807,23.27,0.5297,0.6029,0.5286,Low
SOUTHEAST / IT CORRIDOR,12.916134,77.603065,23.27,0.5558,0.5635,0.5843,Low
SOUTH BANGALORE,12.9279,77.5797,23.27,0.4252,0.73,0.3333,Low
CENTRAL BANGALORE,12.984375,77.597244,23.26,0.619,0.5635,0.5843,Low
CENTRAL BANGALORE,12.968556,77.573044,23.25,0.4953,0.6029,0.5286,Low
CENTRAL BANGALORE,12.971781,77.57756,23.25,0.4689,0.6368,0.4788,Low
CENTRAL BANGALORE,12.968199,77.56833,23.24,0.6291,0.5155,0.6486,Low
CENTRAL BANGALORE,12.960286,77.57809,23.24,0.5413,0.6668,0.4334,Low
CENTRAL BANGALORE,12.978141,77.60588,23.24,0.4908,0.8747,0.0838,Low
SOUTH BANGALORE,12.914051,77.628624,23.22,0.6007,0.5635,0.5843,Low
CENTRAL BANGALORE,12.954069,77.58456,23.22,0.5682,0.5408,0.6151,Low
CENTRAL BANGALORE,12.989059,77.60216,23.22,0.5942,0.6368,0.4788,Low
WEST BANGALORE,12.973009,77.57497,23.22,0.5509,0.6029,0.5286,Low
CENTRAL BANGALORE,12.970205,77.57837,23.22,0.5,0.6029,0.5286,Low
CENTRAL BANGALORE,12.953868,77.58044,23.2,0.5971,0.5408,0.6151,Low
CENTRAL BANGALORE,12.971613,77.57533,23.2,0.4651,0.6029,0.5286,Low
CENTRAL BANGALORE,12.992927,77.57216,23.2,0.496,0.5841,0.5556,Low
CENTRAL BANGALORE,12.968639,77.57495,23.2,0.4933,0.6029,0.5286,Low
CENTRAL BANGALORE,12.967608,77.58188,23.2,0.5703,0.6029,0.5286,Low
AIRPORT & PERIPHERAL ZONES,13.197988,77.70669,23.19,0.5029,0.5408,0.6151,Low
CENTRAL BANGALORE,12.98842,77.60614,23.18,0.5797,0.6368,0.4788,Low
CENTRAL BANGALORE,12.968238,77.57878,23.18,0.4719,0.6029,0.5286,Low
CENTRAL BANGALORE,12.985468,77.60208,23.17,0.569,0.6368,0.4788,Low
WEST BANGALORE,12.989905,77.54537,23.17,0.5354,0.6205,0.5031,Low
CENTRAL BANGALORE,12.97046,77.57773,23.17,0.4838,0.6368,0.4788,Low
SOUTHEAST / IT CORRIDOR,12.920069,77.60793,23.17,0.4954,0.5635,0.5843,Low
CENTRAL BANGALORE,12.965025,77.57114,23.16,0.4975,0.6029,0.5286,Low
SOUTHEAST / IT CORRIDOR,12.941522,77.62137,23.15,0.4635,0.5635,0.5843,Low
CENTRAL BANGALORE,12.972422,77.594055,23.15,0.5119,0.5408,0.6151,Low
CENTRAL BANGALORE,12.98583,77.60486,23.15,0.6014,0.6368,0.4788,Low
SOUTHEAST / IT CORRIDOR,12.913225,77.64366,23.14,0.5202,0.6368,0.4788,Low
CENTRAL BANGALORE,12.983951,77.609474,23.14,0.5616,0.7064,0.3715,Low
CENTRAL BANGALORE,12.971454,77.580956,23.14,0.5042,0.5635,0.5843,Low
CENTRAL BANGALORE,12.968515,77.581795,23.14,0.5319,0.6029,0.5286,Low
CENTRAL BANGALORE,12.980853,77.597855,23.14,0.5293,0.6522,0.4557,Low
EAST BANGALORE,12.95841,77.69946,23.13,0.5087,0.6205,0.5031,Low
CENTRAL BANGALORE,12.959646,77.57661,23.13,0.5465,0.6668,0.4334,Low
CENTRAL BANGALORE,12.965343,77.578865,23.12,0.569,0.5635,0.5843,Low
SOUTH BANGALORE,12.926322,77.61555,23.12,0.4324,0.7412,0.3151,Low
CENTRAL BANGALORE,12.97079,77.568855,23.12,0.5013,0.5635,0.5843,Low
CENTRAL BANGALORE,12.994724,77.56784,23.11,0.5213,0.5841,0.5556,Low
CENTRAL BANGALORE,12.962528,77.57823,23.11,0.5164,0.6029,0.5286,Low
CENTRAL BANGALORE,12.968325,77.57256,23.11,0.5148,0.6029,0.5286,Low
WEST BANGALORE,12.972997,77.57095,23.11,0.4329,0.6029,0.5286,Low
WEST BANGALORE,12.971651,77.57548,23.11,0.4704,0.6368,0.4788,Low
CENTRAL BANGALORE,12.967659,77.57317,23.1,0.564,0.5635,0.5843,Low
CENTRAL BANGALORE,12.970901,77.571945,23.1,0.3876,0.6029,0.5286,Low
SOUTHEAST / IT CORRIDOR,12.919563,77.604965,23.09,0.5674,0.5635,0.5843,Low
CENTRAL BANGALORE,12.991195,77.604965,23.08,0.4761,0.6368,0.4788,Low
CENTRAL BANGALORE,12.970658,77.577225,23.08,0.4918,0.6368,0.4788,Low
CENTRAL BANGALORE,12.96705,77.58307,23.08,0.574,0.6029,0.5286,Low
CENTRAL BANGALORE,12.971997,77.57965,23.07,0.5127,0.6029,0.5286,Low
CENTRAL BANGALORE,12.957378,77.57977,23.06,0.5496,0.6938,0.3914,Low
CENTRAL BANGALORE,12.970213,77.57181,23.06,0.4556,0.6029,0.5286,Low
LOGISTICS / HIGH TRAFFIC ZONES,12.922382,77.61947,23.05,0.416,0.6522,0.4557,Low
CENTRAL BANGALORE,12.970839,77.580765,23.05,0.5223,0.6029,0.5286,Low
CENTRAL BANGALORE,12.972896,77.575195,23.05,0.4857,0.6368,0.4788,Low
EAST BANGALORE,12.978323,77.6393,23.05,0.4812,0.8356,0.1538,Low
CENTRAL BANGALORE,12.972265,77.57714,23.04,0.4644,0.6029,0.5286,Low
CENTRAL BANGALORE,12.965546,77.58088,23.04,0.6211,0.5635,0.5843,Low
CENTRAL BANGALORE,12.971038,77.59829,23.03,0.5326,0.7184,0.3521,Low
SOUTH BANGALORE,12.9287,77.58297,23.03,0.4745,0.73,0.3333,Low
CENTRAL BANGALORE,12.971839,77.57373,23.03,0.42,0.6029,0.5286,Low
CENTRAL BANGALORE,12.970469,77.573524,23.02,0.5365,0.6029,0.5286,Low
CENTRAL BANGALORE,12.952485,77.581116,23.02,0.6049,0.5408,0.6151,Low
CENTRAL BANGALORE,12.99349,77.59566,23.02,0.5047,0.5408,0.6151,Low
CENTRAL BANGALORE,12.954743,77.58554,23.01,0.5186,0.5408,0.6151,Low
EAST BANGALORE,12.957961,77.70155,23.01,0.4958,0.6522,0.4557,Low
CENTRAL BANGALORE,12.969386,77.575424,23.0,0.4511,0.6029,0.5286,Low
CENTRAL BANGALORE,12.972451,77.57715,22.98,0.5322,0.6029,0.5286,Low
SOUTH BANGALORE,12.907042,77.584885,22.98,0.4287,0.5408,0.6151,Low
EAST BANGALORE,12.956202,77.69432,22.97,0.5033,0.5408,0.6151,Low
WEST BANGALORE,12.971649,77.57855,22.97,0.432,0.6368,0.4788,Low
CENTRAL BANGALORE,12.985363,77.60234,22.97,0.5992,0.6368,0.4788,Low
CENTRAL BANGALORE,12.970491,77.58093,22.97,0.5372,0.6029,0.5286,Low
CENTRAL BANGALORE,12.974291,77.57482,22.97,0.4081,0.6368,0.4788,Low
CENTRAL BANGALORE,12.956149,77.56966,22.96,0.5813,0.5635,0.5843,Low
CENTRAL BANGALORE,12.972106,77.575584,22.96,0.4965,0.6029,0.5286,Low
CENTRAL BANGALORE,12.993394,77.57149,22.96,0.4947,0.5841,0.5556,Low
CENTRAL BANGALORE,12.973009,77.57497,22.95,0.4854,0.6029,0.5286,Low
CENTRAL BANGALORE,12.961464,77.578514,22.95,0.5132,0.6668,0.4334,Low
SOUTHEAST / IT CORRIDOR,12.90927,77.63897,22.95,0.5785,0.6029,0.5286,Low
AIRPORT & PERIPHERAL ZONES,13.199586,77.71078,22.95,0.5486,0.5408,0.6151,Low
EAST BANGALORE,12.956667,77.70342,22.95,0.5076,0.6522,0.4557,Low
SOUTH BANGALORE,12.9261,77.58601,22.94,0.457,0.6668,0.4334,Low
CENTRAL BANGALORE,12.970057,77.57247,22.94,0.4959,0.6029,0.5286,Low
CENTRAL BANGALORE,12.990021,77.60333,22.93,0.5531,0.6368,0.4788,Low
CENTRAL BANGALORE,12.949781,77.59647,22.92,0.5817,0.5635,0.5843,Low
CENTRAL BANGALORE,12.971938,77.577034,22.92,0.5287,0.6368,0.4788,Low
CENTRAL BANGALORE,12.969687,77.57368,22.91,0.5573,0.6029,0.5286,Low
NORTH BANGALORE,13.028067,77.59357,22.91,0.4865,0.5408,0.6151,Low
SOUTHEAST / IT CORRIDOR,12.920347,77.62064,22.9,0.4147,0.5841,0.5556,Low
CENTRAL BANGALORE,12.986274,77.601456,22.9,0.5221,0.6368,0.4788,Low
CENTRAL BANGALORE,12.984134,77.60621,22.9,0.5633,0.7064,0.3715,Low
CENTRAL BANGALORE,12.972112,77.57347,22.89,0.5085,0.6029,0.5286,Low
CENTRAL BANGALORE,12.970275,77.57723,22.88,0.5109,0.6368,0.4788,Low
CENTRAL BANGALORE,12.978426,77.60519,22.87,0.5163,0.8747,0.0838,Low
NORTH BANGALORE,13.040089,77.59262,22.87,0.5179,0.6806,0.4121,Low
CENTRAL BANGALORE,12.964809,77.573746,22.87,0.5195,0.6029,0.5286,Low
CENTRAL BANGALORE,12.970275,77.57723,22.85,0.5001,0.6368,0.4788,Low
CENTRAL BANGALORE,13.000471,77.578255,22.85,0.5016,0.5841,0.5556,Low
CENTRAL BANGALORE,12.970314,77.57392,22.85,0.4636,0.6029,0.5286,Low
CENTRAL BANGALORE,12.953275,77.581085,22.85,0.6333,0.5408,0.6151,Low
CENTRAL BANGALORE,12.967636,77.57619,22.83,0.5099,0.5635,0.5843,Low
CENTRAL BANGALORE,12.985109,77.60335,22.82,0.6213,0.7064,0.3715,Low
CENTRAL BANGALORE,12.972418,77.58121,22.82,0.5328,0.5635,0.5843,Low
CENTRAL BANGALORE,12.969435,77.57091,22.81,0.5443,0.6029,0.5286,Low
SOUTH BANGALORE,12.907077,77.582184,22.81,0.4695,0.5408,0.6151,Low
SOUTH BANGALORE,12.908849,77.585045,22.81,0.5117,0.5408,0.6151,Low
CENTRAL BANGALORE,13.049703,77.627884,22.8,0.4455,0.5841,0.5556,Low
WEST BANGALORE,12.989997,77.54576,22.8,0.4724,0.6205,0.5031,Low
CENTRAL BANGALORE,12.971052,77.57694,22.79,0.4835,0.6368,0.4788,Low
SOUTH BANGALORE,12.925807,77.58277,22.78,0.5159,0.6668,0.4334,Low
CENTRAL BANGALORE,12.986184,77.60088,22.77,0.5095,0.6368,0.4788,Low
SOUTHEAST / IT CORRIDOR,12.911319,77.644165,22.76,0.462,0.6368,0.4788,Low
CENTRAL BANGALORE,12.993513,77.57644,22.76,0.4897,0.5408,0.6151,Low
CENTRAL BANGALORE,12.965977,77.56498,22.76,0.6175,0.5155,0.6486,Low
SOUTH BANGALORE,12.927316,77.57635,22.75,0.4445,0.7064,0.3715,Low
CENTRAL BANGALORE,12.97878,77.6037,22.75,0.5446,0.8273,0.1685,Low
CENTRAL BANGALORE,12.9682,77.56948,22.74,0.5436,0.5635,0.5843,Low
CENTRAL BANGALORE,12.972757,77.57408,22.74,0.4744,0.6029,0.5286,Low
CENTRAL BANGALORE,12.971512,77.58202,22.73,0.5361,0.5635,0.5843,Low
CENTRAL BANGALORE,12.999822,77.573135,22.71,0.4642,0.5841,0.5556,Low
CENTRAL BANGALORE,12.998929,77.57424,22.7,0.421,0.5841,0.5556,Low
CENTRAL BANGALORE,12.986493,77.59875,22.7,0.6083,0.5635,0.5843,Low
SOUTHEAST / IT CORRIDOR,12.923034,77.61449,22.7,0.4404,0.6368,0.4788,Low
CENTRAL BANGALORE,12.984519,77.60294,22.67,0.55,0.7064,0.3715,Low
SOUTHEAST / IT CORRIDOR,12.912519,77.60634,22.65,0.5147,0.5635,0.5843,Low
CENTRAL BANGALORE,12.974656,77.57058,22.65,0.4897,0.6029,0.5286,Low
NORTH BANGALORE,13.039097,77.59856,22.64,0.4961,0.6806,0.4121,Low
CENTRAL BANGALORE,12.947145,77.59119,22.63,0.5933,0.6029,0.5286,Low
CENTRAL BANGALORE,12.961675,77.578476,22.63,0.4895,0.6668,0.4334,Low
CENTRAL BANGALORE,12.969574,77.579216,22.63,0.5638,0.6029,0.5286,Low
CENTRAL BANGALORE,12.986021,77.60805,22.61,0.5613,0.6368,0.4788,Low
EAST BANGALORE,12.978754,77.6409,22.61,0.364,0.8356,0.1538,Low
AIRPORT & PERIPHERAL ZONES,13.199458,77.70783,22.58,0.5137,0.5408,0.6151,Low
CENTRAL BANGALORE,12.972268,77.576805,22.57,0.4725,0.6029,0.5286,Low
CENTRAL BANGALORE,12.97616,77.60173,22.57,0.5154,0.8273,0.1685,Low
CENTRAL BANGALORE,12.966666,77.57813,22.56,0.5612,0.5635,0.5843,Low
CENTRAL BANGALORE,12.972594,77.57418,22.55,0.4368,0.6029,0.5286,Low
SOUTHEAST / IT CORRIDOR,12.909256,77.64008,22.54,0.4877,0.6029,0.5286,Low
CENTRAL BANGALORE,12.993451,77.595795,22.53,0.5728,0.5408,0.6151,Low
CENTRAL BANGALORE,13.050468,77.626305,22.53,0.4929,0.5841,0.5556,Low
AIRPORT & PERIPHERAL ZONES,13.199442,77.7125,22.53,0.535,0.5408,0.6151,Low
CENTRAL BANGALORE,12.973579,77.57519,22.53,0.4518,0.6368,0.4788,Low
CENTRAL BANGALORE,12.972478,77.57126,22.52,0.5174,0.6029,0.5286,Low
CENTRAL BANGALORE,12.982153,77.60345,22.51,0.5562,0.752,0.2973,Low
CENTRAL BANGALORE,12.982078,77.60866,22.51,0.5226,0.7725,0.263,Low
CENTRAL BANGALORE,12.965504,77.60188,22.48,0.5582,0.6668,0.4334,Low
CENTRAL BANGALORE,12.965768,77.57327,22.48,0.5578,0.6029,0.5286,Low
CENTRAL BANGALORE,12.96975,77.57416,22.48,0.4901,0.6029,0.5286,Low
CENTRAL BANGALORE,12.985005,77.607956,22.47,0.5419,0.7064,0.3715,Low
CENTRAL BANGALORE,12.986765,77.603455,22.46,0.6067,0.6368,0.4788,Low
CENTRAL BANGALORE,12.970772,77.57447,22.46,0.4707,0.6029,0.5286,Low
CENTRAL BANGALORE,12.969641,77.58235,22.45,0.5786,0.6029,0.5286,Low
CENTRAL BANGALORE,12.967936,77.57208,22.43,0.5056,0.5635,0.5843,Low
CENTRAL BANGALORE,12.967181,77.580124,22.43,0.4798,0.6029,0.5286,Low
CENTRAL BANGALORE,12.975506,77.57605,22.42,0.4596,0.6368,0.4788,Low
CENTRAL BANGALORE,12.957573,77.57751,22.38,0.4663,0.6668,0.4334,Low
CENTRAL BANGALORE,12.972068,77.59415,22.38,0.4307,0.5408,0.6151,Low
CENTRAL BANGALORE,12.96144,77.58183,22.37,0.5266,0.6368,0.4788,Low
WEST BANGALORE,12.972401,77.577354,22.36,0.5005,0.6029,0.5286,Low
SOUTHEAST / IT CORRIDOR,12.91401,77.61069,22.36,0.4081,0.6668,0.4334,Low
CENTRAL BANGALORE,12.981581,77.60812,22.33,0.5353,0.81,0.1988,Low
CENTRAL BANGALORE,12.985629,77.60826,22.33,0.5965,0.7064,0.3715,Low
CENTRAL BANGALORE,12.975265,77.61439,22.33,0.5196,0.7624,0.2799,Low
CENTRAL BANGALORE,12.967986,77.57003,22.32,0.5163,0.5635,0.5843,Low
CENTRAL BANGALORE,12.948561,77.59354,22.3,0.5374,0.5635,0.5843,Low
CENTRAL BANGALORE,12.955822,77.57813,22.29,0.5206,0.6205,0.5031,Low
SOUTH BANGALORE,12.923318,77.58564,22.28,0.4667,0.6368,0.4788,Low
CENTRAL BANGALORE,12.968351,77.56936,22.27,0.4998,0.5155,0.6486,Low
CENTRAL BANGALORE,12.979188,77.60245,22.27,0.5032,0.7918,0.2302,Low
CENTRAL BANGALORE,12.956426,77.57739,22.26,0.4726,0.6668,0.4334,Low
CENTRAL BANGALORE,12.966305,77.572266,22.26,0.4924,0.6029,0.5286,Low
EAST BANGALORE,12.978412,77.64051,22.25,0.3805,0.8356,0.1538,Low
SOUTHEAST / IT CORRIDOR,12.91328,77.63243,22.24,0.535,0.5635,0.5843,Low
CENTRAL BANGALORE,12.977789,77.60673,22.24,0.4726,0.8747,0.0838,Low
CENTRAL BANGALORE,12.967063,77.583824,22.23,0.6102,0.6029,0.5286,Low
CENTRAL BANGALORE,12.999211,77.56784,22.23,0.455,0.5841,0.5556,Low
CENTRAL BANGALORE,12.967542,77.574455,22.23,0.4861,0.5635,0.5843,Low
CENTRAL BANGALORE,12.987439,77.59469,22.22,0.5585,0.5635,0.5843,Low
CENTRAL BANGALORE,12.970852,77.57523,22.22,0.453,0.6029,0.5286,Low
SOUTH BANGALORE,12.920398,77.59318,22.22,0.5244,0.5155,0.6486,Low
WEST BANGALORE,12.971828,77.56939,22.21,0.4961,0.6029,0.5286,Low
CENTRAL BANGALORE,12.97161,77.576614,22.21,0.3974,0.6368,0.4788,Low
CENTRAL BANGALORE,12.971651,77.57211,22.21,0.4425,0.6029,0.5286,Low
SOUTH BANGALORE,12.937096,77.58271,22.21,0.5164,0.6806,0.4121,Low
EAST BANGALORE,12.978338,77.64087,22.19,0.3905,0.8356,0.1538,Low
CENTRAL BANGALORE,12.975682,77.57595,22.18,0.4206,0.6368,0.4788,Low
SOUTH BANGALORE,12.908661,77.57938,22.18,0.4472,0.5841,0.5556,Low
CENTRAL BANGALORE,12.990665,77.60807,22.17,0.5285,0.6368,0.4788,Low
CENTRAL BANGALORE,12.971618,77.57786,22.17,0.5486,0.6368,0.4788,Low
CENTRAL BANGALORE,12.955163,77.58013,22.16,0.4957,0.6205,0.5031,Low
AIRPORT & PERIPHERAL ZONES,13.198799,77.70748,22.16,0.5452,0.5408,0.6151,Low
CENTRAL BANGALORE,12.986086,77.60142,22.16,0.5216,0.6368,0.4788,Low
CENTRAL BANGALORE,12.969162,77.56895,22.15,0.5518,0.5635,0.5843,Low
CENTRAL BANGALORE,12.970469,77.573524,22.15,0.4799,0.6029,0.5286,Low
CENTRAL BANGALORE,12.970593,77.57345,22.14,0.4808,0.6029,0.5286,Low
CENTRAL BANGALORE,12.97159,77.57563,22.14,0.4374,0.6368,0.4788,Low
CENTRAL BANGALORE,12.969927,77.57329,22.13,0.5214,0.6029,0.5286,Low
EAST BANGALORE,12.967528,77.71595,22.12,0.502,0.5408,0.6151,Low
SOUTHEAST / IT CORRIDOR,12.918046,77.6084,22.11,0.4784,0.6029,0.5286,Low
CENTRAL BANGALORE,12.984515,77.59724,22.1,0.5414,0.5635,0.5843,Low
CENTRAL BANGALORE,12.965995,77.57447,22.1,0.4782,0.6029,0.5286,Low
CENTRAL BANGALORE,12.950907,77.598785,22.1,0.5608,0.5635,0.5843,Low
SOUTHEAST / IT CORRIDOR,12.911855,77.643776,22.09,0.5413,0.6368,0.4788,Low
CENTRAL BANGALORE,12.96986,77.57646,22.08,0.5062,0.6368,0.4788,Low
CENTRAL BANGALORE,12.965226,77.58245,22.08,0.5429,0.5635,0.5843,Low
WEST BANGALORE,12.994444,77.54577,22.07,0.5533,0.6205,0.5031,Low
CENTRAL BANGALORE,12.972421,77.5768,22.07,0.5433,0.6029,0.5286,Low
CENTRAL BANGALORE,12.971519,77.57817,22.06,0.4949,0.6368,0.4788,Low
SOUTH BANGALORE,12.932701,77.61393,22.06,0.4654,0.7918,0.2302,Low
CENTRAL BANGALORE,12.948716,77.59321,22.04,0.5305,0.5635,0.5843,Low
CENTRAL BANGALORE,12.980818,77.59378,22.04,0.5462,0.5635,0.5843,Low
CENTRAL BANGALORE,12.980818,77.59378,22.02,0.5378,0.5635,0.5843,Low
CENTRAL BANGALORE,12.969529,77.57455,21.99,0.571,0.6029,0.5286,Low
CENTRAL BANGALORE,12.971095,77.57739,21.99,0.4495,0.6368,0.4788,Low
CENTRAL BANGALORE,12.971354,77.58342,21.98,0.398,0.5635,0.5843,Low
CENTRAL BANGALORE,12.974683,77.57043,21.97,0.4173,0.6029,0.5286,Low
CENTRAL BANGALORE,12.972359,77.57694,21.97,0.4877,0.6029,0.5286,Low
CENTRAL BANGALORE,12.972106,77.575584,21.97,0.5062,0.6029,0.5286,Low
CENTRAL BANGALORE,12.980198,77.576996,21.95,0.4606,0.5408,0.6151,Low
CENTRAL BANGALORE,12.986298,77.60477,21.95,0.5493,0.6368,0.4788,Low
CENTRAL BANGALORE,12.96683,77.58077,21.95,0.4789,0.6029,0.5286,Low
CENTRAL BANGALORE,12.984817,77.61043,21.93,0.5549,0.7064,0.3715,Low
CENTRAL BANGALORE,12.951698,77.59057,21.92,0.4824,0.5841,0.5556,Low
CENTRAL BANGALORE,12.958631,77.58263,21.91,0.5453,0.5841,0.5556,Low
LOGISTICS / HIGH TRAFFIC ZONES,12.966661,77.7509,21.9,0.5016,0.7184,0.3521,Low
CENTRAL BANGALORE,12.974291,77.57482,21.9,0.4361,0.6368,0.4788,Low
CENTRAL BANGALORE,12.948847,77.593185,21.89,0.615,0.5635,0.5843,Low
CENTRAL BANGALORE,12.968497,77.57181,21.88,0.5238,0.6029,0.5286,Low
CENTRAL BANGALORE,12.966096,77.57351,21.87,0.5202,0.6029,0.5286,Low
CENTRAL BANGALORE,12.969958,77.57471,21.86,0.4928,0.6029,0.5286,Low
CENTRAL BANGALORE,12.975264,77.576065,21.86,0.5051,0.6368,0.4788,Low
CENTRAL BANGALORE,12.977907,77.60677,21.86,0.5439,0.8747,0.0838,Low
CENTRAL BANGALORE,12.974076,77.57501,21.85,0.4042,0.6368,0.4788,Low
CENTRAL BANGALORE,12.970472,77.577126,21.85,0.5196,0.6368,0.4788,Low
CENTRAL BANGALORE,12.958563,77.57662,21.85,0.5344,0.6668,0.4334,Low
CENTRAL BANGALORE,12.971116,77.582016,21.84,0.5204,0.5635,0.5843,Low
NORTH BANGALORE,13.039777,77.59443,21.84,0.4161,0.6806,0.4121,Low
CENTRAL BANGALORE,12.972265,77.5777,21.84,0.4781,0.6029,0.5286,Low
NORTH BANGALORE,13.037628,77.59676,21.83,0.5155,0.6806,0.4121,Low
CENTRAL BANGALORE,12.972001,77.57459,21.83,0.4789,0.6029,0.5286,Low
CENTRAL BANGALORE,12.969068,77.57861,21.82,0.5099,0.6029,0.5286,Low
CENTRAL BANGALORE,12.972794,77.57539,21.81,0.4814,0.6368,0.4788,Low
WEST BANGALORE,12.973495,77.574814,21.81,0.5062,0.6029,0.5286,Low
CENTRAL BANGALORE,12.965799,77.58282,21.8,0.4765,0.5635,0.5843,Low
CENTRAL BANGALORE,12.957154,77.567986,21.79,0.5478,0.5635,0.5843,Low
CENTRAL BANGALORE,12.971209,77.57769,21.77,0.5308,0.6368,0.4788,Low
CENTRAL BANGALORE,12.963626,77.57886,21.76,0.5363,0.6029,0.5286,Low
CENTRAL BANGALORE,12.970852,77.57523,21.75,0.4868,0.6029,0.5286,Low
CENTRAL BANGALORE,12.974934,77.57671,21.75,0.3599,0.6368,0.4788,Low
CENTRAL BANGALORE,12.980853,77.597855,21.75,0.5103,0.6522,0.4557,Low
AIRPORT & PERIPHERAL ZONES,13.198434,77.70865,21.74,0.4947,0.5408,0.6151,Low
AIRPORT & PERIPHERAL ZONES,13.198075,77.71365,21.74,0.4824,0.5408,0.6151,Low
CENTRAL BANGALORE,12.95084,77.597626,21.74,0.5736,0.5635,0.5843,Low
CENTRAL BANGALORE,12.965091,77.598335,21.73,0.5157,0.5408,0.6151,Low
CENTRAL BANGALORE,12.965417,77.57862,21.73,0.4365,0.5635,0.5843,Low
CENTRAL BANGALORE,12.948797,77.59803,21.72,0.5473,0.5635,0.5843,Low
CENTRAL BANGALORE,12.970342,77.576805,21.72,0.4094,0.6368,0.4788,Low
CENTRAL BANGALORE,12.972867,77.57431,21.71,0.4689,0.6029,0.5286,Low
CENTRAL BANGALORE,12.984713,77.60328,21.71,0.533,0.7064,0.3715,Low
CENTRAL BANGALORE,12.96523,77.57915,21.7,0.5525,0.5635,0.5843,Low
CENTRAL BANGALORE,12.980958,77.59723,21.69,0.4545,0.5635,0.5843,Low
WEST BANGALORE,12.973342,77.57414,21.69,0.4681,0.6029,0.5286,Low
CENTRAL BANGALORE,12.999176,77.57407,21.69,0.4983,0.5841,0.5556,Low
SOUTH BANGALORE,12.923349,77.58456,21.68,0.4826,0.6368,0.4788,Low
CENTRAL BANGALORE,12.973466,77.57873,21.68,0.4746,0.6029,0.5286,Low
CENTRAL BANGALORE,12.968517,77.57495,21.67,0.5234,0.6029,0.5286,Low
CENTRAL BANGALORE,12.966018,77.57424,21.65,0.5677,0.6029,0.5286,Low
SOUTHEAST / IT CORRIDOR,12.920393,77.61316,21.64,0.4936,0.6029,0.5286,Low
WEST BANGALORE,12.973049,77.57744,21.64,0.442,0.6029,0.5286,Low
AIRPORT & PERIPHERAL ZONES,13.198358,77.70561,21.63,0.5494,0.5408,0.6151,Low
CENTRAL BANGALORE,12.96844,77.58055,21.62,0.5182,0.6029,0.5286,Low
CENTRAL BANGALORE,12.969007,77.568794,21.62,0.504,0.5635,0.5843,Low
CENTRAL BANGALORE,12.968497,77.5956,21.6,0.5213,0.5408,0.6151,Low
SOUTHEAST / IT CORRIDOR,12.840109,77.65817,21.59,0.4559,0.5635,0.5843,Low
CENTRAL BANGALORE,12.996103,77.56866,21.58,0.465,0.5841,0.5556,Low
CENTRAL BANGALORE,12.970173,77.57672,21.58,0.4132,0.6368,0.4788,Low
CENTRAL BANGALORE,12.969529,77.57455,21.57,0.4885,0.6029,0.5286,Low
CENTRAL BANGALORE,12.98375,77.596375,21.56,0.5053,0.5635,0.5843,Low
SOUTHEAST / IT CORRIDOR,12.848684,77.65038,21.55,0.5305,0.5155,0.6486,Low
CENTRAL BANGALORE,12.966807,77.581436,21.55,0.5495,0.6029,0.5286,Low
CENTRAL BANGALORE,12.952187,77.601776,21.54,0.6231,0.5635,0.5843,Low
CENTRAL BANGALORE,12.982003,77.603935,21.54,0.5262,0.752,0.2973,Low
CENTRAL BANGALORE,12.993752,77.59587,21.53,0.4607,0.5408,0.6151,Low
CENTRAL BANGALORE,12.965053,77.57372,21.53,0.5424,0.6029,0.5286,Low
AIRPORT & PERIPHERAL ZONES,13.198894,77.70989,21.53,0.5517,0.5408,0.6151,Low
CENTRAL BANGALORE,12.962079,77.58009,21.53,0.4697,0.6668,0.4334,Low
CENTRAL BANGALORE,12.961319,77.57515,21.52,0.5454,0.6029,0.5286,Low
SOUTH BANGALORE,12.908223,77.585365,21.51,0.4987,0.5408,0.6151,Low
CENTRAL BANGALORE,12.970355,77.58152,21.51,0.5227,0.6029,0.5286,Low
SOUTHEAST / IT CORRIDOR,12.843717,77.65978,21.51,0.4839,0.6368,0.4788,Low
CENTRAL BANGALORE,12.980162,77.59949,21.5,0.5748,0.6806,0.4121,Low
CENTRAL BANGALORE,12.972104,77.5942,21.49,0.5221,0.5408,0.6151,Low
CENTRAL BANGALORE,12.967364,77.573975,21.49,0.49,0.5635,0.5843,Low
CENTRAL BANGALORE,12.9745,77.5723,21.48,0.413,0.6029,0.5286,Low
CENTRAL BANGALORE,12.966258,77.57258,21.47,0.4877,0.6029,0.5286,Low
CENTRAL BANGALORE,12.984994,77.60179,21.46,0.57,0.6368,0.4788,Low
CENTRAL BANGALORE,12.968545,77.57877,21.45,0.521,0.6029,0.5286,Low
SOUTH BANGALORE,12.924625,77.58274,21.45,0.5106,0.6368,0.4788,Low
CENTRAL BANGALORE,12.986714,77.60624,21.45,0.6053,0.6368,0.4788,Low
CENTRAL BANGALORE,12.971864,77.57425,21.45,0.4448,0.6029,0.5286,Low
CENTRAL BANGALORE,12.983184,77.59714,21.45,0.5103,0.5635,0.5843,Low
CENTRAL BANGALORE,12.96859,77.595924,21.44,0.4915,0.5841,0.5556,Low
CENTRAL BANGALORE,12.970765,77.576866,21.43,0.4913,0.6368,0.4788,Low
CENTRAL BANGALORE,12.986353,77.6037,21.43,0.5467,0.6368,0.4788,Low
CENTRAL BANGALORE,12.970453,77.57791,21.43,0.4424,0.6368,0.4788,Low
CENTRAL BANGALORE,12.967845,77.5777,21.43,0.5637,0.5635,0.5843,Low
CENTRAL BANGALORE,12.970248,77.570244,21.38,0.4883,0.5635,0.5843,Low
EAST BANGALORE,12.956821,77.70212,21.36,0.4066,0.6522,0.4557,Low
SOUTH BANGALORE,12.907685,77.58355,21.36,0.5204,0.5408,0.6151,Low
CENTRAL BANGALORE,12.968849,77.56895,21.36,0.5358,0.5635,0.5843,Low
SOUTHEAST / IT CORRIDOR,12.913807,77.62467,21.35,0.4865,0.5635,0.5843,Low
CENTRAL BANGALORE,12.996967,77.57164,21.34,0.4804,0.5841,0.5556,Low
CENTRAL BANGALORE,12.971354,77.58342,21.34,0.4591,0.5635,0.5843,Low
CENTRAL BANGALORE,12.971239,77.58186,21.34,0.4871,0.5635,0.5843,Low
CENTRAL BANGALORE,12.970563,77.57549,21.34,0.4948,0.6029,0.5286,Low
WEST BANGALORE,12.995953,77.54528,21.33,0.4843,0.6205,0.5031,Low
SOUTH BANGALORE,12.90904,77.58568,21.32,0.5065,0.5408,0.6151,Low
CENTRAL BANGALORE,12.969691,77.574585,21.32,0.515,0.6029,0.5286,Low
CENTRAL BANGALORE,12.987439,77.59469,21.3,0.4849,0.5635,0.5843,Low
CENTRAL BANGALORE,12.966814,77.58502,21.29,0.5673,0.6029,0.5286,Low
CENTRAL BANGALORE,12.963902,77.56878,21.28,0.5468,0.6029,0.5286,Low
CENTRAL BANGALORE,12.988262,77.60537,21.27,0.5904,0.6368,0.4788,Low
CENTRAL BANGALORE,12.973656,77.59797,21.26,0.5066,0.7184,0.3521,Low
WEST BANGALORE,12.971422,77.57872,21.25,0.4499,0.6368,0.4788,Low
CENTRAL BANGALORE,12.963933,77.58318,21.24,0.5048,0.6029,0.5286,Low
CENTRAL BANGALORE,12.963473,77.58047,21.22,0.5044,0.5635,0.5843,Low
CENTRAL BANGALORE,12.987532,77.609505,21.22,0.5371,0.6368,0.4788,Low
CENTRAL BANGALORE,12.985085,77.60761,21.21,0.5658,0.7064,0.3715,Low
AIRPORT & PERIPHERAL ZONES,13.199704,77.71078,21.2,0.5255,0.5408,0.6151,Low
CENTRAL BANGALORE,12.969755,77.57617,21.19,0.4507,0.6029,0.5286,Low
CENTRAL BANGALORE,12.972082,77.574585,21.19,0.4235,0.6029,0.5286,Low
SOUTH BANGALORE,12.928439,77.57807,21.18,0.4861,0.73,0.3333,Low
WEST BANGALORE,12.970864,77.57114,21.15,0.4732,0.6029,0.5286,Low
CENTRAL BANGALORE,12.972329,77.594124,21.15,0.5319,0.5408,0.6151,Low
CENTRAL BANGALORE,12.972512,77.576935,21.15,0.5085,0.6029,0.5286,Low
CENTRAL BANGALORE,12.967458,77.571655,21.15,0.5216,0.5635,0.5843,Low
AIRPORT & PERIPHERAL ZONES,13.197943,77.705444,21.14,0.528,0.5408,0.6151,Low
SOUTH BANGALORE,12.906441,77.582886,21.12,0.4459,0.5408,0.6151,Low
CENTRAL BANGALORE,12.973183,77.57199,21.12,0.5428,0.6029,0.5286,Low
CENTRAL BANGALORE,12.973794,77.57533,21.11,0.461,0.6368,0.4788,Low
AIRPORT & PERIPHERAL ZONES,13.198583,77.70433,21.11,0.5317,0.5408,0.6151,Low
CENTRAL BANGALORE,12.9696,77.58035,21.07,0.4724,0.6029,0.5286,Low
CENTRAL BANGALORE,12.970815,77.5778,21.06,0.4572,0.6368,0.4788,Low
CENTRAL BANGALORE,12.971446,77.57759,21.05,0.4797,0.6368,0.4788,Low
CENTRAL BANGALORE,12.969958,77.57471,21.05,0.5519,0.6029,0.5286,Low
SOUTH BANGALORE,12.928719,77.58166,21.04,0.4591,0.73,0.3333,Low
CENTRAL BANGALORE,12.972104,77.5942,21.04,0.5445,0.5408,0.6151,Low
CENTRAL BANGALORE,12.966274,77.57408,21.03,0.4832,0.6029,0.5286,Low
CENTRAL BANGALORE,12.971271,77.57805,21.03,0.5156,0.6368,0.4788,Low
CENTRAL BANGALORE,12.992236,77.56781,21.02,0.4636,0.5408,0.6151,Low
SOUTH BANGALORE,12.927076,77.591354,21.02,0.547,0.5635,0.5843,Low
SOUTH BANGALORE,12.930421,77.58318,21.01,0.4352,0.73,0.3333,Low
CENTRAL BANGALORE,12.969999,77.5765,20.99,0.4633,0.6368,0.4788,Low
CENTRAL BANGALORE,12.971667,77.577934,20.99,0.49,0.6368,0.4788,Low
CENTRAL BANGALORE,12.971247,77.571785,20.99,0.401,0.6029,0.5286,Low
WEST BANGALORE,12.977861,77.57723,20.98,0.4579,0.5408,0.6151,Low
CENTRAL BANGALORE,12.972015,77.57841,20.98,0.4815,0.6029,0.5286,Low
SOUTHEAST / IT CORRIDOR,12.919695,77.61235,20.96,0.4995,0.6029,0.5286,Low
AIRPORT & PERIPHERAL ZONES,13.197286,77.711845,20.96,0.5137,0.5408,0.6151,Low
SOUTHEAST / IT CORRIDOR,12.907917,77.635086,20.96,0.6164,0.5155,0.6486,Low
CENTRAL BANGALORE,12.980879,77.593834,20.95,0.5408,0.5635,0.5843,Low
CENTRAL BANGALORE,12.968896,77.577126,20.94,0.5065,0.5635,0.5843,Low
CENTRAL BANGALORE,12.967789,77.57237,20.93,0.4936,0.5635,0.5843,Low
CENTRAL BANGALORE,12.962602,77.58351,20.9,0.6053,0.6368,0.4788,Low
CENTRAL BANGALORE,12.984977,77.6047,20.89,0.5889,0.7064,0.3715,Low
WEST BANGALORE,12.999755,77.57179,20.89,0.4908,0.5841,0.5556,Low
CENTRAL BANGALORE,12.971568,77.573555,20.88,0.4994,0.6029,0.5286,Low
EAST BANGALORE,12.958352,77.70093,20.87,0.522,0.6205,0.5031,Low
CENTRAL BANGALORE,12.970126,77.57436,20.87,0.4847,0.6029,0.5286,Low
CENTRAL BANGALORE,12.970658,77.57132,20.86,0.4807,0.5635,0.5843,Low
CENTRAL BANGALORE,12.973248,77.57624,20.85,0.4557,0.6368,0.4788,Low
CENTRAL BANGALORE,12.955262,77.58681,20.83,0.5189,0.5408,0.6151,Low
CENTRAL BANGALORE,12.999099,77.57265,20.82,0.4946,0.5841,0.5556,Low
CENTRAL BANGALORE,12.965376,77.57464,20.82,0.5169,0.6029,0.5286,Low
CENTRAL BANGALORE,12.985612,77.60238,20.79,0.5277,0.6368,0.4788,Low
CENTRAL BANGALORE,12.955265,77.57988,20.78,0.5477,0.6205,0.5031,Low
SOUTH BANGALORE,12.930981,77.58321,20.77,0.4983,0.73,0.3333,Low
CENTRAL BANGALORE,12.985539,77.604614,20.75,0.5827,0.6368,0.4788,Low
CENTRAL BANGALORE,12.972202,77.59427,20.75,0.5335,0.5408,0.6151,Low
AIRPORT & PERIPHERAL ZONES,13.197177,77.70563,20.74,0.5795,0.5408,0.6151,Low
SOUTH BANGALORE,12.932682,77.575615,20.74,0.4301,0.6806,0.4121,Low
CENTRAL BANGALORE,12.965217,77.5726,20.72,0.5187,0.6029,0.5286,Low
CENTRAL BANGALORE,12.963313,77.57877,20.71,0.5326,0.6029,0.5286,Low
CENTRAL BANGALORE,12.968394,77.57269,20.71,0.538,0.6029,0.5286,Low
CENTRAL BANGALORE,12.970724,77.57573,20.71,0.4913,0.6029,0.5286,Low
CENTRAL BANGALORE,12.966192,77.564186,20.69,0.5687,0.5155,0.6486,Low
CENTRAL BANGALORE,12.971485,77.580154,20.69,0.4993,0.5635,0.5843,Low
CENTRAL BANGALORE,12.970815,77.5778,20.68,0.4313,0.6368,0.4788,Low
CENTRAL BANGALORE,12.968796,77.57351,20.66,0.5138,0.6029,0.5286,Low
CENTRAL BANGALORE,12.971027,77.576324,20.65,0.4698,0.6368,0.4788,Low
CENTRAL BANGALORE,12.99069,77.60824,20.64,0.6209,0.6368,0.4788,Low
CENTRAL BANGALORE,12.969574,77.579216,20.62,0.5,0.6029,0.5286,Low
CENTRAL BANGALORE,12.965482,77.58367,20.61,0.5689,0.5635,0.5843,Low
CENTRAL BANGALORE,12.962225,77.58012,20.61,0.5574,0.6668,0.4334,Low
CENTRAL BANGALORE,12.964914,77.5726,20.6,0.5625,0.6029,0.5286,Low
CENTRAL BANGALORE,12.971095,77.57739,20.59,0.4599,0.6368,0.4788,Low
CENTRAL BANGALORE,12.971741,77.575874,20.58,0.447,0.6368,0.4788,Low
SOUTH BANGALORE,12.926824,77.580246,20.56,0.4635,0.73,0.3333,Low
CENTRAL BANGALORE,12.961126,77.57835,20.55,0.5708,0.6668,0.4334,Low
EAST BANGALORE,12.973321,77.646965,20.55,0.4749,0.7064,0.3715,Low
CENTRAL BANGALORE,12.968455,77.5712,20.54,0.5055,0.6029,0.5286,Low
WEST BANGALORE,12.999241,77.56959,20.53,0.4589,0.5841,0.5556,Low
SOUTH BANGALORE,12.931135,77.57609,20.52,0.4247,0.73,0.3333,Low
CENTRAL BANGALORE,12.963394,77.5815,20.5,0.5399,0.6029,0.5286,Low
CENTRAL BANGALORE,12.967714,77.57795,20.5,0.4995,0.5635,0.5843,Low
CENTRAL BANGALORE,12.965386,77.572716,20.5,0.505,0.6029,0.5286,Low
CENTRAL BANGALORE,12.970852,77.57523,20.48,0.5203,0.6029,0.5286,Low
CENTRAL BANGALORE,12.985913,77.59783,20.46,0.5663,0.5635,0.5843,Low
CENTRAL BANGALORE,12.955364,77.58568,20.45,0.5351,0.5408,0.6151,Low
CENTRAL BANGALORE,12.960134,77.57766,20.44,0.5271,0.6668,0.4334,Low
CENTRAL BANGALORE,12.970386,77.57696,20.44,0.4451,0.6368,0.4788,Low
CENTRAL BANGALORE,12.965676,77.57772,20.44,0.5186,0.5635,0.5843,Low
CENTRAL BANGALORE,12.971418,77.574036,20.4,0.4663,0.6029,0.5286,Low
WEST BANGALORE,12.977715,77.57647,20.38,0.4724,0.5408,0.6151,Low
CENTRAL BANGALORE,12.997717,77.578,20.38,0.5146,0.5408,0.6151,Low
CENTRAL BANGALORE,12.96785,77.592636,20.37,0.4757,0.5408,0.6151,Low
CENTRAL BANGALORE,12.957304,77.57357,20.37,0.5257,0.6368,0.4788,Low
CENTRAL BANGALORE,12.972085,77.5739,20.36,0.4573,0.6029,0.5286,Low
CENTRAL BANGALORE,12.972123,77.572685,20.33,0.4423,0.6029,0.5286,Low
CENTRAL BANGALORE,12.982575,77.59519,20.31,0.5358,0.5635,0.5843,Low
NORTH BANGALORE,13.036283,77.59755,20.29,0.4059,0.6806,0.4121,Low
CENTRAL BANGALORE,12.972258,77.593864,20.26,0.5118,0.5408,0.6151,Low
CENTRAL BANGALORE,12.970453,77.57791,20.26,0.4182,0.6368,0.4788,Low
CENTRAL BANGALORE,12.985851,77.60464,20.25,0.5673,0.6368,0.4788,Low
CENTRAL BANGALORE,12.99268,77.59165,20.25,0.5671,0.5408,0.6151,Low
WEST BANGALORE,12.972262,77.57625,20.25,0.4821,0.6029,0.5286,Low
CENTRAL BANGALORE,12.970475,77.5709,20.25,0.5217,0.5635,0.5843,Low
CENTRAL BANGALORE,12.966096,77.57351,20.23,0.5371,0.6029,0.5286,Low
WEST BANGALORE,12.9745,77.5723,20.23,0.4693,0.6029,0.5286,Low
CENTRAL BANGALORE,12.967996,77.57462,20.22,0.4642,0.5635,0.5843,Low
SOUTHEAST / IT CORRIDOR,12.843301,77.65726,20.21,0.4798,0.6368,0.4788,Low
CENTRAL BANGALORE,12.99014,77.59506,20.2,0.5303,0.5635,0.5843,Low
SOUTH BANGALORE,12.930772,77.58014,20.19,0.5175,0.73,0.3333,Low
WEST BANGALORE,12.972724,77.57209,20.18,0.4505,0.6029,0.5286,Low
CENTRAL BANGALORE,12.968648,77.57223,20.16,0.4969,0.6029,0.5286,Low
CENTRAL BANGALORE,12.969979,77.572495,20.12,0.5111,0.6029,0.5286,Low
CENTRAL BANGALORE,12.974095,77.57876,20.11,0.3752,0.6029,0.5286,Low
CENTRAL BANGALORE,12.970955,77.57761,20.11,0.4617,0.6368,0.4788,Low
CENTRAL BANGALORE,12.971895,77.57871,20.07,0.485,0.6029,0.5286,Low
CENTRAL BANGALORE,12.974683,77.57043,20.05,0.5081,0.6029,0.5286,Low
CENTRAL BANGALORE,12.970469,77.573524,20.03,0.4583,0.6029,0.5286,Low
SOUTH BANGALORE,12.902991,77.58391,20.02,0.4703,0.5408,0.6151,Low
SOUTH BANGALORE,12.932945,77.58391,20.02,0.4888,0.73,0.3333,Low
WEST BANGALORE,12.972024,77.57721,19.98,0.4855,0.6029,0.5286,Very Low
WEST BANGALORE,12.971955,77.57285,19.96,0.462,0.6029,0.5286,Very Low
CENTRAL BANGALORE,12.972197,77.57141,19.96,0.5023,0.6029,0.5286,Very Low
CENTRAL BANGALORE,12.970602,77.58254,19.95,0.4694,0.5635,0.5843,Very Low
CENTRAL BANGALORE,12.964628,77.57394,19.94,0.4906,0.6029,0.5286,Very Low
CENTRAL BANGALORE,12.973165,77.576416,19.94,0.4375,0.6368,0.4788,Very Low
CENTRAL BANGALORE,12.975358,77.57632,19.93,0.4564,0.6368,0.4788,Very Low
CENTRAL BANGALORE,12.975311,77.61445,19.92,0.4846,0.7624,0.2799,Very Low
SOUTHEAST / IT CORRIDOR,12.841868,77.66066,19.91,0.4471,0.6368,0.4788,Very Low
CENTRAL BANGALORE,12.973579,77.57519,19.9,0.4787,0.6368,0.4788,Very Low
SOUTHEAST / IT CORRIDOR,12.920447,77.67066,19.89,0.5509,0.5408,0.6151,Very Low
WEST BANGALORE,12.970946,77.57575,19.87,0.4706,0.6029,0.5286,Very Low
CENTRAL BANGALORE,12.971568,77.573555,19.87,0.4678,0.6029,0.5286,Very Low
CENTRAL BANGALORE,12.979443,77.60167,19.86,0.4465,0.7725,0.263,Very Low
CENTRAL BANGALORE,12.955933,77.57641,19.84,0.5413,0.6668,0.4334,Very Low
SOUTHEAST / IT CORRIDOR,12.919867,77.61302,19.83,0.5143,0.6029,0.5286,Very Low
CENTRAL BANGALORE,12.970946,77.57575,19.82,0.482,0.6029,0.5286,Very Low
CENTRAL BANGALORE,12.971651,77.578705,19.82,0.4862,0.6368,0.4788,Very Low
CENTRAL BANGALORE,12.97015,77.576225,19.8,0.4585,0.6029,0.5286,Very Low
CENTRAL BANGALORE,12.971955,77.57285,19.79,0.4396,0.6029,0.5286,Very Low
CENTRAL BANGALORE,12.972214,77.57847,19.78,0.4624,0.6029,0.5286,Very Low
WEST BANGALORE,12.973819,77.57787,19.72,0.4618,0.6029,0.5286,Very Low
CENTRAL BANGALORE,12.969588,77.57315,19.71,0.5062,0.6029,0.5286,Very Low
CENTRAL BANGALORE,12.972065,77.5762,19.71,0.5158,0.6029,0.5286,Very Low
CENTRAL BANGALORE,12.962279,77.578545,19.69,0.5173,0.6368,0.4788,Very Low
CENTRAL BANGALORE,12.969608,77.57228,19.67,0.4703,0.6029,0.5286,Very Low
CENTRAL BANGALORE,12.972724,77.57209,19.65,0.441,0.6029,0.5286,Very Low
CENTRAL BANGALORE,12.972101,77.5787,19.64,0.5313,0.6029,0.5286,Very Low
SOUTH BANGALORE,12.93645,77.57539,19.57,0.5005,0.73,0.3333,Very Low
CENTRAL BANGALORE,12.980958,77.59723,19.56,0.5037,0.5635,0.5843,Very Low
CENTRAL BANGALORE,12.964909,77.569626,19.56,0.5643,0.6029,0.5286,Very Low
CENTRAL BANGALORE,12.971955,77.57285,19.54,0.4418,0.6029,0.5286,Very Low
EAST BANGALORE,12.959883,77.70307,19.52,0.4833,0.6205,0.5031,Very Low
CENTRAL BANGALORE,12.964414,77.57574,19.47,0.4785,0.6029,0.5286,Very Low
CENTRAL BANGALORE,12.999228,77.57788,19.45,0.4646,0.5841,0.5556,Very Low
CENTRAL BANGALORE,12.970179,77.578804,19.43,0.5437,0.6029,0.5286,Very Low
CENTRAL BANGALORE,12.97092,77.57994,19.39,0.518,0.6029,0.5286,Very Low
SOUTH BANGALORE,12.92509,77.58374,19.37,0.4955,0.6668,0.4334,Very Low
CENTRAL BANGALORE,12.968121,77.57528,19.35,0.4358,0.5635,0.5843,Very Low
CENTRAL BANGALORE,12.985249,77.6018,19.32,0.5756,0.6368,0.4788,Very Low
CENTRAL BANGALORE,12.984597,77.60262,19.32,0.5718,0.7064,0.3715,Very Low
WEST BANGALORE,12.972644,77.57913,19.28,0.4887,0.6029,0.5286,Very Low
CENTRAL BANGALORE,12.964591,77.57343,19.25,0.497,0.6029,0.5286,Very Low
SOUTHEAST / IT CORRIDOR,12.83906,77.65901,19.19,0.4912,0.5635,0.5843,Very Low
SOUTHEAST / IT CORRIDOR,12.91781,77.604164,19.13,0.5012,0.5635,0.5843,Very Low
SOUTHEAST / IT CORRIDOR,12.918614,77.605934,19.13,0.5503,0.5635,0.5843,Very Low
WEST BANGALORE,12.999255,77.57034,19.12,0.4311,0.5841,0.5556,Very Low
CENTRAL BANGALORE,12.96972,77.57586,19.09,0.4869,0.6029,0.5286,Very Low
CENTRAL BANGALORE,12.985673,77.60453,19.09,0.6028,0.6368,0.4788,Very Low
CENTRAL BANGALORE,12.97426,77.5784,19.07,0.4013,0.6029,0.5286,Very Low
WEST BANGALORE,12.973777,77.57474,19.06,0.4617,0.6029,0.5286,Very Low
SOUTH BANGALORE,12.926302,77.58518,19.06,0.4285,0.6668,0.4334,Very Low
SOUTH BANGALORE,12.934964,77.5753,19.01,0.4251,0.73,0.3333,Very Low
CENTRAL BANGALORE,12.972318,77.57741,19.01,0.4619,0.6029,0.5286,Very Low
WEST BANGALORE,13.00146,77.571304,18.97,0.4049,0.5841,0.5556,Very Low
CENTRAL BANGALORE,12.975248,77.57626,18.96,0.4122,0.6368,0.4788,Very Low
CENTRAL BANGALORE,12.968071,77.56935,18.94,0.5079,0.5155,0.6486,Very Low
CENTRAL BANGALORE,12.969755,77.57617,18.93,0.447,0.6029,0.5286,Very Low
CENTRAL BANGALORE,12.966585,77.584145,18.92,0.5028,0.6029,0.5286,Very Low
AIRPORT & PERIPHERAL ZONES,13.1989,77.711754,18.86,0.4807,0.5408,0.6151,Very Low
CENTRAL BANGALORE,12.987672,77.59856,18.71,0.5155,0.5635,0.5843,Very Low
CENTRAL BANGALORE,12.972318,77.57741,18.7,0.4593,0.6029,0.5286,Very Low
CENTRAL BANGALORE,12.966305,77.572266,18.69,0.4784,0.6029,0.5286,Very Low
CENTRAL BANGALORE,12.953418,77.582436,18.69,0.5614,0.5408,0.6151,Very Low
SOUTHEAST / IT CORRIDOR,12.928821,77.62156,18.66,0.4474,0.8188,0.1835,Very Low
EAST BANGALORE,12.956914,77.702255,18.65,0.3831,0.6522,0.4557,Very Low
CENTRAL BANGALORE,12.972112,77.57347,18.59,0.4648,0.6029,0.5286,Very Low
SOUTHEAST / IT CORRIDOR,12.92988,77.621994,18.53,0.4115,0.8188,0.1835,Very Low
SOUTHEAST / IT CORRIDOR,12.930867,77.622375,18.53,0.4137,0.8188,0.1835,Very Low
WEST BANGALORE,12.995642,77.54618,18.52,0.5694,0.6205,0.5031,Very Low
CENTRAL BANGALORE,12.983043,77.60585,18.5,0.5529,0.7064,0.3715,Very Low
CENTRAL BANGALORE,12.975001,77.57675,18.49,0.4035,0.6368,0.4788,Very Low
CENTRAL BANGALORE,12.966224,77.57384,18.47,0.4851,0.6029,0.5286,Very Low
LOGISTICS / HIGH TRAFFIC ZONES,12.969493,77.74891,18.43,0.4282,0.7412,0.3151,Very Low
CENTRAL BANGALORE,12.970608,77.5751,18.4,0.4983,0.6029,0.5286,Very Low
CENTRAL BANGALORE,12.974167,77.572624,18.39,0.4595,0.6029,0.5286,Very Low
CENTRAL BANGALORE,12.975407,77.57583,18.38,0.3756,0.6368,0.4788,Very Low
WEST BANGALORE,12.971027,77.576324,18.38,0.477,0.6368,0.4788,Very Low
CENTRAL BANGALORE,12.973435,77.5802,18.36,0.3997,0.6029,0.5286,Very Low
CENTRAL BANGALORE,12.97548,77.57529,18.31,0.3956,0.6368,0.4788,Very Low
CENTRAL BANGALORE,12.980941,77.593704,18.15,0.5507,0.5635,0.5843,Very Low
CENTRAL BANGALORE,12.973101,77.57424,18.14,0.4459,0.6029,0.5286,Very Low
CENTRAL BANGALORE,12.96461,77.5737,18.13,0.5113,0.6029,0.5286,Very Low
CENTRAL BANGALORE,12.97078,77.57423,18.12,0.4036,0.6029,0.5286,Very Low
SOUTH BANGALORE,12.936844,77.57338,18.12,0.4752,0.6668,0.4334,Very Low
CENTRAL BANGALORE,12.964582,77.575836,18.06,0.5278,0.6029,0.5286,Very Low
CENTRAL BANGALORE,12.974308,77.57823,17.99,0.4512,0.6029,0.5286,Very Low
LOGISTICS / HIGH TRAFFIC ZONES,12.969008,77.74881,17.85,0.4794,0.7412,0.3151,Very Low
CENTRAL BANGALORE,12.975605,77.57608,17.85,0.4128,0.6368,0.4788,Very Low
CENTRAL BANGALORE,12.964591,77.57343,17.83,0.5407,0.6029,0.5286,Very Low
CENTRAL BANGALORE,12.973126,77.58108,17.83,0.4543,0.5635,0.5843,Very Low
CENTRAL BANGALORE,12.974548,77.57465,17.82,0.3598,0.6029,0.5286,Very Low
CENTRAL BANGALORE,12.975202,77.574615,17.75,0.3253,0.6029,0.5286,Very Low
CENTRAL BANGALORE,12.980818,77.59378,17.69,0.5192,0.5635,0.5843,Very Low
CENTRAL BANGALORE,12.954479,77.58393,17.66,0.453,0.5408,0.6151,Very Low
CENTRAL BANGALORE,12.975554,77.57473,17.66,0.395,0.6029,0.5286,Very Low
CENTRAL BANGALORE,12.975382,77.575966,17.4,0.3663,0.6368,0.4788,Very Low
CENTRAL BANGALORE,12.963501,77.56809,17.24,0.4545,0.6029,0.5286,Very Low
NORTH BANGALORE,13.04358,77.59053,16.93,0.4221,0.6205,0.5031,Very Low
SOUTH BANGALORE,12.924422,77.58541,16.84,0.4681,0.6368,0.4788,Very Low
CENTRAL BANGALORE,12.972594,77.57418,16.81,0.4504,0.6029,0.5286,Very Low
CENTRAL BANGALORE,12.966161,77.57322,16.18,0.4621,0.6029,0.5286,Very Low
CENTRAL BANGALORE,12.978392,77.57718,14.79,0.4143,0.5408,0.6151,Very Low
WEST BANGALORE,12.998816,77.571365,14.5,0.3398,0.5841,0.5556,Very Low
